[INFO] [launch]: All log files can be found below /home/matt/.ros/log/2026-08-31-01-42-37-392114-main-1852215
[INFO] [launch]: Default logging verbosity is set to INFO
[INFO] [microxrce_agent-1]: process started with pid [1852216]
[INFO] [px4_sitl-2]: process started with pid [1852218]
[INFO] [autopilot_sv_cbf_rate_node-3]: process started with pid [1852220]
[INFO] [synthetic_obstacle_publisher-4]: process started with pid [1852222]
[INFO] [px4_odom_bridge_node-5]: process started with pid [1852224]
[px4_sitl-2] 
[px4_sitl-2] ______  __   __    ___ 
[px4_sitl-2] | ___ \ \ \ / /   /   |
[px4_sitl-2] | |_/ /  \ V /   / /| |
[px4_sitl-2] |  __/   /   \  / /_| |
[px4_sitl-2] | |     / /^\ \ \___  |
[px4_sitl-2] \_|     \/   \/     |_/
[px4_sitl-2] 
[px4_sitl-2] px4 starting.
[px4_sitl-2] 
[px4_sitl-2] INFO  [px4] startup script: /bin/sh etc/init.d-posix/rcS 0
[px4_sitl-2] env SYS_AUTOSTART: 4001
[px4_sitl-2] INFO  [param] selected parameter default file parameters.bson
[px4_sitl-2] INFO  [param] importing from 'parameters.bson'
[px4_sitl-2] INFO  [parameters] BSON document size 354 bytes, decoded 354 bytes (INT32:15, FLOAT:3)
[px4_sitl-2] INFO  [param] selected parameter backup file parameters_backup.bson
[autopilot_sv_cbf_rate_node-3] [WARN] [1788154958.084202699] [uav_0.autopilot_sv_cbf_rate_node]: T reset to hover thrust 20.2478N (reason: construction)
[autopilot_sv_cbf_rate_node-3] [INFO] [1788154958.085985079] [uav_0.autopilot_sv_cbf_rate_node]: PENN+GAT model loaded from /home/matt/arc_2026/install/single_vehicle_cbf_rate_arc/share/single_vehicle_cbf_rate_arc/nn_model/checkpoint/gat_penn_weights.pt
[autopilot_sv_cbf_rate_node-3] [INFO] [1788154958.093931192] [uav_0.autopilot_sv_cbf_rate_node]: single_vehicle_cbf_rate_node started: control_rate=100.0Hz (dt=0.0100s), T_min=4.700N T_max=36.148N
[px4_odom_bridge_node-5] [INFO] [1788154958.212630893] [uav_0.px4_odom_bridge_node]: px4_odom_bridge_node started (NED fmu/out/vehicle_odometry -> ENU state_estimator/local_position/odom)
[synthetic_obstacle_publisher-4] [INFO] [1788154958.239734496] [uav_0.synthetic_obstacle_publisher]: synthetic_obstacle_publisher started: 3 obstacle(s) on /arc/obstacles at 10.0 Hz, frame_id="map", sensing envelope max_range_m=8.0 z=[0.1,2.5]
[synthetic_obstacle_publisher-4] [WARN] [1788154958.324076773] [uav_0.synthetic_obstacle_publisher]: No odometry yet -- cannot evaluate the sensing envelope, publishing no obstacles
[px4_sitl-2] INFO  [dataman] data manager file './dataman' size is 1208528 bytes
[px4_sitl-2] INFO  [init] Gazebo simulator 8.14.0
[synthetic_obstacle_publisher-4] [WARN] [1788154960.424037251] [uav_0.synthetic_obstacle_publisher]: No odometry yet -- cannot evaluate the sensing envelope, publishing no obstacles
[px4_sitl-2] INFO  [init] Starting gazebo with world: /home/matt/PX4-Autopilot/Tools/simulation/gz/worlds/default.sdf
[INFO] [ground_station_stub_node-6]: process started with pid [1852485]
[synthetic_obstacle_publisher-4] [WARN] [1788154962.523953077] [uav_0.synthetic_obstacle_publisher]: No odometry yet -- cannot evaluate the sensing envelope, publishing no obstacles
[px4_sitl-2] INFO  [init] Waiting for Gazebo world...
[ground_station_stub_node-6] [INFO] [1788154963.271519711] [uav_0.ground_station_stub_node]: ground_station_stub_node started: waypoint=(0.0, 5.5, 1.5), first arm attempt in 5.0s, retrying every 1.0s until armed
[autopilot_sv_cbf_rate_node-3] [INFO] [1788154963.342090241] [uav_0.autopilot_sv_cbf_rate_node]: goal_waypoint received: [0.000, 5.500, 1.500] (overrides waypoint_x/y/z params)
[autopilot_sv_cbf_rate_node-3] [INFO] [1788154963.442009150] [uav_0.autopilot_sv_cbf_rate_node]: goal_waypoint received: [0.000, 5.500, 1.500] (overrides waypoint_x/y/z params)
[autopilot_sv_cbf_rate_node-3] [INFO] [1788154963.541980858] [uav_0.autopilot_sv_cbf_rate_node]: goal_waypoint received: [0.000, 5.500, 1.500] (overrides waypoint_x/y/z params)
[autopilot_sv_cbf_rate_node-3] [INFO] [1788154963.641900367] [uav_0.autopilot_sv_cbf_rate_node]: goal_waypoint received: [0.000, 5.500, 1.500] (overrides waypoint_x/y/z params)
[autopilot_sv_cbf_rate_node-3] [INFO] [1788154963.741920275] [uav_0.autopilot_sv_cbf_rate_node]: goal_waypoint received: [0.000, 5.500, 1.500] (overrides waypoint_x/y/z params)
[autopilot_sv_cbf_rate_node-3] [INFO] [1788154963.841945483] [uav_0.autopilot_sv_cbf_rate_node]: goal_waypoint received: [0.000, 5.500, 1.500] (overrides waypoint_x/y/z params)
[autopilot_sv_cbf_rate_node-3] [INFO] [1788154963.941983291] [uav_0.autopilot_sv_cbf_rate_node]: goal_waypoint received: [0.000, 5.500, 1.500] (overrides waypoint_x/y/z params)
[autopilot_sv_cbf_rate_node-3] [INFO] [1788154964.042014400] [uav_0.autopilot_sv_cbf_rate_node]: goal_waypoint received: [0.000, 5.500, 1.500] (overrides waypoint_x/y/z params)
[autopilot_sv_cbf_rate_node-3] [INFO] [1788154964.141941812] [uav_0.autopilot_sv_cbf_rate_node]: goal_waypoint received: [0.000, 5.500, 1.500] (overrides waypoint_x/y/z params)
[autopilot_sv_cbf_rate_node-3] [INFO] [1788154964.241926523] [uav_0.autopilot_sv_cbf_rate_node]: goal_waypoint received: [0.000, 5.500, 1.500] (overrides waypoint_x/y/z params)
[autopilot_sv_cbf_rate_node-3] [INFO] [1788154964.342009034] [uav_0.autopilot_sv_cbf_rate_node]: goal_waypoint received: [0.000, 5.500, 1.500] (overrides waypoint_x/y/z params)
[autopilot_sv_cbf_rate_node-3] [INFO] [1788154964.441918046] [uav_0.autopilot_sv_cbf_rate_node]: goal_waypoint received: [0.000, 5.500, 1.500] (overrides waypoint_x/y/z params)
[synthetic_obstacle_publisher-4] [WARN] [1788154964.523961153] [uav_0.synthetic_obstacle_publisher]: No odometry yet -- cannot evaluate the sensing envelope, publishing no obstacles
[autopilot_sv_cbf_rate_node-3] [INFO] [1788154964.542000457] [uav_0.autopilot_sv_cbf_rate_node]: goal_waypoint received: [0.000, 5.500, 1.500] (overrides waypoint_x/y/z params)
[autopilot_sv_cbf_rate_node-3] [INFO] [1788154964.641872070] [uav_0.autopilot_sv_cbf_rate_node]: goal_waypoint received: [0.000, 5.500, 1.500] (overrides waypoint_x/y/z params)
[autopilot_sv_cbf_rate_node-3] [INFO] [1788154964.741919081] [uav_0.autopilot_sv_cbf_rate_node]: goal_waypoint received: [0.000, 5.500, 1.500] (overrides waypoint_x/y/z params)
[autopilot_sv_cbf_rate_node-3] [INFO] [1788154964.841944592] [uav_0.autopilot_sv_cbf_rate_node]: goal_waypoint received: [0.000, 5.500, 1.500] (overrides waypoint_x/y/z params)
[autopilot_sv_cbf_rate_node-3] [INFO] [1788154964.941924104] [uav_0.autopilot_sv_cbf_rate_node]: goal_waypoint received: [0.000, 5.500, 1.500] (overrides waypoint_x/y/z params)
[autopilot_sv_cbf_rate_node-3] [INFO] [1788154965.041932416] [uav_0.autopilot_sv_cbf_rate_node]: goal_waypoint received: [0.000, 5.500, 1.500] (overrides waypoint_x/y/z params)
[autopilot_sv_cbf_rate_node-3] [INFO] [1788154965.141901431] [uav_0.autopilot_sv_cbf_rate_node]: goal_waypoint received: [0.000, 5.500, 1.500] (overrides waypoint_x/y/z params)
[autopilot_sv_cbf_rate_node-3] [INFO] [1788154965.241911646] [uav_0.autopilot_sv_cbf_rate_node]: goal_waypoint received: [0.000, 5.500, 1.500] (overrides waypoint_x/y/z params)
[autopilot_sv_cbf_rate_node-3] [INFO] [1788154965.341949960] [uav_0.autopilot_sv_cbf_rate_node]: goal_waypoint received: [0.000, 5.500, 1.500] (overrides waypoint_x/y/z params)
[autopilot_sv_cbf_rate_node-3] [INFO] [1788154965.441866376] [uav_0.autopilot_sv_cbf_rate_node]: goal_waypoint received: [0.000, 5.500, 1.500] (overrides waypoint_x/y/z params)
[autopilot_sv_cbf_rate_node-3] [INFO] [1788154965.542212487] [uav_0.autopilot_sv_cbf_rate_node]: goal_waypoint received: [0.000, 5.500, 1.500] (overrides waypoint_x/y/z params)
[autopilot_sv_cbf_rate_node-3] [INFO] [1788154965.641896305] [uav_0.autopilot_sv_cbf_rate_node]: goal_waypoint received: [0.000, 5.500, 1.500] (overrides waypoint_x/y/z params)
[autopilot_sv_cbf_rate_node-3] [INFO] [1788154965.742154917] [uav_0.autopilot_sv_cbf_rate_node]: goal_waypoint received: [0.000, 5.500, 1.500] (overrides waypoint_x/y/z params)
[autopilot_sv_cbf_rate_node-3] [INFO] [1788154965.842035633] [uav_0.autopilot_sv_cbf_rate_node]: goal_waypoint received: [0.000, 5.500, 1.500] (overrides waypoint_x/y/z params)
[autopilot_sv_cbf_rate_node-3] [INFO] [1788154965.941935049] [uav_0.autopilot_sv_cbf_rate_node]: goal_waypoint received: [0.000, 5.500, 1.500] (overrides waypoint_x/y/z params)
[autopilot_sv_cbf_rate_node-3] [INFO] [1788154966.041951564] [uav_0.autopilot_sv_cbf_rate_node]: goal_waypoint received: [0.000, 5.500, 1.500] (overrides waypoint_x/y/z params)
[px4_sitl-2] INFO  [init] Gazebo world is ready
[px4_sitl-2] INFO  [init] Spawning Gazebo model
[autopilot_sv_cbf_rate_node-3] [INFO] [1788154966.141989482] [uav_0.autopilot_sv_cbf_rate_node]: goal_waypoint received: [0.000, 5.500, 1.500] (overrides waypoint_x/y/z params)
[autopilot_sv_cbf_rate_node-3] [INFO] [1788154966.242058099] [uav_0.autopilot_sv_cbf_rate_node]: goal_waypoint received: [0.000, 5.500, 1.500] (overrides waypoint_x/y/z params)
[autopilot_sv_cbf_rate_node-3] [INFO] [1788154966.342139117] [uav_0.autopilot_sv_cbf_rate_node]: goal_waypoint received: [0.000, 5.500, 1.500] (overrides waypoint_x/y/z params)
[autopilot_sv_cbf_rate_node-3] [INFO] [1788154966.441990436] [uav_0.autopilot_sv_cbf_rate_node]: goal_waypoint received: [0.000, 5.500, 1.500] (overrides waypoint_x/y/z params)
[px4_sitl-2] [1;33mWarning [Utils.cc:132][0m [/sdf/model[@name="x500_base"]/link[@name="base_link"]/sensor[@name="air_pressure_sensor"]/gz_frame_id:/home/matt/PX4-Autopilot/Tools/simulation/gz/models/x500_base/model.sdf:L219]: XML Element[gz_frame_id], child of element[sensor], not defined in SDF. Copying[gz_frame_id] as children of [sensor].
[px4_sitl-2] [1;33mWarning [Utils.cc:132][0m [/sdf/model[@name="x500_base"]/link[@name="base_link"]/sensor[@name="magnetometer_sensor"]/gz_frame_id:/home/matt/PX4-Autopilot/Tools/simulation/gz/models/x500_base/model.sdf:L233]: XML Element[gz_frame_id], child of element[sensor], not defined in SDF. Copying[gz_frame_id] as children of [sensor].
[px4_sitl-2] [1;33mWarning [Utils.cc:132][0m [/sdf/model[@name="x500_base"]/link[@name="base_link"]/sensor[@name="imu_sensor"]/gz_frame_id:/home/matt/PX4-Autopilot/Tools/simulation/gz/models/x500_base/model.sdf:L259]: XML Element[gz_frame_id], child of element[sensor], not defined in SDF. Copying[gz_frame_id] as children of [sensor].
[px4_sitl-2] [1;33mWarning [Utils.cc:132][0m [/sdf/model[@name="x500_base"]/link[@name="base_link"]/sensor[@name="navsat_sensor"]/gz_frame_id:/home/matt/PX4-Autopilot/Tools/simulation/gz/models/x500_base/model.sdf:L311]: XML Element[gz_frame_id], child of element[sensor], not defined in SDF. Copying[gz_frame_id] as children of [sensor].
[synthetic_obstacle_publisher-4] [WARN] [1788154966.523969149] [uav_0.synthetic_obstacle_publisher]: No odometry yet -- cannot evaluate the sensing envelope, publishing no obstacles
[autopilot_sv_cbf_rate_node-3] [INFO] [1788154966.541937655] [uav_0.autopilot_sv_cbf_rate_node]: goal_waypoint received: [0.000, 5.500, 1.500] (overrides waypoint_x/y/z params)
[autopilot_sv_cbf_rate_node-3] [INFO] [1788154966.642109371] [uav_0.autopilot_sv_cbf_rate_node]: goal_waypoint received: [0.000, 5.500, 1.500] (overrides waypoint_x/y/z params)
[autopilot_sv_cbf_rate_node-3] [INFO] [1788154966.741865992] [uav_0.autopilot_sv_cbf_rate_node]: goal_waypoint received: [0.000, 5.500, 1.500] (overrides waypoint_x/y/z params)
[autopilot_sv_cbf_rate_node-3] [INFO] [1788154966.842194106] [uav_0.autopilot_sv_cbf_rate_node]: goal_waypoint received: [0.000, 5.500, 1.500] (overrides waypoint_x/y/z params)
[autopilot_sv_cbf_rate_node-3] [INFO] [1788154966.941927227] [uav_0.autopilot_sv_cbf_rate_node]: goal_waypoint received: [0.000, 5.500, 1.500] (overrides waypoint_x/y/z params)
[autopilot_sv_cbf_rate_node-3] [INFO] [1788154967.041886347] [uav_0.autopilot_sv_cbf_rate_node]: goal_waypoint received: [0.000, 5.500, 1.500] (overrides waypoint_x/y/z params)
[autopilot_sv_cbf_rate_node-3] [INFO] [1788154967.141949567] [uav_0.autopilot_sv_cbf_rate_node]: goal_waypoint received: [0.000, 5.500, 1.500] (overrides waypoint_x/y/z params)
[autopilot_sv_cbf_rate_node-3] [INFO] [1788154967.241881689] [uav_0.autopilot_sv_cbf_rate_node]: goal_waypoint received: [0.000, 5.500, 1.500] (overrides waypoint_x/y/z params)
[autopilot_sv_cbf_rate_node-3] [INFO] [1788154967.341896711] [uav_0.autopilot_sv_cbf_rate_node]: goal_waypoint received: [0.000, 5.500, 1.500] (overrides waypoint_x/y/z params)
[autopilot_sv_cbf_rate_node-3] [INFO] [1788154967.441785333] [uav_0.autopilot_sv_cbf_rate_node]: goal_waypoint received: [0.000, 5.500, 1.500] (overrides waypoint_x/y/z params)
[px4_sitl-2] INFO  [lockstep_scheduler] setting initial absolute time to 4188000 us
[px4_sitl-2] INFO  [gz_bridge] world: default, model: x500_0
[autopilot_sv_cbf_rate_node-3] [INFO] [1788154967.541900853] [uav_0.autopilot_sv_cbf_rate_node]: goal_waypoint received: [0.000, 5.500, 1.500] (overrides waypoint_x/y/z params)
[autopilot_sv_cbf_rate_node-3] [INFO] [1788154967.641943574] [uav_0.autopilot_sv_cbf_rate_node]: goal_waypoint received: [0.000, 5.500, 1.500] (overrides waypoint_x/y/z params)
[autopilot_sv_cbf_rate_node-3] [INFO] [1788154967.741931896] [uav_0.autopilot_sv_cbf_rate_node]: goal_waypoint received: [0.000, 5.500, 1.500] (overrides waypoint_x/y/z params)
[autopilot_sv_cbf_rate_node-3] [INFO] [1788154967.841902817] [uav_0.autopilot_sv_cbf_rate_node]: goal_waypoint received: [0.000, 5.500, 1.500] (overrides waypoint_x/y/z params)
[autopilot_sv_cbf_rate_node-3] [INFO] [1788154967.941887939] [uav_0.autopilot_sv_cbf_rate_node]: goal_waypoint received: [0.000, 5.500, 1.500] (overrides waypoint_x/y/z params)
[px4_sitl-2] INFO  [commander] LED: open /dev/led0 failed (22)
[px4_sitl-2] WARN  [health_and_arming_checks] Preflight Fail: ekf2 missing data
[autopilot_sv_cbf_rate_node-3] [INFO] [1788154968.041950561] [uav_0.autopilot_sv_cbf_rate_node]: goal_waypoint received: [0.000, 5.500, 1.500] (overrides waypoint_x/y/z params)
[autopilot_sv_cbf_rate_node-3] [INFO] [1788154968.142040084] [uav_0.autopilot_sv_cbf_rate_node]: goal_waypoint received: [0.000, 5.500, 1.500] (overrides waypoint_x/y/z params)
[autopilot_sv_cbf_rate_node-3] [INFO] [1788154968.241973710] [uav_0.autopilot_sv_cbf_rate_node]: goal_waypoint received: [0.000, 5.500, 1.500] (overrides waypoint_x/y/z params)
[ground_station_stub_node-6] [INFO] [1788154968.242412805] [uav_0.ground_station_stub_node]: Switching to offboard mode
[ground_station_stub_node-6] [INFO] [1788154968.242761501] [uav_0.ground_station_stub_node]: Arm command sent
[autopilot_sv_cbf_rate_node-3] [INFO] [1788154968.341936635] [uav_0.autopilot_sv_cbf_rate_node]: goal_waypoint received: [0.000, 5.500, 1.500] (overrides waypoint_x/y/z params)
[autopilot_sv_cbf_rate_node-3] [INFO] [1788154968.442037158] [uav_0.autopilot_sv_cbf_rate_node]: goal_waypoint received: [0.000, 5.500, 1.500] (overrides waypoint_x/y/z params)
[synthetic_obstacle_publisher-4] [WARN] [1788154968.524278374] [uav_0.synthetic_obstacle_publisher]: No odometry yet -- cannot evaluate the sensing envelope, publishing no obstacles
[autopilot_sv_cbf_rate_node-3] [INFO] [1788154968.541908984] [uav_0.autopilot_sv_cbf_rate_node]: goal_waypoint received: [0.000, 5.500, 1.500] (overrides waypoint_x/y/z params)
[autopilot_sv_cbf_rate_node-3] [INFO] [1788154968.642100707] [uav_0.autopilot_sv_cbf_rate_node]: goal_waypoint received: [0.000, 5.500, 1.500] (overrides waypoint_x/y/z params)
[autopilot_sv_cbf_rate_node-3] [INFO] [1788154968.741903533] [uav_0.autopilot_sv_cbf_rate_node]: goal_waypoint received: [0.000, 5.500, 1.500] (overrides waypoint_x/y/z params)
[px4_sitl-2] INFO  [tone_alarm] home set
[px4_sitl-2] INFO  [uxrce_dds_client] init UDP agent IP:127.0.0.1, port:8888
[autopilot_sv_cbf_rate_node-3] [INFO] [1788154968.841787159] [uav_0.autopilot_sv_cbf_rate_node]: goal_waypoint received: [0.000, 5.500, 1.500] (overrides waypoint_x/y/z params)
[autopilot_sv_cbf_rate_node-3] [INFO] [1788154968.941890583] [uav_0.autopilot_sv_cbf_rate_node]: goal_waypoint received: [0.000, 5.500, 1.500] (overrides waypoint_x/y/z params)
[autopilot_sv_cbf_rate_node-3] [INFO] [1788154969.041834409] [uav_0.autopilot_sv_cbf_rate_node]: goal_waypoint received: [0.000, 5.500, 1.500] (overrides waypoint_x/y/z params)
[autopilot_sv_cbf_rate_node-3] [INFO] [1788154969.142132034] [uav_0.autopilot_sv_cbf_rate_node]: goal_waypoint received: [0.000, 5.500, 1.500] (overrides waypoint_x/y/z params)
[px4_sitl-2] INFO  [mavlink] mode: Normal, data rate: 4000000 B/s on udp port 18570 remote port 14550
[autopilot_sv_cbf_rate_node-3] [INFO] [1788154969.241886764] [uav_0.autopilot_sv_cbf_rate_node]: goal_waypoint received: [0.000, 5.500, 1.500] (overrides waypoint_x/y/z params)
[autopilot_sv_cbf_rate_node-3] [INFO] [1788154969.341970991] [uav_0.autopilot_sv_cbf_rate_node]: goal_waypoint received: [0.000, 5.500, 1.500] (overrides waypoint_x/y/z params)
[ground_station_stub_node-6] [INFO] [1788154969.342396487] [uav_0.ground_station_stub_node]: Switching to offboard mode
[ground_station_stub_node-6] [INFO] [1788154969.342791183] [uav_0.ground_station_stub_node]: Arm command sent
[px4_sitl-2] INFO  [mavlink] mode: Onboard, data rate: 4000000 B/s on udp port 14580 remote port 14540
[px4_sitl-2] INFO  [mavlink] mode: Onboard, data rate: 4000 B/s on udp port 14280 remote port 14030
[px4_sitl-2] INFO  [mavlink] mode: Gimbal, data rate: 400000 B/s on udp port 13030 remote port 13280
[autopilot_sv_cbf_rate_node-3] [INFO] [1788154969.441989919] [uav_0.autopilot_sv_cbf_rate_node]: goal_waypoint received: [0.000, 5.500, 1.500] (overrides waypoint_x/y/z params)
[autopilot_sv_cbf_rate_node-3] [INFO] [1788154969.541880648] [uav_0.autopilot_sv_cbf_rate_node]: goal_waypoint received: [0.000, 5.500, 1.500] (overrides waypoint_x/y/z params)
[px4_sitl-2] INFO  [logger] logger started (mode=all)
[px4_sitl-2] INFO  [logger] Start file log (type: full)
[px4_sitl-2] INFO  [logger] [logger] ./log/2026-08-31/05_42_49.ulg	
[px4_sitl-2] INFO  [logger] Opened full log file: ./log/2026-08-31/05_42_49.ulg
[px4_sitl-2] INFO  [mavlink] MAVLink only on localhost (set param MAV_{i}_BROADCAST = 1 to enable network)
[px4_sitl-2] INFO  [mavlink] MAVLink only on localhost (set param MAV_{i}_BROADCAST = 1 to enable network)
[px4_sitl-2] INFO  [px4] Startup script returned successfully
[autopilot_sv_cbf_rate_node-3] [INFO] [1788154969.641925176] [uav_0.autopilot_sv_cbf_rate_node]: goal_waypoint received: [0.000, 5.500, 1.500] (overrides waypoint_x/y/z params)
[autopilot_sv_cbf_rate_node-3] [INFO] [1788154969.741823405] [uav_0.autopilot_sv_cbf_rate_node]: goal_waypoint received: [0.000, 5.500, 1.500] (overrides waypoint_x/y/z params)
[autopilot_sv_cbf_rate_node-3] [INFO] [1788154969.841836732] [uav_0.autopilot_sv_cbf_rate_node]: goal_waypoint received: [0.000, 5.500, 1.500] (overrides waypoint_x/y/z params)
[autopilot_sv_cbf_rate_node-3] [INFO] [1788154969.942145457] [uav_0.autopilot_sv_cbf_rate_node]: goal_waypoint received: [0.000, 5.500, 1.500] (overrides waypoint_x/y/z params)
[autopilot_sv_cbf_rate_node-3] [INFO] [1788154970.041852589] [uav_0.autopilot_sv_cbf_rate_node]: goal_waypoint received: [0.000, 5.500, 1.500] (overrides waypoint_x/y/z params)
[autopilot_sv_cbf_rate_node-3] [INFO] [1788154970.141985319] [uav_0.autopilot_sv_cbf_rate_node]: goal_waypoint received: [0.000, 5.500, 1.500] (overrides waypoint_x/y/z params)
[autopilot_sv_cbf_rate_node-3] [INFO] [1788154970.241841152] [uav_0.autopilot_sv_cbf_rate_node]: goal_waypoint received: [0.000, 5.500, 1.500] (overrides waypoint_x/y/z params)
[autopilot_sv_cbf_rate_node-3] [INFO] [1788154970.341936782] [uav_0.autopilot_sv_cbf_rate_node]: goal_waypoint received: [0.000, 5.500, 1.500] (overrides waypoint_x/y/z params)
[autopilot_sv_cbf_rate_node-3] [INFO] [1788154970.441893613] [uav_0.autopilot_sv_cbf_rate_node]: goal_waypoint received: [0.000, 5.500, 1.500] (overrides waypoint_x/y/z params)
[ground_station_stub_node-6] [INFO] [1788154970.442278109] [uav_0.ground_station_stub_node]: Switching to offboard mode
[ground_station_stub_node-6] [INFO] [1788154970.442621406] [uav_0.ground_station_stub_node]: Arm command sent
[autopilot_sv_cbf_rate_node-3] [INFO] [1788154970.542005643] [uav_0.autopilot_sv_cbf_rate_node]: goal_waypoint received: [0.000, 5.500, 1.500] (overrides waypoint_x/y/z params)
[synthetic_obstacle_publisher-4] [WARN] [1788154970.623943568] [uav_0.synthetic_obstacle_publisher]: No odometry yet -- cannot evaluate the sensing envelope, publishing no obstacles
[autopilot_sv_cbf_rate_node-3] [INFO] [1788154970.641897259] [uav_0.autopilot_sv_cbf_rate_node]: goal_waypoint received: [0.000, 5.500, 1.500] (overrides waypoint_x/y/z params)
[autopilot_sv_cbf_rate_node-3] [INFO] [1788154970.741960468] [uav_0.autopilot_sv_cbf_rate_node]: goal_waypoint received: [0.000, 5.500, 1.500] (overrides waypoint_x/y/z params)
[autopilot_sv_cbf_rate_node-3] [INFO] [1788154970.841860779] [uav_0.autopilot_sv_cbf_rate_node]: goal_waypoint received: [0.000, 5.500, 1.500] (overrides waypoint_x/y/z params)
[autopilot_sv_cbf_rate_node-3] [INFO] [1788154970.941917587] [uav_0.autopilot_sv_cbf_rate_node]: goal_waypoint received: [0.000, 5.500, 1.500] (overrides waypoint_x/y/z params)
[autopilot_sv_cbf_rate_node-3] [INFO] [1788154971.041904998] [uav_0.autopilot_sv_cbf_rate_node]: goal_waypoint received: [0.000, 5.500, 1.500] (overrides waypoint_x/y/z params)
[autopilot_sv_cbf_rate_node-3] [INFO] [1788154971.141940310] [uav_0.autopilot_sv_cbf_rate_node]: goal_waypoint received: [0.000, 5.500, 1.500] (overrides waypoint_x/y/z params)
[autopilot_sv_cbf_rate_node-3] [INFO] [1788154971.241842124] [uav_0.autopilot_sv_cbf_rate_node]: goal_waypoint received: [0.000, 5.500, 1.500] (overrides waypoint_x/y/z params)
[autopilot_sv_cbf_rate_node-3] [INFO] [1788154971.342047834] [uav_0.autopilot_sv_cbf_rate_node]: goal_waypoint received: [0.000, 5.500, 1.500] (overrides waypoint_x/y/z params)
[px4_sitl-2] pxh> INFO  [commander] [32mReady for takeoff![0m
[autopilot_sv_cbf_rate_node-3] [INFO] [1788154971.441915549] [uav_0.autopilot_sv_cbf_rate_node]: goal_waypoint received: [0.000, 5.500, 1.500] (overrides waypoint_x/y/z params)
[ground_station_stub_node-6] [INFO] [1788154971.442341143] [uav_0.ground_station_stub_node]: Switching to offboard mode
[ground_station_stub_node-6] [INFO] [1788154971.442682139] [uav_0.ground_station_stub_node]: Arm command sent
[autopilot_sv_cbf_rate_node-3] [INFO] [1788154971.541814762] [uav_0.autopilot_sv_cbf_rate_node]: goal_waypoint received: [0.000, 5.500, 1.500] (overrides waypoint_x/y/z params)
[autopilot_sv_cbf_rate_node-3] [INFO] [1788154971.641880474] [uav_0.autopilot_sv_cbf_rate_node]: goal_waypoint received: [0.000, 5.500, 1.500] (overrides waypoint_x/y/z params)
[autopilot_sv_cbf_rate_node-3] [INFO] [1788154971.741869787] [uav_0.autopilot_sv_cbf_rate_node]: goal_waypoint received: [0.000, 5.500, 1.500] (overrides waypoint_x/y/z params)
[autopilot_sv_cbf_rate_node-3] [INFO] [1788154971.841849500] [uav_0.autopilot_sv_cbf_rate_node]: goal_waypoint received: [0.000, 5.500, 1.500] (overrides waypoint_x/y/z params)
[autopilot_sv_cbf_rate_node-3] [INFO] [1788154971.942100410] [uav_0.autopilot_sv_cbf_rate_node]: goal_waypoint received: [0.000, 5.500, 1.500] (overrides waypoint_x/y/z params)
[autopilot_sv_cbf_rate_node-3] [INFO] [1788154972.041836427] [uav_0.autopilot_sv_cbf_rate_node]: goal_waypoint received: [0.000, 5.500, 1.500] (overrides waypoint_x/y/z params)
[autopilot_sv_cbf_rate_node-3] [INFO] [1788154972.141888442] [uav_0.autopilot_sv_cbf_rate_node]: goal_waypoint received: [0.000, 5.500, 1.500] (overrides waypoint_x/y/z params)
[autopilot_sv_cbf_rate_node-3] [INFO] [1788154972.241950057] [uav_0.autopilot_sv_cbf_rate_node]: goal_waypoint received: [0.000, 5.500, 1.500] (overrides waypoint_x/y/z params)
[autopilot_sv_cbf_rate_node-3] [INFO] [1788154972.341871374] [uav_0.autopilot_sv_cbf_rate_node]: goal_waypoint received: [0.000, 5.500, 1.500] (overrides waypoint_x/y/z params)
[autopilot_sv_cbf_rate_node-3] [INFO] [1788154972.441992088] [uav_0.autopilot_sv_cbf_rate_node]: goal_waypoint received: [0.000, 5.500, 1.500] (overrides waypoint_x/y/z params)
[ground_station_stub_node-6] [INFO] [1788154972.442421983] [uav_0.ground_station_stub_node]: Switching to offboard mode
[ground_station_stub_node-6] [INFO] [1788154972.442775279] [uav_0.ground_station_stub_node]: Arm command sent
[autopilot_sv_cbf_rate_node-3] [INFO] [1788154972.541961405] [uav_0.autopilot_sv_cbf_rate_node]: goal_waypoint received: [0.000, 5.500, 1.500] (overrides waypoint_x/y/z params)
[synthetic_obstacle_publisher-4] [WARN] [1788154972.624112232] [uav_0.synthetic_obstacle_publisher]: No odometry yet -- cannot evaluate the sensing envelope, publishing no obstacles
[autopilot_sv_cbf_rate_node-3] [INFO] [1788154972.641862422] [uav_0.autopilot_sv_cbf_rate_node]: goal_waypoint received: [0.000, 5.500, 1.500] (overrides waypoint_x/y/z params)
[autopilot_sv_cbf_rate_node-3] [INFO] [1788154972.741909037] [uav_0.autopilot_sv_cbf_rate_node]: goal_waypoint received: [0.000, 5.500, 1.500] (overrides waypoint_x/y/z params)
[autopilot_sv_cbf_rate_node-3] [INFO] [1788154972.841889653] [uav_0.autopilot_sv_cbf_rate_node]: goal_waypoint received: [0.000, 5.500, 1.500] (overrides waypoint_x/y/z params)
[autopilot_sv_cbf_rate_node-3] [INFO] [1788154972.941988768] [uav_0.autopilot_sv_cbf_rate_node]: goal_waypoint received: [0.000, 5.500, 1.500] (overrides waypoint_x/y/z params)
[autopilot_sv_cbf_rate_node-3] [INFO] [1788154973.041856187] [uav_0.autopilot_sv_cbf_rate_node]: goal_waypoint received: [0.000, 5.500, 1.500] (overrides waypoint_x/y/z params)
[autopilot_sv_cbf_rate_node-3] [INFO] [1788154973.141906705] [uav_0.autopilot_sv_cbf_rate_node]: goal_waypoint received: [0.000, 5.500, 1.500] (overrides waypoint_x/y/z params)
[autopilot_sv_cbf_rate_node-3] [INFO] [1788154973.242211921] [uav_0.autopilot_sv_cbf_rate_node]: goal_waypoint received: [0.000, 5.500, 1.500] (overrides waypoint_x/y/z params)
[autopilot_sv_cbf_rate_node-3] [INFO] [1788154973.341886744] [uav_0.autopilot_sv_cbf_rate_node]: goal_waypoint received: [0.000, 5.500, 1.500] (overrides waypoint_x/y/z params)
[autopilot_sv_cbf_rate_node-3] [INFO] [1788154973.441908863] [uav_0.autopilot_sv_cbf_rate_node]: goal_waypoint received: [0.000, 5.500, 1.500] (overrides waypoint_x/y/z params)
[autopilot_sv_cbf_rate_node-3] [INFO] [1788154973.541985781] [uav_0.autopilot_sv_cbf_rate_node]: goal_waypoint received: [0.000, 5.500, 1.500] (overrides waypoint_x/y/z params)
[ground_station_stub_node-6] [INFO] [1788154973.542378277] [uav_0.ground_station_stub_node]: Switching to offboard mode
[ground_station_stub_node-6] [INFO] [1788154973.542712573] [uav_0.ground_station_stub_node]: Arm command sent
[autopilot_sv_cbf_rate_node-3] [INFO] [1788154973.641875502] [uav_0.autopilot_sv_cbf_rate_node]: goal_waypoint received: [0.000, 5.500, 1.500] (overrides waypoint_x/y/z params)
[autopilot_sv_cbf_rate_node-3] [INFO] [1788154973.741929320] [uav_0.autopilot_sv_cbf_rate_node]: goal_waypoint received: [0.000, 5.500, 1.500] (overrides waypoint_x/y/z params)
[autopilot_sv_cbf_rate_node-3] [INFO] [1788154973.842020238] [uav_0.autopilot_sv_cbf_rate_node]: goal_waypoint received: [0.000, 5.500, 1.500] (overrides waypoint_x/y/z params)
[autopilot_sv_cbf_rate_node-3] [INFO] [1788154973.942161456] [uav_0.autopilot_sv_cbf_rate_node]: goal_waypoint received: [0.000, 5.500, 1.500] (overrides waypoint_x/y/z params)
[autopilot_sv_cbf_rate_node-3] [INFO] [1788154974.042047777] [uav_0.autopilot_sv_cbf_rate_node]: goal_waypoint received: [0.000, 5.500, 1.500] (overrides waypoint_x/y/z params)
[autopilot_sv_cbf_rate_node-3] [INFO] [1788154974.141991201] [uav_0.autopilot_sv_cbf_rate_node]: goal_waypoint received: [0.000, 5.500, 1.500] (overrides waypoint_x/y/z params)
[autopilot_sv_cbf_rate_node-3] [INFO] [1788154974.242008023] [uav_0.autopilot_sv_cbf_rate_node]: goal_waypoint received: [0.000, 5.500, 1.500] (overrides waypoint_x/y/z params)
[autopilot_sv_cbf_rate_node-3] [INFO] [1788154974.342187243] [uav_0.autopilot_sv_cbf_rate_node]: goal_waypoint received: [0.000, 5.500, 1.500] (overrides waypoint_x/y/z params)
[autopilot_sv_cbf_rate_node-3] [INFO] [1788154974.442303264] [uav_0.autopilot_sv_cbf_rate_node]: goal_waypoint received: [0.000, 5.500, 1.500] (overrides waypoint_x/y/z params)
[autopilot_sv_cbf_rate_node-3] [INFO] [1788154974.541968291] [uav_0.autopilot_sv_cbf_rate_node]: goal_waypoint received: [0.000, 5.500, 1.500] (overrides waypoint_x/y/z params)
[autopilot_sv_cbf_rate_node-3] [INFO] [1788154974.642021912] [uav_0.autopilot_sv_cbf_rate_node]: goal_waypoint received: [0.000, 5.500, 1.500] (overrides waypoint_x/y/z params)
[ground_station_stub_node-6] [INFO] [1788154974.642628105] [uav_0.ground_station_stub_node]: Switching to offboard mode
[ground_station_stub_node-6] [INFO] [1788154974.643262598] [uav_0.ground_station_stub_node]: Arm command sent
[synthetic_obstacle_publisher-4] [WARN] [1788154974.723950348] [uav_0.synthetic_obstacle_publisher]: No odometry yet -- cannot evaluate the sensing envelope, publishing no obstacles
[autopilot_sv_cbf_rate_node-3] [INFO] [1788154974.742136833] [uav_0.autopilot_sv_cbf_rate_node]: goal_waypoint received: [0.000, 5.500, 1.500] (overrides waypoint_x/y/z params)
[px4_sitl-2] INFO  [uxrce_dds_client] synchronized with time offset 1788154963261185us
[autopilot_sv_cbf_rate_node-3] [INFO] [1788154974.842004257] [uav_0.autopilot_sv_cbf_rate_node]: goal_waypoint received: [0.000, 5.500, 1.500] (overrides waypoint_x/y/z params)
[px4_sitl-2] INFO  [uxrce_dds_client] successfully created rt/uav_0/fmu/out/register_ext_component_reply data writer, topic id: 205
[px4_sitl-2] INFO  [uxrce_dds_client] successfully created rt/uav_0/fmu/out/arming_check_request_v1 data writer, topic id: 16
[px4_sitl-2] INFO  [uxrce_dds_client] successfully created rt/uav_0/fmu/out/mode_completed data writer, topic id: 157
[px4_sitl-2] INFO  [uxrce_dds_client] successfully created rt/uav_0/fmu/out/battery_status_v1 data writer, topic id: 20
[px4_sitl-2] INFO  [uxrce_dds_client] successfully created rt/uav_0/fmu/out/collision_constraints data writer, topic id: 27
[px4_sitl-2] INFO  [uxrce_dds_client] successfully created rt/uav_0/fmu/out/estimator_status_flags data writer, topic id: 85
[px4_sitl-2] INFO  [uxrce_dds_client] successfully created rt/uav_0/fmu/out/failsafe_flags data writer, topic id: 91
[px4_sitl-2] INFO  [uxrce_dds_client] successfully created rt/uav_0/fmu/out/manual_control_setpoint data writer, topic id: 148
[px4_sitl-2] INFO  [uxrce_dds_client] successfully created rt/uav_0/fmu/out/message_format_response data writer, topic id: 154
[px4_sitl-2] INFO  [uxrce_dds_client] successfully created rt/uav_0/fmu/out/position_setpoint_triplet data writer, topic id: 192
[px4_sitl-2] INFO  [uxrce_dds_client] successfully created rt/uav_0/fmu/out/sensor_combined data writer, topic id: 225
[px4_sitl-2] INFO  [uxrce_dds_client] successfully created rt/uav_0/fmu/out/timesync_status data writer, topic id: 249
[px4_sitl-2] INFO  [uxrce_dds_client] successfully created rt/uav_0/fmu/out/transponder_report data writer, topic id: 252
[px4_sitl-2] INFO  [uxrce_dds_client] successfully created rt/uav_0/fmu/out/vehicle_land_detected data writer, topic id: 277
[px4_sitl-2] INFO  [uxrce_dds_client] successfully created rt/uav_0/fmu/out/vehicle_attitude data writer, topic id: 264
[px4_sitl-2] INFO  [uxrce_dds_client] successfully created rt/uav_0/fmu/out/vehicle_control_mode data writer, topic id: 271
[px4_sitl-2] INFO  [uxrce_dds_client] successfully created rt/uav_0/fmu/out/vehicle_command_ack data writer, topic id: 268
[px4_sitl-2] INFO  [uxrce_dds_client] successfully created rt/uav_0/fmu/out/vehicle_global_position data writer, topic id: 272
[px4_sitl-2] INFO  [uxrce_dds_client] successfully created rt/uav_0/fmu/out/vehicle_gps_position data writer, topic id: 274
[px4_sitl-2] INFO  [uxrce_dds_client] successfully created rt/uav_0/fmu/out/vehicle_local_position_v1 data writer, topic id: 278
[px4_sitl-2] INFO  [uxrce_dds_client] successfully created rt/uav_0/fmu/out/vehicle_odometry data writer, topic id: 283
[px4_sitl-2] INFO  [uxrce_dds_client] successfully created rt/uav_0/fmu/out/vehicle_status_v1 data writer, topic id: 288
[px4_sitl-2] INFO  [uxrce_dds_client] successfully created rt/uav_0/fmu/out/airspeed_validated_v1 data writer, topic id: 13
[px4_sitl-2] INFO  [uxrce_dds_client] successfully created rt/uav_0/fmu/out/vtol_vehicle_status data writer, topic id: 297
[px4_sitl-2] INFO  [uxrce_dds_client] successfully created rt/uav_0/fmu/out/home_position_v1 data writer, topic id: 128
[px4_sitl-2] INFO  [uxrce_dds_client] successfully created rt/uav_0/fmu/out/wind data writer, topic id: 299
[px4_sitl-2] INFO  [uxrce_dds_client] successfully created rt/uav_0/fmu/out/gimbal_device_attitude_status data writer, topic id: 110
[autopilot_sv_cbf_rate_node-3] [INFO] [1788154974.942068779] [uav_0.autopilot_sv_cbf_rate_node]: goal_waypoint received: [0.000, 5.500, 1.500] (overrides waypoint_x/y/z params)
[autopilot_sv_cbf_rate_node-3] [INFO] [1788154975.042008003] [uav_0.autopilot_sv_cbf_rate_node]: goal_waypoint received: [0.000, 5.500, 1.500] (overrides waypoint_x/y/z params)
[autopilot_sv_cbf_rate_node-3] [INFO] [1788154975.141865931] [uav_0.autopilot_sv_cbf_rate_node]: goal_waypoint received: [0.000, 5.500, 1.500] (overrides waypoint_x/y/z params)
[autopilot_sv_cbf_rate_node-3] [INFO] [1788154975.242015155] [uav_0.autopilot_sv_cbf_rate_node]: goal_waypoint received: [0.000, 5.500, 1.500] (overrides waypoint_x/y/z params)
[autopilot_sv_cbf_rate_node-3] [INFO] [1788154975.341927581] [uav_0.autopilot_sv_cbf_rate_node]: goal_waypoint received: [0.000, 5.500, 1.500] (overrides waypoint_x/y/z params)
[autopilot_sv_cbf_rate_node-3] [INFO] [1788154975.442001006] [uav_0.autopilot_sv_cbf_rate_node]: goal_waypoint received: [0.000, 5.500, 1.500] (overrides waypoint_x/y/z params)
[autopilot_sv_cbf_rate_node-3] [INFO] [1788154975.541978432] [uav_0.autopilot_sv_cbf_rate_node]: goal_waypoint received: [0.000, 5.500, 1.500] (overrides waypoint_x/y/z params)
[autopilot_sv_cbf_rate_node-3] [INFO] [1788154975.642133656] [uav_0.autopilot_sv_cbf_rate_node]: goal_waypoint received: [0.000, 5.500, 1.500] (overrides waypoint_x/y/z params)
[ground_station_stub_node-6] [INFO] [1788154975.642799648] [uav_0.ground_station_stub_node]: Switching to offboard mode
[ground_station_stub_node-6] [INFO] [1788154975.643300142] [uav_0.ground_station_stub_node]: Arm command sent
[px4_sitl-2] INFO  [commander] Armed by external command	
[px4_sitl-2] INFO  [tone_alarm] arming warning
[autopilot_sv_cbf_rate_node-3] [WARN] [1788154975.649889165] [uav_0.autopilot_sv_cbf_rate_node]: arming_state changed: DISARMED -> ARMED
[autopilot_sv_cbf_rate_node-3] [WARN] [1788154975.649936564] [uav_0.autopilot_sv_cbf_rate_node]: T reset to hover thrust 20.2478N (reason: re-armed)
[autopilot_sv_cbf_rate_node-3] [INFO] [1788154975.649966164] [uav_0.autopilot_sv_cbf_rate_node]: armed: holding current position [0.016, 0.007, 0.054] as goal
[px4_sitl-2] INFO  [commander] Takeoff detected	
[autopilot_sv_cbf_rate_node-3] [INFO] [1788154975.742192381] [uav_0.autopilot_sv_cbf_rate_node]: goal_waypoint received: [0.000, 5.500, 1.500] (overrides waypoint_x/y/z params)
[autopilot_sv_cbf_rate_node-3] [INFO] [1788154975.842161407] [uav_0.autopilot_sv_cbf_rate_node]: goal_waypoint received: [0.000, 5.500, 1.500] (overrides waypoint_x/y/z params)
[autopilot_sv_cbf_rate_node-3] [INFO] [1788154975.863912652] [uav_0.autopilot_sv_cbf_rate_node]: pos=[0.02 0.01 0.06]  T=25.795N  omega=[-2.639 -0.166 0.000]  certified=3 uncertified=0  delta=0.0000  gamma=5.000(fixed)  feasible=1
[autopilot_sv_cbf_rate_node-3] [INFO] [1788154975.942000035] [uav_0.autopilot_sv_cbf_rate_node]: goal_waypoint received: [0.000, 5.500, 1.500] (overrides waypoint_x/y/z params)
[autopilot_sv_cbf_rate_node-3] [INFO] [1788154976.041997961] [uav_0.autopilot_sv_cbf_rate_node]: goal_waypoint received: [0.000, 5.500, 1.500] (overrides waypoint_x/y/z params)
[autopilot_sv_cbf_rate_node-3] [INFO] [1788154976.142135089] [uav_0.autopilot_sv_cbf_rate_node]: goal_waypoint received: [0.000, 5.500, 1.500] (overrides waypoint_x/y/z params)
[autopilot_sv_cbf_rate_node-3] [INFO] [1788154976.242255916] [uav_0.autopilot_sv_cbf_rate_node]: goal_waypoint received: [0.000, 5.500, 1.500] (overrides waypoint_x/y/z params)
[autopilot_sv_cbf_rate_node-3] [INFO] [1788154976.342009548] [uav_0.autopilot_sv_cbf_rate_node]: goal_waypoint received: [0.000, 5.500, 1.500] (overrides waypoint_x/y/z params)
[autopilot_sv_cbf_rate_node-3] [INFO] [1788154976.441842879] [uav_0.autopilot_sv_cbf_rate_node]: goal_waypoint received: [0.000, 5.500, 1.500] (overrides waypoint_x/y/z params)
[autopilot_sv_cbf_rate_node-3] [INFO] [1788154976.541942507] [uav_0.autopilot_sv_cbf_rate_node]: goal_waypoint received: [0.000, 5.500, 1.500] (overrides waypoint_x/y/z params)
[autopilot_sv_cbf_rate_node-3] [INFO] [1788154976.641891636] [uav_0.autopilot_sv_cbf_rate_node]: goal_waypoint received: [0.000, 5.500, 1.500] (overrides waypoint_x/y/z params)
[autopilot_sv_cbf_rate_node-3] [INFO] [1788154976.742372662] [uav_0.autopilot_sv_cbf_rate_node]: goal_waypoint received: [0.000, 5.500, 1.500] (overrides waypoint_x/y/z params)
[autopilot_sv_cbf_rate_node-3] [INFO] [1788154976.841860905] [uav_0.autopilot_sv_cbf_rate_node]: goal_waypoint received: [0.000, 5.500, 1.500] (overrides waypoint_x/y/z params)
[autopilot_sv_cbf_rate_node-3] [INFO] [1788154976.863976471] [uav_0.autopilot_sv_cbf_rate_node]: pos=[-0.66 1.40 1.03]  T=23.129N  omega=[0.487 -1.314 0.000]  certified=3 uncertified=0  delta=0.0000  gamma=5.000(fixed)  feasible=1
[autopilot_sv_cbf_rate_node-3] [INFO] [1788154976.942035542] [uav_0.autopilot_sv_cbf_rate_node]: goal_waypoint received: [0.000, 5.500, 1.500] (overrides waypoint_x/y/z params)
[autopilot_sv_cbf_rate_node-3] [INFO] [1788154977.042062080] [uav_0.autopilot_sv_cbf_rate_node]: goal_waypoint received: [0.000, 5.500, 1.500] (overrides waypoint_x/y/z params)
[autopilot_sv_cbf_rate_node-3] [INFO] [1788154977.141922123] [uav_0.autopilot_sv_cbf_rate_node]: goal_waypoint received: [0.000, 5.500, 1.500] (overrides waypoint_x/y/z params)
[autopilot_sv_cbf_rate_node-3] [INFO] [1788154977.241865165] [uav_0.autopilot_sv_cbf_rate_node]: goal_waypoint received: [0.000, 5.500, 1.500] (overrides waypoint_x/y/z params)
[autopilot_sv_cbf_rate_node-3] [INFO] [1788154977.341900306] [uav_0.autopilot_sv_cbf_rate_node]: goal_waypoint received: [0.000, 5.500, 1.500] (overrides waypoint_x/y/z params)
[autopilot_sv_cbf_rate_node-3] [INFO] [1788154977.441933647] [uav_0.autopilot_sv_cbf_rate_node]: goal_waypoint received: [0.000, 5.500, 1.500] (overrides waypoint_x/y/z params)
[autopilot_sv_cbf_rate_node-3] [INFO] [1788154977.541986888] [uav_0.autopilot_sv_cbf_rate_node]: goal_waypoint received: [0.000, 5.500, 1.500] (overrides waypoint_x/y/z params)
[autopilot_sv_cbf_rate_node-3] [INFO] [1788154977.641931630] [uav_0.autopilot_sv_cbf_rate_node]: goal_waypoint received: [0.000, 5.500, 1.500] (overrides waypoint_x/y/z params)
[autopilot_sv_cbf_rate_node-3] [INFO] [1788154977.741935171] [uav_0.autopilot_sv_cbf_rate_node]: goal_waypoint received: [0.000, 5.500, 1.500] (overrides waypoint_x/y/z params)
[autopilot_sv_cbf_rate_node-3] [INFO] [1788154977.841941012] [uav_0.autopilot_sv_cbf_rate_node]: goal_waypoint received: [0.000, 5.500, 1.500] (overrides waypoint_x/y/z params)
[autopilot_sv_cbf_rate_node-3] [INFO] [1788154977.863932979] [uav_0.autopilot_sv_cbf_rate_node]: pos=[0.00 3.62 1.77]  T=21.728N  omega=[2.045 2.189 0.000]  certified=3 uncertified=0  delta=0.0000  gamma=5.000(fixed)  feasible=1
[autopilot_sv_cbf_rate_node-3] [INFO] [1788154977.942094452] [uav_0.autopilot_sv_cbf_rate_node]: goal_waypoint received: [0.000, 5.500, 1.500] (overrides waypoint_x/y/z params)
[autopilot_sv_cbf_rate_node-3] [INFO] [1788154978.042174693] [uav_0.autopilot_sv_cbf_rate_node]: goal_waypoint received: [0.000, 5.500, 1.500] (overrides waypoint_x/y/z params)
[autopilot_sv_cbf_rate_node-3] [INFO] [1788154978.141796242] [uav_0.autopilot_sv_cbf_rate_node]: goal_waypoint received: [0.000, 5.500, 1.500] (overrides waypoint_x/y/z params)
[autopilot_sv_cbf_rate_node-3] [INFO] [1788154978.241915285] [uav_0.autopilot_sv_cbf_rate_node]: goal_waypoint received: [0.000, 5.500, 1.500] (overrides waypoint_x/y/z params)
[autopilot_sv_cbf_rate_node-3] [INFO] [1788154978.341974929] [uav_0.autopilot_sv_cbf_rate_node]: goal_waypoint received: [0.000, 5.500, 1.500] (overrides waypoint_x/y/z params)
[autopilot_sv_cbf_rate_node-3] [INFO] [1788154978.441979373] [uav_0.autopilot_sv_cbf_rate_node]: goal_waypoint received: [0.000, 5.500, 1.500] (overrides waypoint_x/y/z params)
[autopilot_sv_cbf_rate_node-3] [INFO] [1788154978.542203515] [uav_0.autopilot_sv_cbf_rate_node]: goal_waypoint received: [0.000, 5.500, 1.500] (overrides waypoint_x/y/z params)
[autopilot_sv_cbf_rate_node-3] [INFO] [1788154978.642101758] [uav_0.autopilot_sv_cbf_rate_node]: goal_waypoint received: [0.000, 5.500, 1.500] (overrides waypoint_x/y/z params)
[autopilot_sv_cbf_rate_node-3] [INFO] [1788154978.742095827] [uav_0.autopilot_sv_cbf_rate_node]: goal_waypoint received: [0.000, 5.500, 1.500] (overrides waypoint_x/y/z params)
[autopilot_sv_cbf_rate_node-3] [INFO] [1788154978.842183895] [uav_0.autopilot_sv_cbf_rate_node]: goal_waypoint received: [0.000, 5.500, 1.500] (overrides waypoint_x/y/z params)
[autopilot_sv_cbf_rate_node-3] [INFO] [1788154978.863876550] [uav_0.autopilot_sv_cbf_rate_node]: pos=[-0.18 5.04 1.41]  T=22.642N  omega=[0.078 -0.266 0.000]  certified=3 uncertified=0  delta=0.0000  gamma=5.000(fixed)  feasible=1
[autopilot_sv_cbf_rate_node-3] [INFO] [1788154978.942029366] [uav_0.autopilot_sv_cbf_rate_node]: goal_waypoint received: [0.000, 5.500, 1.500] (overrides waypoint_x/y/z params)
[autopilot_sv_cbf_rate_node-3] [INFO] [1788154979.042136635] [uav_0.autopilot_sv_cbf_rate_node]: goal_waypoint received: [0.000, 5.500, 1.500] (overrides waypoint_x/y/z params)
[autopilot_sv_cbf_rate_node-3] [INFO] [1788154979.141988308] [uav_0.autopilot_sv_cbf_rate_node]: goal_waypoint received: [0.000, 5.500, 1.500] (overrides waypoint_x/y/z params)
[autopilot_sv_cbf_rate_node-3] [INFO] [1788154979.242055580] [uav_0.autopilot_sv_cbf_rate_node]: goal_waypoint received: [0.000, 5.500, 1.500] (overrides waypoint_x/y/z params)
[autopilot_sv_cbf_rate_node-3] [INFO] [1788154979.341990953] [uav_0.autopilot_sv_cbf_rate_node]: goal_waypoint received: [0.000, 5.500, 1.500] (overrides waypoint_x/y/z params)
[autopilot_sv_cbf_rate_node-3] [INFO] [1788154979.441869527] [uav_0.autopilot_sv_cbf_rate_node]: goal_waypoint received: [0.000, 5.500, 1.500] (overrides waypoint_x/y/z params)
[autopilot_sv_cbf_rate_node-3] [INFO] [1788154979.541997397] [uav_0.autopilot_sv_cbf_rate_node]: goal_waypoint received: [0.000, 5.500, 1.500] (overrides waypoint_x/y/z params)
[autopilot_sv_cbf_rate_node-3] [INFO] [1788154979.641828771] [uav_0.autopilot_sv_cbf_rate_node]: goal_waypoint received: [0.000, 5.500, 1.500] (overrides waypoint_x/y/z params)
[autopilot_sv_cbf_rate_node-3] [INFO] [1788154979.741926243] [uav_0.autopilot_sv_cbf_rate_node]: goal_waypoint received: [0.000, 5.500, 1.500] (overrides waypoint_x/y/z params)
[autopilot_sv_cbf_rate_node-3] [INFO] [1788154979.841887115] [uav_0.autopilot_sv_cbf_rate_node]: goal_waypoint received: [0.000, 5.500, 1.500] (overrides waypoint_x/y/z params)
[autopilot_sv_cbf_rate_node-3] [INFO] [1788154979.863923367] [uav_0.autopilot_sv_cbf_rate_node]: pos=[-0.21 5.88 1.33]  T=23.446N  omega=[-0.136 -0.349 0.000]  certified=3 uncertified=0  delta=0.0000  gamma=5.000(fixed)  feasible=1
[autopilot_sv_cbf_rate_node-3] [INFO] [1788154979.941868488] [uav_0.autopilot_sv_cbf_rate_node]: goal_waypoint received: [0.000, 5.500, 1.500] (overrides waypoint_x/y/z params)
[autopilot_sv_cbf_rate_node-3] [INFO] [1788154980.041792962] [uav_0.autopilot_sv_cbf_rate_node]: goal_waypoint received: [0.000, 5.500, 1.500] (overrides waypoint_x/y/z params)
[autopilot_sv_cbf_rate_node-3] [INFO] [1788154980.141841937] [uav_0.autopilot_sv_cbf_rate_node]: goal_waypoint received: [0.000, 5.500, 1.500] (overrides waypoint_x/y/z params)
[autopilot_sv_cbf_rate_node-3] [INFO] [1788154980.241921811] [uav_0.autopilot_sv_cbf_rate_node]: goal_waypoint received: [0.000, 5.500, 1.500] (overrides waypoint_x/y/z params)
[autopilot_sv_cbf_rate_node-3] [INFO] [1788154980.341997186] [uav_0.autopilot_sv_cbf_rate_node]: goal_waypoint received: [0.000, 5.500, 1.500] (overrides waypoint_x/y/z params)
[autopilot_sv_cbf_rate_node-3] [INFO] [1788154980.441872763] [uav_0.autopilot_sv_cbf_rate_node]: goal_waypoint received: [0.000, 5.500, 1.500] (overrides waypoint_x/y/z params)
[autopilot_sv_cbf_rate_node-3] [INFO] [1788154980.541816139] [uav_0.autopilot_sv_cbf_rate_node]: goal_waypoint received: [0.000, 5.500, 1.500] (overrides waypoint_x/y/z params)
[autopilot_sv_cbf_rate_node-3] [INFO] [1788154980.641884013] [uav_0.autopilot_sv_cbf_rate_node]: goal_waypoint received: [0.000, 5.500, 1.500] (overrides waypoint_x/y/z params)
[autopilot_sv_cbf_rate_node-3] [INFO] [1788154980.741967388] [uav_0.autopilot_sv_cbf_rate_node]: goal_waypoint received: [0.000, 5.500, 1.500] (overrides waypoint_x/y/z params)
[autopilot_sv_cbf_rate_node-3] [INFO] [1788154980.841950064] [uav_0.autopilot_sv_cbf_rate_node]: goal_waypoint received: [0.000, 5.500, 1.500] (overrides waypoint_x/y/z params)
[autopilot_sv_cbf_rate_node-3] [INFO] [1788154980.863864417] [uav_0.autopilot_sv_cbf_rate_node]: pos=[-0.02 6.06 1.28]  T=23.140N  omega=[0.453 -0.195 0.000]  certified=3 uncertified=0  delta=0.0000  gamma=5.000(fixed)  feasible=1
[autopilot_sv_cbf_rate_node-3] [INFO] [1788154980.941966739] [uav_0.autopilot_sv_cbf_rate_node]: goal_waypoint received: [0.000, 5.500, 1.500] (overrides waypoint_x/y/z params)
[autopilot_sv_cbf_rate_node-3] [INFO] [1788154981.042084414] [uav_0.autopilot_sv_cbf_rate_node]: goal_waypoint received: [0.000, 5.500, 1.500] (overrides waypoint_x/y/z params)
[autopilot_sv_cbf_rate_node-3] [INFO] [1788154981.142003894] [uav_0.autopilot_sv_cbf_rate_node]: goal_waypoint received: [0.000, 5.500, 1.500] (overrides waypoint_x/y/z params)
[autopilot_sv_cbf_rate_node-3] [INFO] [1788154981.242761564] [uav_0.autopilot_sv_cbf_rate_node]: goal_waypoint received: [0.000, 5.500, 1.500] (overrides waypoint_x/y/z params)
[autopilot_sv_cbf_rate_node-3] [INFO] [1788154981.341983551] [uav_0.autopilot_sv_cbf_rate_node]: goal_waypoint received: [0.000, 5.500, 1.500] (overrides waypoint_x/y/z params)
[autopilot_sv_cbf_rate_node-3] [INFO] [1788154981.441929230] [uav_0.autopilot_sv_cbf_rate_node]: goal_waypoint received: [0.000, 5.500, 1.500] (overrides waypoint_x/y/z params)
[autopilot_sv_cbf_rate_node-3] [INFO] [1788154981.541967609] [uav_0.autopilot_sv_cbf_rate_node]: goal_waypoint received: [0.000, 5.500, 1.500] (overrides waypoint_x/y/z params)
[autopilot_sv_cbf_rate_node-3] [INFO] [1788154981.641889888] [uav_0.autopilot_sv_cbf_rate_node]: goal_waypoint received: [0.000, 5.500, 1.500] (overrides waypoint_x/y/z params)
[autopilot_sv_cbf_rate_node-3] [INFO] [1788154981.741868567] [uav_0.autopilot_sv_cbf_rate_node]: goal_waypoint received: [0.000, 5.500, 1.500] (overrides waypoint_x/y/z params)
[autopilot_sv_cbf_rate_node-3] [INFO] [1788154981.842169442] [uav_0.autopilot_sv_cbf_rate_node]: goal_waypoint received: [0.000, 5.500, 1.500] (overrides waypoint_x/y/z params)
[autopilot_sv_cbf_rate_node-3] [INFO] [1788154981.863843499] [uav_0.autopilot_sv_cbf_rate_node]: pos=[0.22 6.13 1.26]  T=23.212N  omega=[0.305 0.379 0.000]  certified=3 uncertified=0  delta=0.0000  gamma=5.000(fixed)  feasible=1
[autopilot_sv_cbf_rate_node-3] [INFO] [1788154981.942098922] [uav_0.autopilot_sv_cbf_rate_node]: goal_waypoint received: [0.000, 5.500, 1.500] (overrides waypoint_x/y/z params)
[autopilot_sv_cbf_rate_node-3] [INFO] [1788154982.042043502] [uav_0.autopilot_sv_cbf_rate_node]: goal_waypoint received: [0.000, 5.500, 1.500] (overrides waypoint_x/y/z params)
[autopilot_sv_cbf_rate_node-3] [INFO] [1788154982.142043684] [uav_0.autopilot_sv_cbf_rate_node]: goal_waypoint received: [0.000, 5.500, 1.500] (overrides waypoint_x/y/z params)
[autopilot_sv_cbf_rate_node-3] [INFO] [1788154982.242075065] [uav_0.autopilot_sv_cbf_rate_node]: goal_waypoint received: [0.000, 5.500, 1.500] (overrides waypoint_x/y/z params)
[autopilot_sv_cbf_rate_node-3] [INFO] [1788154982.342257845] [uav_0.autopilot_sv_cbf_rate_node]: goal_waypoint received: [0.000, 5.500, 1.500] (overrides waypoint_x/y/z params)
[autopilot_sv_cbf_rate_node-3] [INFO] [1788154982.442044929] [uav_0.autopilot_sv_cbf_rate_node]: goal_waypoint received: [0.000, 5.500, 1.500] (overrides waypoint_x/y/z params)
[autopilot_sv_cbf_rate_node-3] [INFO] [1788154982.541942912] [uav_0.autopilot_sv_cbf_rate_node]: goal_waypoint received: [0.000, 5.500, 1.500] (overrides waypoint_x/y/z params)
[autopilot_sv_cbf_rate_node-3] [INFO] [1788154982.642042793] [uav_0.autopilot_sv_cbf_rate_node]: goal_waypoint received: [0.000, 5.500, 1.500] (overrides waypoint_x/y/z params)
[autopilot_sv_cbf_rate_node-3] [INFO] [1788154982.741911476] [uav_0.autopilot_sv_cbf_rate_node]: goal_waypoint received: [0.000, 5.500, 1.500] (overrides waypoint_x/y/z params)
[autopilot_sv_cbf_rate_node-3] [INFO] [1788154982.841917658] [uav_0.autopilot_sv_cbf_rate_node]: goal_waypoint received: [0.000, 5.500, 1.500] (overrides waypoint_x/y/z params)
[autopilot_sv_cbf_rate_node-3] [INFO] [1788154982.863834213] [uav_0.autopilot_sv_cbf_rate_node]: pos=[0.31 6.14 1.28]  T=23.049N  omega=[-0.218 0.318 0.000]  certified=3 uncertified=0  delta=0.0000  gamma=5.000(fixed)  feasible=1
[autopilot_sv_cbf_rate_node-3] [INFO] [1788154982.941863541] [uav_0.autopilot_sv_cbf_rate_node]: goal_waypoint received: [0.000, 5.500, 1.500] (overrides waypoint_x/y/z params)
[autopilot_sv_cbf_rate_node-3] [INFO] [1788154983.041881523] [uav_0.autopilot_sv_cbf_rate_node]: goal_waypoint received: [0.000, 5.500, 1.500] (overrides waypoint_x/y/z params)
[autopilot_sv_cbf_rate_node-3] [INFO] [1788154983.141913608] [uav_0.autopilot_sv_cbf_rate_node]: goal_waypoint received: [0.000, 5.500, 1.500] (overrides waypoint_x/y/z params)
[autopilot_sv_cbf_rate_node-3] [INFO] [1788154983.241833894] [uav_0.autopilot_sv_cbf_rate_node]: goal_waypoint received: [0.000, 5.500, 1.500] (overrides waypoint_x/y/z params)
[autopilot_sv_cbf_rate_node-3] [INFO] [1788154983.341878278] [uav_0.autopilot_sv_cbf_rate_node]: goal_waypoint received: [0.000, 5.500, 1.500] (overrides waypoint_x/y/z params)
[autopilot_sv_cbf_rate_node-3] [INFO] [1788154983.441980162] [uav_0.autopilot_sv_cbf_rate_node]: goal_waypoint received: [0.000, 5.500, 1.500] (overrides waypoint_x/y/z params)
[autopilot_sv_cbf_rate_node-3] [INFO] [1788154983.542115346] [uav_0.autopilot_sv_cbf_rate_node]: goal_waypoint received: [0.000, 5.500, 1.500] (overrides waypoint_x/y/z params)
[autopilot_sv_cbf_rate_node-3] [INFO] [1788154983.642132931] [uav_0.autopilot_sv_cbf_rate_node]: goal_waypoint received: [0.000, 5.500, 1.500] (overrides waypoint_x/y/z params)
[autopilot_sv_cbf_rate_node-3] [INFO] [1788154983.741965518] [uav_0.autopilot_sv_cbf_rate_node]: goal_waypoint received: [0.000, 5.500, 1.500] (overrides waypoint_x/y/z params)
[autopilot_sv_cbf_rate_node-3] [INFO] [1788154983.841846504] [uav_0.autopilot_sv_cbf_rate_node]: goal_waypoint received: [0.000, 5.500, 1.500] (overrides waypoint_x/y/z params)
[autopilot_sv_cbf_rate_node-3] [INFO] [1788154983.863833559] [uav_0.autopilot_sv_cbf_rate_node]: pos=[0.26 6.08 1.31]  T=22.965N  omega=[-0.293 -0.074 0.000]  certified=3 uncertified=0  delta=0.0000  gamma=5.000(fixed)  feasible=1
[autopilot_sv_cbf_rate_node-3] [INFO] [1788154983.941885289] [uav_0.autopilot_sv_cbf_rate_node]: goal_waypoint received: [0.000, 5.500, 1.500] (overrides waypoint_x/y/z params)
[autopilot_sv_cbf_rate_node-3] [INFO] [1788154984.041871075] [uav_0.autopilot_sv_cbf_rate_node]: goal_waypoint received: [0.000, 5.500, 1.500] (overrides waypoint_x/y/z params)
[autopilot_sv_cbf_rate_node-3] [INFO] [1788154984.142098661] [uav_0.autopilot_sv_cbf_rate_node]: goal_waypoint received: [0.000, 5.500, 1.500] (overrides waypoint_x/y/z params)
[autopilot_sv_cbf_rate_node-3] [INFO] [1788154984.242259547] [uav_0.autopilot_sv_cbf_rate_node]: goal_waypoint received: [0.000, 5.500, 1.500] (overrides waypoint_x/y/z params)
[autopilot_sv_cbf_rate_node-3] [INFO] [1788154984.341892139] [uav_0.autopilot_sv_cbf_rate_node]: goal_waypoint received: [0.000, 5.500, 1.500] (overrides waypoint_x/y/z params)
[autopilot_sv_cbf_rate_node-3] [INFO] [1788154984.441991226] [uav_0.autopilot_sv_cbf_rate_node]: goal_waypoint received: [0.000, 5.500, 1.500] (overrides waypoint_x/y/z params)
[autopilot_sv_cbf_rate_node-3] [INFO] [1788154984.541856516] [uav_0.autopilot_sv_cbf_rate_node]: goal_waypoint received: [0.000, 5.500, 1.500] (overrides waypoint_x/y/z params)
[autopilot_sv_cbf_rate_node-3] [INFO] [1788154984.642225300] [uav_0.autopilot_sv_cbf_rate_node]: goal_waypoint received: [0.000, 5.500, 1.500] (overrides waypoint_x/y/z params)
[autopilot_sv_cbf_rate_node-3] [INFO] [1788154984.742013791] [uav_0.autopilot_sv_cbf_rate_node]: goal_waypoint received: [0.000, 5.500, 1.500] (overrides waypoint_x/y/z params)
[autopilot_sv_cbf_rate_node-3] [INFO] [1788154984.841828881] [uav_0.autopilot_sv_cbf_rate_node]: goal_waypoint received: [0.000, 5.500, 1.500] (overrides waypoint_x/y/z params)
[autopilot_sv_cbf_rate_node-3] [INFO] [1788154984.863845236] [uav_0.autopilot_sv_cbf_rate_node]: pos=[0.16 5.91 1.33]  T=22.966N  omega=[-0.020 -0.164 0.000]  certified=3 uncertified=0  delta=0.0000  gamma=5.000(fixed)  feasible=1
[autopilot_sv_cbf_rate_node-3] [INFO] [1788154984.942001067] [uav_0.autopilot_sv_cbf_rate_node]: goal_waypoint received: [0.000, 5.500, 1.500] (overrides waypoint_x/y/z params)
[autopilot_sv_cbf_rate_node-3] [INFO] [1788154985.041824659] [uav_0.autopilot_sv_cbf_rate_node]: goal_waypoint received: [0.000, 5.500, 1.500] (overrides waypoint_x/y/z params)
[autopilot_sv_cbf_rate_node-3] [INFO] [1788154985.142479643] [uav_0.autopilot_sv_cbf_rate_node]: goal_waypoint received: [0.000, 5.500, 1.500] (overrides waypoint_x/y/z params)
[autopilot_sv_cbf_rate_node-3] [INFO] [1788154985.242250637] [uav_0.autopilot_sv_cbf_rate_node]: goal_waypoint received: [0.000, 5.500, 1.500] (overrides waypoint_x/y/z params)
[autopilot_sv_cbf_rate_node-3] [INFO] [1788154985.342070730] [uav_0.autopilot_sv_cbf_rate_node]: goal_waypoint received: [0.000, 5.500, 1.500] (overrides waypoint_x/y/z params)
[autopilot_sv_cbf_rate_node-3] [INFO] [1788154985.442095021] [uav_0.autopilot_sv_cbf_rate_node]: goal_waypoint received: [0.000, 5.500, 1.500] (overrides waypoint_x/y/z params)
[autopilot_sv_cbf_rate_node-3] [INFO] [1788154985.542012714] [uav_0.autopilot_sv_cbf_rate_node]: goal_waypoint received: [0.000, 5.500, 1.500] (overrides waypoint_x/y/z params)
[autopilot_sv_cbf_rate_node-3] [INFO] [1788154985.642107604] [uav_0.autopilot_sv_cbf_rate_node]: goal_waypoint received: [0.000, 5.500, 1.500] (overrides waypoint_x/y/z params)
[autopilot_sv_cbf_rate_node-3] [INFO] [1788154985.742160095] [uav_0.autopilot_sv_cbf_rate_node]: goal_waypoint received: [0.000, 5.500, 1.500] (overrides waypoint_x/y/z params)
[autopilot_sv_cbf_rate_node-3] [INFO] [1788154985.842086187] [uav_0.autopilot_sv_cbf_rate_node]: goal_waypoint received: [0.000, 5.500, 1.500] (overrides waypoint_x/y/z params)
[autopilot_sv_cbf_rate_node-3] [INFO] [1788154985.863818546] [uav_0.autopilot_sv_cbf_rate_node]: pos=[0.12 5.82 1.34]  T=23.022N  omega=[0.101 0.001 0.000]  certified=3 uncertified=0  delta=0.0000  gamma=5.000(fixed)  feasible=1
[autopilot_sv_cbf_rate_node-3] [INFO] [1788154985.942151778] [uav_0.autopilot_sv_cbf_rate_node]: goal_waypoint received: [0.000, 5.500, 1.500] (overrides waypoint_x/y/z params)
[autopilot_sv_cbf_rate_node-3] [INFO] [1788154986.041975772] [uav_0.autopilot_sv_cbf_rate_node]: goal_waypoint received: [0.000, 5.500, 1.500] (overrides waypoint_x/y/z params)
[autopilot_sv_cbf_rate_node-3] [INFO] [1788154986.142191064] [uav_0.autopilot_sv_cbf_rate_node]: goal_waypoint received: [0.000, 5.500, 1.500] (overrides waypoint_x/y/z params)
[autopilot_sv_cbf_rate_node-3] [INFO] [1788154986.241910362] [uav_0.autopilot_sv_cbf_rate_node]: goal_waypoint received: [0.000, 5.500, 1.500] (overrides waypoint_x/y/z params)
[autopilot_sv_cbf_rate_node-3] [INFO] [1788154986.341927756] [uav_0.autopilot_sv_cbf_rate_node]: goal_waypoint received: [0.000, 5.500, 1.500] (overrides waypoint_x/y/z params)
[autopilot_sv_cbf_rate_node-3] [INFO] [1788154986.441959550] [uav_0.autopilot_sv_cbf_rate_node]: goal_waypoint received: [0.000, 5.500, 1.500] (overrides waypoint_x/y/z params)
[autopilot_sv_cbf_rate_node-3] [INFO] [1788154986.541803204] [uav_0.autopilot_sv_cbf_rate_node]: goal_waypoint received: [0.000, 5.500, 1.500] (overrides waypoint_x/y/z params)
[autopilot_sv_cbf_rate_node-3] [INFO] [1788154986.641908557] [uav_0.autopilot_sv_cbf_rate_node]: goal_waypoint received: [0.000, 5.500, 1.500] (overrides waypoint_x/y/z params)
[autopilot_sv_cbf_rate_node-3] [INFO] [1788154986.741896486] [uav_0.autopilot_sv_cbf_rate_node]: goal_waypoint received: [0.000, 5.500, 1.500] (overrides waypoint_x/y/z params)
[autopilot_sv_cbf_rate_node-3] [INFO] [1788154986.842438395] [uav_0.autopilot_sv_cbf_rate_node]: goal_waypoint received: [0.000, 5.500, 1.500] (overrides waypoint_x/y/z params)
[autopilot_sv_cbf_rate_node-3] [INFO] [1788154986.863794321] [uav_0.autopilot_sv_cbf_rate_node]: pos=[0.07 5.78 1.33]  T=23.083N  omega=[0.003 0.047 0.000]  certified=3 uncertified=0  delta=0.0000  gamma=5.000(fixed)  feasible=1
[autopilot_sv_cbf_rate_node-3] [INFO] [1788154986.941998617] [uav_0.autopilot_sv_cbf_rate_node]: goal_waypoint received: [0.000, 5.500, 1.500] (overrides waypoint_x/y/z params)
[autopilot_sv_cbf_rate_node-3] [INFO] [1788154987.041923335] [uav_0.autopilot_sv_cbf_rate_node]: goal_waypoint received: [0.000, 5.500, 1.500] (overrides waypoint_x/y/z params)
[autopilot_sv_cbf_rate_node-3] [INFO] [1788154987.141898555] [uav_0.autopilot_sv_cbf_rate_node]: goal_waypoint received: [0.000, 5.500, 1.500] (overrides waypoint_x/y/z params)
[autopilot_sv_cbf_rate_node-3] [INFO] [1788154987.241841075] [uav_0.autopilot_sv_cbf_rate_node]: goal_waypoint received: [0.000, 5.500, 1.500] (overrides waypoint_x/y/z params)
[autopilot_sv_cbf_rate_node-3] [INFO] [1788154987.341946393] [uav_0.autopilot_sv_cbf_rate_node]: goal_waypoint received: [0.000, 5.500, 1.500] (overrides waypoint_x/y/z params)
[autopilot_sv_cbf_rate_node-3] [INFO] [1788154987.442000511] [uav_0.autopilot_sv_cbf_rate_node]: goal_waypoint received: [0.000, 5.500, 1.500] (overrides waypoint_x/y/z params)
[autopilot_sv_cbf_rate_node-3] [INFO] [1788154987.541959931] [uav_0.autopilot_sv_cbf_rate_node]: goal_waypoint received: [0.000, 5.500, 1.500] (overrides waypoint_x/y/z params)
[autopilot_sv_cbf_rate_node-3] [INFO] [1788154987.641904751] [uav_0.autopilot_sv_cbf_rate_node]: goal_waypoint received: [0.000, 5.500, 1.500] (overrides waypoint_x/y/z params)
[autopilot_sv_cbf_rate_node-3] [INFO] [1788154987.741927270] [uav_0.autopilot_sv_cbf_rate_node]: goal_waypoint received: [0.000, 5.500, 1.500] (overrides waypoint_x/y/z params)
[autopilot_sv_cbf_rate_node-3] [INFO] [1788154987.841894190] [uav_0.autopilot_sv_cbf_rate_node]: goal_waypoint received: [0.000, 5.500, 1.500] (overrides waypoint_x/y/z params)
[autopilot_sv_cbf_rate_node-3] [INFO] [1788154987.863776809] [uav_0.autopilot_sv_cbf_rate_node]: pos=[0.01 5.74 1.36]  T=22.881N  omega=[-0.029 -0.003 0.000]  certified=3 uncertified=0  delta=0.0000  gamma=5.000(fixed)  feasible=1
[autopilot_sv_cbf_rate_node-3] [INFO] [1788154987.941891809] [uav_0.autopilot_sv_cbf_rate_node]: goal_waypoint received: [0.000, 5.500, 1.500] (overrides waypoint_x/y/z params)
[autopilot_sv_cbf_rate_node-3] [INFO] [1788154988.041877929] [uav_0.autopilot_sv_cbf_rate_node]: goal_waypoint received: [0.000, 5.500, 1.500] (overrides waypoint_x/y/z params)
[autopilot_sv_cbf_rate_node-3] [INFO] [1788154988.141901151] [uav_0.autopilot_sv_cbf_rate_node]: goal_waypoint received: [0.000, 5.500, 1.500] (overrides waypoint_x/y/z params)
[autopilot_sv_cbf_rate_node-3] [INFO] [1788154988.241936973] [uav_0.autopilot_sv_cbf_rate_node]: goal_waypoint received: [0.000, 5.500, 1.500] (overrides waypoint_x/y/z params)
[autopilot_sv_cbf_rate_node-3] [INFO] [1788154988.341882097] [uav_0.autopilot_sv_cbf_rate_node]: goal_waypoint received: [0.000, 5.500, 1.500] (overrides waypoint_x/y/z params)
[autopilot_sv_cbf_rate_node-3] [INFO] [1788154988.441995618] [uav_0.autopilot_sv_cbf_rate_node]: goal_waypoint received: [0.000, 5.500, 1.500] (overrides waypoint_x/y/z params)
[autopilot_sv_cbf_rate_node-3] [INFO] [1788154988.542022640] [uav_0.autopilot_sv_cbf_rate_node]: goal_waypoint received: [0.000, 5.500, 1.500] (overrides waypoint_x/y/z params)
[autopilot_sv_cbf_rate_node-3] [INFO] [1788154988.642021762] [uav_0.autopilot_sv_cbf_rate_node]: goal_waypoint received: [0.000, 5.500, 1.500] (overrides waypoint_x/y/z params)
[autopilot_sv_cbf_rate_node-3] [INFO] [1788154988.742274481] [uav_0.autopilot_sv_cbf_rate_node]: goal_waypoint received: [0.000, 5.500, 1.500] (overrides waypoint_x/y/z params)
[autopilot_sv_cbf_rate_node-3] [INFO] [1788154988.842113506] [uav_0.autopilot_sv_cbf_rate_node]: goal_waypoint received: [0.000, 5.500, 1.500] (overrides waypoint_x/y/z params)
[autopilot_sv_cbf_rate_node-3] [INFO] [1788154988.863745629] [uav_0.autopilot_sv_cbf_rate_node]: pos=[-0.00 5.68 1.37]  T=23.028N  omega=[0.000 0.003 0.000]  certified=3 uncertified=0  delta=0.0000  gamma=5.000(fixed)  feasible=1
[autopilot_sv_cbf_rate_node-3] [INFO] [1788154988.942048729] [uav_0.autopilot_sv_cbf_rate_node]: goal_waypoint received: [0.000, 5.500, 1.500] (overrides waypoint_x/y/z params)
[autopilot_sv_cbf_rate_node-3] [INFO] [1788154989.041876055] [uav_0.autopilot_sv_cbf_rate_node]: goal_waypoint received: [0.000, 5.500, 1.500] (overrides waypoint_x/y/z params)
[autopilot_sv_cbf_rate_node-3] [INFO] [1788154989.141906480] [uav_0.autopilot_sv_cbf_rate_node]: goal_waypoint received: [0.000, 5.500, 1.500] (overrides waypoint_x/y/z params)
[autopilot_sv_cbf_rate_node-3] [INFO] [1788154989.242007304] [uav_0.autopilot_sv_cbf_rate_node]: goal_waypoint received: [0.000, 5.500, 1.500] (overrides waypoint_x/y/z params)
[autopilot_sv_cbf_rate_node-3] [INFO] [1788154989.342215827] [uav_0.autopilot_sv_cbf_rate_node]: goal_waypoint received: [0.000, 5.500, 1.500] (overrides waypoint_x/y/z params)
[autopilot_sv_cbf_rate_node-3] [INFO] [1788154989.441912057] [uav_0.autopilot_sv_cbf_rate_node]: goal_waypoint received: [0.000, 5.500, 1.500] (overrides waypoint_x/y/z params)
[autopilot_sv_cbf_rate_node-3] [INFO] [1788154989.541949782] [uav_0.autopilot_sv_cbf_rate_node]: goal_waypoint received: [0.000, 5.500, 1.500] (overrides waypoint_x/y/z params)
[autopilot_sv_cbf_rate_node-3] [INFO] [1788154989.642052806] [uav_0.autopilot_sv_cbf_rate_node]: goal_waypoint received: [0.000, 5.500, 1.500] (overrides waypoint_x/y/z params)
[autopilot_sv_cbf_rate_node-3] [INFO] [1788154989.742001132] [uav_0.autopilot_sv_cbf_rate_node]: goal_waypoint received: [0.000, 5.500, 1.500] (overrides waypoint_x/y/z params)
[autopilot_sv_cbf_rate_node-3] [INFO] [1788154989.841841260] [uav_0.autopilot_sv_cbf_rate_node]: goal_waypoint received: [0.000, 5.500, 1.500] (overrides waypoint_x/y/z params)
[autopilot_sv_cbf_rate_node-3] [INFO] [1788154989.863742481] [uav_0.autopilot_sv_cbf_rate_node]: pos=[-0.02 5.66 1.39]  T=22.945N  omega=[-0.004 -0.008 0.000]  certified=3 uncertified=0  delta=0.0000  gamma=5.000(fixed)  feasible=1
[autopilot_sv_cbf_rate_node-3] [INFO] [1788154989.941955584] [uav_0.autopilot_sv_cbf_rate_node]: goal_waypoint received: [0.000, 5.500, 1.500] (overrides waypoint_x/y/z params)
[autopilot_sv_cbf_rate_node-3] [INFO] [1788154990.041940511] [uav_0.autopilot_sv_cbf_rate_node]: goal_waypoint received: [0.000, 5.500, 1.500] (overrides waypoint_x/y/z params)
[autopilot_sv_cbf_rate_node-3] [INFO] [1788154990.141792541] [uav_0.autopilot_sv_cbf_rate_node]: goal_waypoint received: [0.000, 5.500, 1.500] (overrides waypoint_x/y/z params)
[autopilot_sv_cbf_rate_node-3] [INFO] [1788154990.242015667] [uav_0.autopilot_sv_cbf_rate_node]: goal_waypoint received: [0.000, 5.500, 1.500] (overrides waypoint_x/y/z params)
[autopilot_sv_cbf_rate_node-3] [INFO] [1788154990.341983296] [uav_0.autopilot_sv_cbf_rate_node]: goal_waypoint received: [0.000, 5.500, 1.500] (overrides waypoint_x/y/z params)
[autopilot_sv_cbf_rate_node-3] [INFO] [1788154990.441994225] [uav_0.autopilot_sv_cbf_rate_node]: goal_waypoint received: [0.000, 5.500, 1.500] (overrides waypoint_x/y/z params)
[autopilot_sv_cbf_rate_node-3] [INFO] [1788154990.541861355] [uav_0.autopilot_sv_cbf_rate_node]: goal_waypoint received: [0.000, 5.500, 1.500] (overrides waypoint_x/y/z params)
[autopilot_sv_cbf_rate_node-3] [INFO] [1788154990.641826584] [uav_0.autopilot_sv_cbf_rate_node]: goal_waypoint received: [0.000, 5.500, 1.500] (overrides waypoint_x/y/z params)
[autopilot_sv_cbf_rate_node-3] [INFO] [1788154990.741862513] [uav_0.autopilot_sv_cbf_rate_node]: goal_waypoint received: [0.000, 5.500, 1.500] (overrides waypoint_x/y/z params)
[autopilot_sv_cbf_rate_node-3] [INFO] [1788154990.841860241] [uav_0.autopilot_sv_cbf_rate_node]: goal_waypoint received: [0.000, 5.500, 1.500] (overrides waypoint_x/y/z params)
[autopilot_sv_cbf_rate_node-3] [INFO] [1788154990.863738463] [uav_0.autopilot_sv_cbf_rate_node]: pos=[-0.00 5.62 1.40]  T=23.004N  omega=[0.011 0.004 0.000]  certified=3 uncertified=0  delta=0.0000  gamma=5.000(fixed)  feasible=1
[autopilot_sv_cbf_rate_node-3] [INFO] [1788154990.941831471] [uav_0.autopilot_sv_cbf_rate_node]: goal_waypoint received: [0.000, 5.500, 1.500] (overrides waypoint_x/y/z params)
[autopilot_sv_cbf_rate_node-3] [INFO] [1788154991.042178896] [uav_0.autopilot_sv_cbf_rate_node]: goal_waypoint received: [0.000, 5.500, 1.500] (overrides waypoint_x/y/z params)
[autopilot_sv_cbf_rate_node-3] [INFO] [1788154991.142102429] [uav_0.autopilot_sv_cbf_rate_node]: goal_waypoint received: [0.000, 5.500, 1.500] (overrides waypoint_x/y/z params)
[autopilot_sv_cbf_rate_node-3] [INFO] [1788154991.241978462] [uav_0.autopilot_sv_cbf_rate_node]: goal_waypoint received: [0.000, 5.500, 1.500] (overrides waypoint_x/y/z params)
[autopilot_sv_cbf_rate_node-3] [INFO] [1788154991.342058193] [uav_0.autopilot_sv_cbf_rate_node]: goal_waypoint received: [0.000, 5.500, 1.500] (overrides waypoint_x/y/z params)
[autopilot_sv_cbf_rate_node-3] [INFO] [1788154991.441945626] [uav_0.autopilot_sv_cbf_rate_node]: goal_waypoint received: [0.000, 5.500, 1.500] (overrides waypoint_x/y/z params)
[autopilot_sv_cbf_rate_node-3] [INFO] [1788154991.542073257] [uav_0.autopilot_sv_cbf_rate_node]: goal_waypoint received: [0.000, 5.500, 1.500] (overrides waypoint_x/y/z params)
[autopilot_sv_cbf_rate_node-3] [INFO] [1788154991.641976090] [uav_0.autopilot_sv_cbf_rate_node]: goal_waypoint received: [0.000, 5.500, 1.500] (overrides waypoint_x/y/z params)
[autopilot_sv_cbf_rate_node-3] [INFO] [1788154991.741923822] [uav_0.autopilot_sv_cbf_rate_node]: goal_waypoint received: [0.000, 5.500, 1.500] (overrides waypoint_x/y/z params)
[autopilot_sv_cbf_rate_node-3] [INFO] [1788154991.842023253] [uav_0.autopilot_sv_cbf_rate_node]: goal_waypoint received: [0.000, 5.500, 1.500] (overrides waypoint_x/y/z params)
[autopilot_sv_cbf_rate_node-3] [INFO] [1788154991.863746077] [uav_0.autopilot_sv_cbf_rate_node]: pos=[-0.02 5.62 1.40]  T=23.004N  omega=[-0.009 -0.006 0.000]  certified=3 uncertified=0  delta=0.0000  gamma=5.000(fixed)  feasible=1
[autopilot_sv_cbf_rate_node-3] [INFO] [1788154991.942025085] [uav_0.autopilot_sv_cbf_rate_node]: goal_waypoint received: [0.000, 5.500, 1.500] (overrides waypoint_x/y/z params)
[autopilot_sv_cbf_rate_node-3] [INFO] [1788154992.042263515] [uav_0.autopilot_sv_cbf_rate_node]: goal_waypoint received: [0.000, 5.500, 1.500] (overrides waypoint_x/y/z params)
[autopilot_sv_cbf_rate_node-3] [INFO] [1788154992.141864555] [uav_0.autopilot_sv_cbf_rate_node]: goal_waypoint received: [0.000, 5.500, 1.500] (overrides waypoint_x/y/z params)
[autopilot_sv_cbf_rate_node-3] [INFO] [1788154992.241842690] [uav_0.autopilot_sv_cbf_rate_node]: goal_waypoint received: [0.000, 5.500, 1.500] (overrides waypoint_x/y/z params)
[autopilot_sv_cbf_rate_node-3] [INFO] [1788154992.342020023] [uav_0.autopilot_sv_cbf_rate_node]: goal_waypoint received: [0.000, 5.500, 1.500] (overrides waypoint_x/y/z params)
[autopilot_sv_cbf_rate_node-3] [INFO] [1788154992.441894359] [uav_0.autopilot_sv_cbf_rate_node]: goal_waypoint received: [0.000, 5.500, 1.500] (overrides waypoint_x/y/z params)
[autopilot_sv_cbf_rate_node-3] [INFO] [1788154992.541931194] [uav_0.autopilot_sv_cbf_rate_node]: goal_waypoint received: [0.000, 5.500, 1.500] (overrides waypoint_x/y/z params)
[autopilot_sv_cbf_rate_node-3] [INFO] [1788154992.641918429] [uav_0.autopilot_sv_cbf_rate_node]: goal_waypoint received: [0.000, 5.500, 1.500] (overrides waypoint_x/y/z params)
[autopilot_sv_cbf_rate_node-3] [INFO] [1788154992.741958903] [uav_0.autopilot_sv_cbf_rate_node]: goal_waypoint received: [0.000, 5.500, 1.500] (overrides waypoint_x/y/z params)
[autopilot_sv_cbf_rate_node-3] [INFO] [1788154992.841990859] [uav_0.autopilot_sv_cbf_rate_node]: goal_waypoint received: [0.000, 5.500, 1.500] (overrides waypoint_x/y/z params)
[autopilot_sv_cbf_rate_node-3] [INFO] [1788154992.863721932] [uav_0.autopilot_sv_cbf_rate_node]: pos=[-0.00 5.62 1.41]  T=23.003N  omega=[-0.008 -0.002 0.000]  certified=3 uncertified=0  delta=0.0000  gamma=5.000(fixed)  feasible=1
[autopilot_sv_cbf_rate_node-3] [INFO] [1788154992.941789017] [uav_0.autopilot_sv_cbf_rate_node]: goal_waypoint received: [0.000, 5.500, 1.500] (overrides waypoint_x/y/z params)
[autopilot_sv_cbf_rate_node-3] [INFO] [1788154993.041987072] [uav_0.autopilot_sv_cbf_rate_node]: goal_waypoint received: [0.000, 5.500, 1.500] (overrides waypoint_x/y/z params)
[autopilot_sv_cbf_rate_node-3] [INFO] [1788154993.141952931] [uav_0.autopilot_sv_cbf_rate_node]: goal_waypoint received: [0.000, 5.500, 1.500] (overrides waypoint_x/y/z params)
[autopilot_sv_cbf_rate_node-3] [INFO] [1788154993.241918591] [uav_0.autopilot_sv_cbf_rate_node]: goal_waypoint received: [0.000, 5.500, 1.500] (overrides waypoint_x/y/z params)
[autopilot_sv_cbf_rate_node-3] [INFO] [1788154993.341880650] [uav_0.autopilot_sv_cbf_rate_node]: goal_waypoint received: [0.000, 5.500, 1.500] (overrides waypoint_x/y/z params)
[autopilot_sv_cbf_rate_node-3] [INFO] [1788154993.441956309] [uav_0.autopilot_sv_cbf_rate_node]: goal_waypoint received: [0.000, 5.500, 1.500] (overrides waypoint_x/y/z params)
[autopilot_sv_cbf_rate_node-3] [INFO] [1788154993.542172466] [uav_0.autopilot_sv_cbf_rate_node]: goal_waypoint received: [0.000, 5.500, 1.500] (overrides waypoint_x/y/z params)
[autopilot_sv_cbf_rate_node-3] [INFO] [1788154993.642041026] [uav_0.autopilot_sv_cbf_rate_node]: goal_waypoint received: [0.000, 5.500, 1.500] (overrides waypoint_x/y/z params)
[autopilot_sv_cbf_rate_node-3] [INFO] [1788154993.742035385] [uav_0.autopilot_sv_cbf_rate_node]: goal_waypoint received: [0.000, 5.500, 1.500] (overrides waypoint_x/y/z params)
[autopilot_sv_cbf_rate_node-3] [INFO] [1788154993.842208643] [uav_0.autopilot_sv_cbf_rate_node]: goal_waypoint received: [0.000, 5.500, 1.500] (overrides waypoint_x/y/z params)
[autopilot_sv_cbf_rate_node-3] [INFO] [1788154993.863720919] [uav_0.autopilot_sv_cbf_rate_node]: pos=[-0.02 5.62 1.43]  T=22.938N  omega=[-0.008 -0.005 0.000]  certified=3 uncertified=0  delta=0.0000  gamma=5.000(fixed)  feasible=1
[autopilot_sv_cbf_rate_node-3] [INFO] [1788154993.941958805] [uav_0.autopilot_sv_cbf_rate_node]: goal_waypoint received: [0.000, 5.500, 1.500] (overrides waypoint_x/y/z params)
[autopilot_sv_cbf_rate_node-3] [INFO] [1788154994.042268462] [uav_0.autopilot_sv_cbf_rate_node]: goal_waypoint received: [0.000, 5.500, 1.500] (overrides waypoint_x/y/z params)
[autopilot_sv_cbf_rate_node-3] [INFO] [1788154994.142061126] [uav_0.autopilot_sv_cbf_rate_node]: goal_waypoint received: [0.000, 5.500, 1.500] (overrides waypoint_x/y/z params)
[autopilot_sv_cbf_rate_node-3] [INFO] [1788154994.241898890] [uav_0.autopilot_sv_cbf_rate_node]: goal_waypoint received: [0.000, 5.500, 1.500] (overrides waypoint_x/y/z params)
[autopilot_sv_cbf_rate_node-3] [INFO] [1788154994.341913752] [uav_0.autopilot_sv_cbf_rate_node]: goal_waypoint received: [0.000, 5.500, 1.500] (overrides waypoint_x/y/z params)
[autopilot_sv_cbf_rate_node-3] [INFO] [1788154994.441954814] [uav_0.autopilot_sv_cbf_rate_node]: goal_waypoint received: [0.000, 5.500, 1.500] (overrides waypoint_x/y/z params)
[autopilot_sv_cbf_rate_node-3] [INFO] [1788154994.541982176] [uav_0.autopilot_sv_cbf_rate_node]: goal_waypoint received: [0.000, 5.500, 1.500] (overrides waypoint_x/y/z params)
[autopilot_sv_cbf_rate_node-3] [INFO] [1788154994.642089437] [uav_0.autopilot_sv_cbf_rate_node]: goal_waypoint received: [0.000, 5.500, 1.500] (overrides waypoint_x/y/z params)
[autopilot_sv_cbf_rate_node-3] [INFO] [1788154994.741943812] [uav_0.autopilot_sv_cbf_rate_node]: goal_waypoint received: [0.000, 5.500, 1.500] (overrides waypoint_x/y/z params)
[autopilot_sv_cbf_rate_node-3] [INFO] [1788154994.841900534] [uav_0.autopilot_sv_cbf_rate_node]: goal_waypoint received: [0.000, 5.500, 1.500] (overrides waypoint_x/y/z params)
[autopilot_sv_cbf_rate_node-3] [INFO] [1788154994.863674335] [uav_0.autopilot_sv_cbf_rate_node]: pos=[-0.00 5.65 1.43]  T=22.980N  omega=[0.014 0.009 0.000]  certified=3 uncertified=0  delta=0.0000  gamma=5.000(fixed)  feasible=1
[autopilot_sv_cbf_rate_node-3] [INFO] [1788154994.941907057] [uav_0.autopilot_sv_cbf_rate_node]: goal_waypoint received: [0.000, 5.500, 1.500] (overrides waypoint_x/y/z params)
[autopilot_sv_cbf_rate_node-3] [INFO] [1788154995.041912580] [uav_0.autopilot_sv_cbf_rate_node]: goal_waypoint received: [0.000, 5.500, 1.500] (overrides waypoint_x/y/z params)
[autopilot_sv_cbf_rate_node-3] [INFO] [1788154995.141891506] [uav_0.autopilot_sv_cbf_rate_node]: goal_waypoint received: [0.000, 5.500, 1.500] (overrides waypoint_x/y/z params)
[autopilot_sv_cbf_rate_node-3] [INFO] [1788154995.242119928] [uav_0.autopilot_sv_cbf_rate_node]: goal_waypoint received: [0.000, 5.500, 1.500] (overrides waypoint_x/y/z params)
[autopilot_sv_cbf_rate_node-3] [INFO] [1788154995.342130653] [uav_0.autopilot_sv_cbf_rate_node]: goal_waypoint received: [0.000, 5.500, 1.500] (overrides waypoint_x/y/z params)
[autopilot_sv_cbf_rate_node-3] [INFO] [1788154995.442030280] [uav_0.autopilot_sv_cbf_rate_node]: goal_waypoint received: [0.000, 5.500, 1.500] (overrides waypoint_x/y/z params)
[autopilot_sv_cbf_rate_node-3] [INFO] [1788154995.541895907] [uav_0.autopilot_sv_cbf_rate_node]: goal_waypoint received: [0.000, 5.500, 1.500] (overrides waypoint_x/y/z params)
[autopilot_sv_cbf_rate_node-3] [INFO] [1788154995.641896533] [uav_0.autopilot_sv_cbf_rate_node]: goal_waypoint received: [0.000, 5.500, 1.500] (overrides waypoint_x/y/z params)
[autopilot_sv_cbf_rate_node-3] [INFO] [1788154995.741891058] [uav_0.autopilot_sv_cbf_rate_node]: goal_waypoint received: [0.000, 5.500, 1.500] (overrides waypoint_x/y/z params)
[autopilot_sv_cbf_rate_node-3] [INFO] [1788154995.841946083] [uav_0.autopilot_sv_cbf_rate_node]: goal_waypoint received: [0.000, 5.500, 1.500] (overrides waypoint_x/y/z params)
[autopilot_sv_cbf_rate_node-3] [INFO] [1788154995.863685284] [uav_0.autopilot_sv_cbf_rate_node]: pos=[-0.00 5.64 1.42]  T=23.027N  omega=[0.003 -0.001 0.000]  certified=3 uncertified=0  delta=0.0000  gamma=5.000(fixed)  feasible=1
[autopilot_sv_cbf_rate_node-3] [INFO] [1788154995.941910209] [uav_0.autopilot_sv_cbf_rate_node]: goal_waypoint received: [0.000, 5.500, 1.500] (overrides waypoint_x/y/z params)
[autopilot_sv_cbf_rate_node-3] [INFO] [1788154996.041986235] [uav_0.autopilot_sv_cbf_rate_node]: goal_waypoint received: [0.000, 5.500, 1.500] (overrides waypoint_x/y/z params)
[autopilot_sv_cbf_rate_node-3] [INFO] [1788154996.141844265] [uav_0.autopilot_sv_cbf_rate_node]: goal_waypoint received: [0.000, 5.500, 1.500] (overrides waypoint_x/y/z params)
[autopilot_sv_cbf_rate_node-3] [INFO] [1788154996.241909693] [uav_0.autopilot_sv_cbf_rate_node]: goal_waypoint received: [0.000, 5.500, 1.500] (overrides waypoint_x/y/z params)
[autopilot_sv_cbf_rate_node-3] [INFO] [1788154996.342185317] [uav_0.autopilot_sv_cbf_rate_node]: goal_waypoint received: [0.000, 5.500, 1.500] (overrides waypoint_x/y/z params)
[autopilot_sv_cbf_rate_node-3] [INFO] [1788154996.442348844] [uav_0.autopilot_sv_cbf_rate_node]: goal_waypoint received: [0.000, 5.500, 1.500] (overrides waypoint_x/y/z params)
[autopilot_sv_cbf_rate_node-3] [INFO] [1788154996.541920678] [uav_0.autopilot_sv_cbf_rate_node]: goal_waypoint received: [0.000, 5.500, 1.500] (overrides waypoint_x/y/z params)
[autopilot_sv_cbf_rate_node-3] [INFO] [1788154996.642139904] [uav_0.autopilot_sv_cbf_rate_node]: goal_waypoint received: [0.000, 5.500, 1.500] (overrides waypoint_x/y/z params)
[autopilot_sv_cbf_rate_node-3] [INFO] [1788154996.742083833] [uav_0.autopilot_sv_cbf_rate_node]: goal_waypoint received: [0.000, 5.500, 1.500] (overrides waypoint_x/y/z params)
[autopilot_sv_cbf_rate_node-3] [INFO] [1788154996.843982636] [uav_0.autopilot_sv_cbf_rate_node]: goal_waypoint received: [0.000, 5.500, 1.500] (overrides waypoint_x/y/z params)
[autopilot_sv_cbf_rate_node-3] [INFO] [1788154996.863711665] [uav_0.autopilot_sv_cbf_rate_node]: pos=[0.01 5.61 1.43]  T=22.995N  omega=[0.002 0.005 0.000]  certified=3 uncertified=0  delta=0.0000  gamma=5.000(fixed)  feasible=1
[autopilot_sv_cbf_rate_node-3] [INFO] [1788154996.942144589] [uav_0.autopilot_sv_cbf_rate_node]: goal_waypoint received: [0.000, 5.500, 1.500] (overrides waypoint_x/y/z params)
[autopilot_sv_cbf_rate_node-3] [INFO] [1788154997.042744011] [uav_0.autopilot_sv_cbf_rate_node]: goal_waypoint received: [0.000, 5.500, 1.500] (overrides waypoint_x/y/z params)
[autopilot_sv_cbf_rate_node-3] [INFO] [1788154997.142259049] [uav_0.autopilot_sv_cbf_rate_node]: goal_waypoint received: [0.000, 5.500, 1.500] (overrides waypoint_x/y/z params)
[autopilot_sv_cbf_rate_node-3] [INFO] [1788154997.242319180] [uav_0.autopilot_sv_cbf_rate_node]: goal_waypoint received: [0.000, 5.500, 1.500] (overrides waypoint_x/y/z params)
[autopilot_sv_cbf_rate_node-3] [INFO] [1788154997.341977216] [uav_0.autopilot_sv_cbf_rate_node]: goal_waypoint received: [0.000, 5.500, 1.500] (overrides waypoint_x/y/z params)
[autopilot_sv_cbf_rate_node-3] [INFO] [1788154997.442229744] [uav_0.autopilot_sv_cbf_rate_node]: goal_waypoint received: [0.000, 5.500, 1.500] (overrides waypoint_x/y/z params)
[autopilot_sv_cbf_rate_node-3] [INFO] [1788154997.541945480] [uav_0.autopilot_sv_cbf_rate_node]: goal_waypoint received: [0.000, 5.500, 1.500] (overrides waypoint_x/y/z params)
[autopilot_sv_cbf_rate_node-3] [INFO] [1788154997.642149009] [uav_0.autopilot_sv_cbf_rate_node]: goal_waypoint received: [0.000, 5.500, 1.500] (overrides waypoint_x/y/z params)
[autopilot_sv_cbf_rate_node-3] [INFO] [1788154997.742001243] [uav_0.autopilot_sv_cbf_rate_node]: goal_waypoint received: [0.000, 5.500, 1.500] (overrides waypoint_x/y/z params)
[autopilot_sv_cbf_rate_node-3] [INFO] [1788154997.841850776] [uav_0.autopilot_sv_cbf_rate_node]: goal_waypoint received: [0.000, 5.500, 1.500] (overrides waypoint_x/y/z params)
[autopilot_sv_cbf_rate_node-3] [INFO] [1788154997.863708777] [uav_0.autopilot_sv_cbf_rate_node]: pos=[-0.00 5.58 1.44]  T=22.951N  omega=[0.006 -0.009 0.000]  certified=3 uncertified=0  delta=0.0000  gamma=5.000(fixed)  feasible=1
[autopilot_sv_cbf_rate_node-3] [INFO] [1788154997.941930407] [uav_0.autopilot_sv_cbf_rate_node]: goal_waypoint received: [0.000, 5.500, 1.500] (overrides waypoint_x/y/z params)
[autopilot_sv_cbf_rate_node-3] [INFO] [1788154998.042604730] [uav_0.autopilot_sv_cbf_rate_node]: goal_waypoint received: [0.000, 5.500, 1.500] (overrides waypoint_x/y/z params)
[autopilot_sv_cbf_rate_node-3] [INFO] [1788154998.141986874] [uav_0.autopilot_sv_cbf_rate_node]: goal_waypoint received: [0.000, 5.500, 1.500] (overrides waypoint_x/y/z params)
[autopilot_sv_cbf_rate_node-3] [INFO] [1788154998.241939509] [uav_0.autopilot_sv_cbf_rate_node]: goal_waypoint received: [0.000, 5.500, 1.500] (overrides waypoint_x/y/z params)
[autopilot_sv_cbf_rate_node-3] [INFO] [1788154998.341864045] [uav_0.autopilot_sv_cbf_rate_node]: goal_waypoint received: [0.000, 5.500, 1.500] (overrides waypoint_x/y/z params)
[autopilot_sv_cbf_rate_node-3] [INFO] [1788154998.441887679] [uav_0.autopilot_sv_cbf_rate_node]: goal_waypoint received: [0.000, 5.500, 1.500] (overrides waypoint_x/y/z params)
[autopilot_sv_cbf_rate_node-3] [INFO] [1788154998.542068611] [uav_0.autopilot_sv_cbf_rate_node]: goal_waypoint received: [0.000, 5.500, 1.500] (overrides waypoint_x/y/z params)
[autopilot_sv_cbf_rate_node-3] [INFO] [1788154998.641972747] [uav_0.autopilot_sv_cbf_rate_node]: goal_waypoint received: [0.000, 5.500, 1.500] (overrides waypoint_x/y/z params)
[autopilot_sv_cbf_rate_node-3] [INFO] [1788154998.741950683] [uav_0.autopilot_sv_cbf_rate_node]: goal_waypoint received: [0.000, 5.500, 1.500] (overrides waypoint_x/y/z params)
[autopilot_sv_cbf_rate_node-3] [INFO] [1788154998.841819719] [uav_0.autopilot_sv_cbf_rate_node]: goal_waypoint received: [0.000, 5.500, 1.500] (overrides waypoint_x/y/z params)
[autopilot_sv_cbf_rate_node-3] [INFO] [1788154998.863664221] [uav_0.autopilot_sv_cbf_rate_node]: pos=[-0.01 5.58 1.44]  T=23.007N  omega=[0.005 0.012 0.000]  certified=3 uncertified=0  delta=0.0000  gamma=5.000(fixed)  feasible=1
[autopilot_sv_cbf_rate_node-3] [INFO] [1788154998.942329347] [uav_0.autopilot_sv_cbf_rate_node]: goal_waypoint received: [0.000, 5.500, 1.500] (overrides waypoint_x/y/z params)
[autopilot_sv_cbf_rate_node-3] [INFO] [1788154999.042038987] [uav_0.autopilot_sv_cbf_rate_node]: goal_waypoint received: [0.000, 5.500, 1.500] (overrides waypoint_x/y/z params)
[autopilot_sv_cbf_rate_node-3] [INFO] [1788154999.141965626] [uav_0.autopilot_sv_cbf_rate_node]: goal_waypoint received: [0.000, 5.500, 1.500] (overrides waypoint_x/y/z params)
[autopilot_sv_cbf_rate_node-3] [INFO] [1788154999.241899764] [uav_0.autopilot_sv_cbf_rate_node]: goal_waypoint received: [0.000, 5.500, 1.500] (overrides waypoint_x/y/z params)
[autopilot_sv_cbf_rate_node-3] [INFO] [1788154999.341824975] [uav_0.autopilot_sv_cbf_rate_node]: goal_waypoint received: [0.000, 5.500, 1.500] (overrides waypoint_x/y/z params)
[autopilot_sv_cbf_rate_node-3] [INFO] [1788154999.442110895] [uav_0.autopilot_sv_cbf_rate_node]: goal_waypoint received: [0.000, 5.500, 1.500] (overrides waypoint_x/y/z params)
[autopilot_sv_cbf_rate_node-3] [INFO] [1788154999.541913220] [uav_0.autopilot_sv_cbf_rate_node]: goal_waypoint received: [0.000, 5.500, 1.500] (overrides waypoint_x/y/z params)
[autopilot_sv_cbf_rate_node-3] [INFO] [1788154999.642567736] [uav_0.autopilot_sv_cbf_rate_node]: goal_waypoint received: [0.000, 5.500, 1.500] (overrides waypoint_x/y/z params)
[autopilot_sv_cbf_rate_node-3] [INFO] [1788154999.741867167] [uav_0.autopilot_sv_cbf_rate_node]: goal_waypoint received: [0.000, 5.500, 1.500] (overrides waypoint_x/y/z params)
[autopilot_sv_cbf_rate_node-3] [INFO] [1788154999.842416184] [uav_0.autopilot_sv_cbf_rate_node]: goal_waypoint received: [0.000, 5.500, 1.500] (overrides waypoint_x/y/z params)
[autopilot_sv_cbf_rate_node-3] [INFO] [1788154999.863619856] [uav_0.autopilot_sv_cbf_rate_node]: pos=[0.01 5.57 1.45]  T=22.986N  omega=[0.018 0.015 0.000]  certified=3 uncertified=0  delta=0.0000  gamma=5.000(fixed)  feasible=1
[autopilot_sv_cbf_rate_node-3] [INFO] [1788154999.941883613] [uav_0.autopilot_sv_cbf_rate_node]: goal_waypoint received: [0.000, 5.500, 1.500] (overrides waypoint_x/y/z params)
[autopilot_sv_cbf_rate_node-3] [INFO] [1788155000.041788938] [uav_0.autopilot_sv_cbf_rate_node]: goal_waypoint received: [0.000, 5.500, 1.500] (overrides waypoint_x/y/z params)
[autopilot_sv_cbf_rate_node-3] [INFO] [1788155000.141937463] [uav_0.autopilot_sv_cbf_rate_node]: goal_waypoint received: [0.000, 5.500, 1.500] (overrides waypoint_x/y/z params)
[autopilot_sv_cbf_rate_node-3] [INFO] [1788155000.241956388] [uav_0.autopilot_sv_cbf_rate_node]: goal_waypoint received: [0.000, 5.500, 1.500] (overrides waypoint_x/y/z params)
[autopilot_sv_cbf_rate_node-3] [INFO] [1788155000.341873516] [uav_0.autopilot_sv_cbf_rate_node]: goal_waypoint received: [0.000, 5.500, 1.500] (overrides waypoint_x/y/z params)
[autopilot_sv_cbf_rate_node-3] [INFO] [1788155000.442015240] [uav_0.autopilot_sv_cbf_rate_node]: goal_waypoint received: [0.000, 5.500, 1.500] (overrides waypoint_x/y/z params)
[autopilot_sv_cbf_rate_node-3] [INFO] [1788155000.541805769] [uav_0.autopilot_sv_cbf_rate_node]: goal_waypoint received: [0.000, 5.500, 1.500] (overrides waypoint_x/y/z params)
[autopilot_sv_cbf_rate_node-3] [INFO] [1788155000.641798695] [uav_0.autopilot_sv_cbf_rate_node]: goal_waypoint received: [0.000, 5.500, 1.500] (overrides waypoint_x/y/z params)
[autopilot_sv_cbf_rate_node-3] [INFO] [1788155000.741911020] [uav_0.autopilot_sv_cbf_rate_node]: goal_waypoint received: [0.000, 5.500, 1.500] (overrides waypoint_x/y/z params)
[autopilot_sv_cbf_rate_node-3] [INFO] [1788155000.841962545] [uav_0.autopilot_sv_cbf_rate_node]: goal_waypoint received: [0.000, 5.500, 1.500] (overrides waypoint_x/y/z params)
[autopilot_sv_cbf_rate_node-3] [INFO] [1788155000.863624613] [uav_0.autopilot_sv_cbf_rate_node]: pos=[0.01 5.59 1.44]  T=23.014N  omega=[-0.018 0.009 0.000]  certified=3 uncertified=0  delta=0.0000  gamma=5.000(fixed)  feasible=1
[autopilot_sv_cbf_rate_node-3] [INFO] [1788155000.942253568] [uav_0.autopilot_sv_cbf_rate_node]: goal_waypoint received: [0.000, 5.500, 1.500] (overrides waypoint_x/y/z params)
[autopilot_sv_cbf_rate_node-3] [INFO] [1788155001.042082597] [uav_0.autopilot_sv_cbf_rate_node]: goal_waypoint received: [0.000, 5.500, 1.500] (overrides waypoint_x/y/z params)
[autopilot_sv_cbf_rate_node-3] [INFO] [1788155001.142034127] [uav_0.autopilot_sv_cbf_rate_node]: goal_waypoint received: [0.000, 5.500, 1.500] (overrides waypoint_x/y/z params)
[autopilot_sv_cbf_rate_node-3] [INFO] [1788155001.242123755] [uav_0.autopilot_sv_cbf_rate_node]: goal_waypoint received: [0.000, 5.500, 1.500] (overrides waypoint_x/y/z params)
[autopilot_sv_cbf_rate_node-3] [INFO] [1788155001.342138184] [uav_0.autopilot_sv_cbf_rate_node]: goal_waypoint received: [0.000, 5.500, 1.500] (overrides waypoint_x/y/z params)
[autopilot_sv_cbf_rate_node-3] [INFO] [1788155001.442086714] [uav_0.autopilot_sv_cbf_rate_node]: goal_waypoint received: [0.000, 5.500, 1.500] (overrides waypoint_x/y/z params)
[autopilot_sv_cbf_rate_node-3] [INFO] [1788155001.542078443] [uav_0.autopilot_sv_cbf_rate_node]: goal_waypoint received: [0.000, 5.500, 1.500] (overrides waypoint_x/y/z params)
[autopilot_sv_cbf_rate_node-3] [INFO] [1788155001.642030573] [uav_0.autopilot_sv_cbf_rate_node]: goal_waypoint received: [0.000, 5.500, 1.500] (overrides waypoint_x/y/z params)
[autopilot_sv_cbf_rate_node-3] [INFO] [1788155001.742028202] [uav_0.autopilot_sv_cbf_rate_node]: goal_waypoint received: [0.000, 5.500, 1.500] (overrides waypoint_x/y/z params)
[autopilot_sv_cbf_rate_node-3] [INFO] [1788155001.842069631] [uav_0.autopilot_sv_cbf_rate_node]: goal_waypoint received: [0.000, 5.500, 1.500] (overrides waypoint_x/y/z params)
[autopilot_sv_cbf_rate_node-3] [INFO] [1788155001.863583201] [uav_0.autopilot_sv_cbf_rate_node]: pos=[0.01 5.58 1.45]  T=22.961N  omega=[-0.019 -0.007 0.000]  certified=3 uncertified=0  delta=0.0000  gamma=5.000(fixed)  feasible=1
[autopilot_sv_cbf_rate_node-3] [INFO] [1788155001.942005061] [uav_0.autopilot_sv_cbf_rate_node]: goal_waypoint received: [0.000, 5.500, 1.500] (overrides waypoint_x/y/z params)
[autopilot_sv_cbf_rate_node-3] [INFO] [1788155002.041826593] [uav_0.autopilot_sv_cbf_rate_node]: goal_waypoint received: [0.000, 5.500, 1.500] (overrides waypoint_x/y/z params)
[autopilot_sv_cbf_rate_node-3] [INFO] [1788155002.142010224] [uav_0.autopilot_sv_cbf_rate_node]: goal_waypoint received: [0.000, 5.500, 1.500] (overrides waypoint_x/y/z params)
[autopilot_sv_cbf_rate_node-3] [INFO] [1788155002.242073955] [uav_0.autopilot_sv_cbf_rate_node]: goal_waypoint received: [0.000, 5.500, 1.500] (overrides waypoint_x/y/z params)
[autopilot_sv_cbf_rate_node-3] [INFO] [1788155002.341815190] [uav_0.autopilot_sv_cbf_rate_node]: goal_waypoint received: [0.000, 5.500, 1.500] (overrides waypoint_x/y/z params)
[autopilot_sv_cbf_rate_node-3] [INFO] [1788155002.442015420] [uav_0.autopilot_sv_cbf_rate_node]: goal_waypoint received: [0.000, 5.500, 1.500] (overrides waypoint_x/y/z params)
[autopilot_sv_cbf_rate_node-3] [INFO] [1788155002.541953753] [uav_0.autopilot_sv_cbf_rate_node]: goal_waypoint received: [0.000, 5.500, 1.500] (overrides waypoint_x/y/z params)
[autopilot_sv_cbf_rate_node-3] [INFO] [1788155002.641925386] [uav_0.autopilot_sv_cbf_rate_node]: goal_waypoint received: [0.000, 5.500, 1.500] (overrides waypoint_x/y/z params)
[autopilot_sv_cbf_rate_node-3] [INFO] [1788155002.741861571] [uav_0.autopilot_sv_cbf_rate_node]: goal_waypoint received: [0.000, 5.500, 1.500] (overrides waypoint_x/y/z params)
[autopilot_sv_cbf_rate_node-3] [INFO] [1788155002.841870940] [uav_0.autopilot_sv_cbf_rate_node]: goal_waypoint received: [0.000, 5.500, 1.500] (overrides waypoint_x/y/z params)
[autopilot_sv_cbf_rate_node-3] [INFO] [1788155002.863593095] [uav_0.autopilot_sv_cbf_rate_node]: pos=[-0.00 5.56 1.46]  T=23.003N  omega=[0.018 0.006 0.000]  certified=3 uncertified=0  delta=0.0000  gamma=5.000(fixed)  feasible=1
[autopilot_sv_cbf_rate_node-3] [INFO] [1788155002.941863609] [uav_0.autopilot_sv_cbf_rate_node]: goal_waypoint received: [0.000, 5.500, 1.500] (overrides waypoint_x/y/z params)
[autopilot_sv_cbf_rate_node-3] [INFO] [1788155003.041816880] [uav_0.autopilot_sv_cbf_rate_node]: goal_waypoint received: [0.000, 5.500, 1.500] (overrides waypoint_x/y/z params)
[autopilot_sv_cbf_rate_node-3] [INFO] [1788155003.141976450] [uav_0.autopilot_sv_cbf_rate_node]: goal_waypoint received: [0.000, 5.500, 1.500] (overrides waypoint_x/y/z params)
[autopilot_sv_cbf_rate_node-3] [INFO] [1788155003.241974322] [uav_0.autopilot_sv_cbf_rate_node]: goal_waypoint received: [0.000, 5.500, 1.500] (overrides waypoint_x/y/z params)
[autopilot_sv_cbf_rate_node-3] [INFO] [1788155003.341875695] [uav_0.autopilot_sv_cbf_rate_node]: goal_waypoint received: [0.000, 5.500, 1.500] (overrides waypoint_x/y/z params)
[autopilot_sv_cbf_rate_node-3] [INFO] [1788155003.442169164] [uav_0.autopilot_sv_cbf_rate_node]: goal_waypoint received: [0.000, 5.500, 1.500] (overrides waypoint_x/y/z params)
[autopilot_sv_cbf_rate_node-3] [INFO] [1788155003.541912839] [uav_0.autopilot_sv_cbf_rate_node]: goal_waypoint received: [0.000, 5.500, 1.500] (overrides waypoint_x/y/z params)
[autopilot_sv_cbf_rate_node-3] [INFO] [1788155003.641835711] [uav_0.autopilot_sv_cbf_rate_node]: goal_waypoint received: [0.000, 5.500, 1.500] (overrides waypoint_x/y/z params)
[autopilot_sv_cbf_rate_node-3] [INFO] [1788155003.742053881] [uav_0.autopilot_sv_cbf_rate_node]: goal_waypoint received: [0.000, 5.500, 1.500] (overrides waypoint_x/y/z params)
[autopilot_sv_cbf_rate_node-3] [INFO] [1788155003.842026853] [uav_0.autopilot_sv_cbf_rate_node]: goal_waypoint received: [0.000, 5.500, 1.500] (overrides waypoint_x/y/z params)
[autopilot_sv_cbf_rate_node-3] [INFO] [1788155003.863568610] [uav_0.autopilot_sv_cbf_rate_node]: pos=[0.00 5.56 1.47]  T=22.986N  omega=[-0.019 0.012 0.000]  certified=3 uncertified=0  delta=0.0000  gamma=5.000(fixed)  feasible=1
[autopilot_sv_cbf_rate_node-3] [INFO] [1788155003.942269122] [uav_0.autopilot_sv_cbf_rate_node]: goal_waypoint received: [0.000, 5.500, 1.500] (overrides waypoint_x/y/z params)
[autopilot_sv_cbf_rate_node-3] [INFO] [1788155004.042130097] [uav_0.autopilot_sv_cbf_rate_node]: goal_waypoint received: [0.000, 5.500, 1.500] (overrides waypoint_x/y/z params)
[autopilot_sv_cbf_rate_node-3] [INFO] [1788155004.142185671] [uav_0.autopilot_sv_cbf_rate_node]: goal_waypoint received: [0.000, 5.500, 1.500] (overrides waypoint_x/y/z params)
[autopilot_sv_cbf_rate_node-3] [INFO] [1788155004.242153147] [uav_0.autopilot_sv_cbf_rate_node]: goal_waypoint received: [0.000, 5.500, 1.500] (overrides waypoint_x/y/z params)
[autopilot_sv_cbf_rate_node-3] [INFO] [1788155004.342038823] [uav_0.autopilot_sv_cbf_rate_node]: goal_waypoint received: [0.000, 5.500, 1.500] (overrides waypoint_x/y/z params)
[autopilot_sv_cbf_rate_node-3] [INFO] [1788155004.442195396] [uav_0.autopilot_sv_cbf_rate_node]: goal_waypoint received: [0.000, 5.500, 1.500] (overrides waypoint_x/y/z params)
[autopilot_sv_cbf_rate_node-3] [INFO] [1788155004.542050573] [uav_0.autopilot_sv_cbf_rate_node]: goal_waypoint received: [0.000, 5.500, 1.500] (overrides waypoint_x/y/z params)
[autopilot_sv_cbf_rate_node-3] [INFO] [1788155004.641991649] [uav_0.autopilot_sv_cbf_rate_node]: goal_waypoint received: [0.000, 5.500, 1.500] (overrides waypoint_x/y/z params)
[autopilot_sv_cbf_rate_node-3] [INFO] [1788155004.741969924] [uav_0.autopilot_sv_cbf_rate_node]: goal_waypoint received: [0.000, 5.500, 1.500] (overrides waypoint_x/y/z params)
[autopilot_sv_cbf_rate_node-3] [INFO] [1788155004.841909200] [uav_0.autopilot_sv_cbf_rate_node]: goal_waypoint received: [0.000, 5.500, 1.500] (overrides waypoint_x/y/z params)
[autopilot_sv_cbf_rate_node-3] [INFO] [1788155004.863589156] [uav_0.autopilot_sv_cbf_rate_node]: pos=[0.00 5.55 1.46]  T=22.997N  omega=[-0.017 -0.017 0.000]  certified=3 uncertified=0  delta=0.0000  gamma=5.000(fixed)  feasible=1
[autopilot_sv_cbf_rate_node-3] [INFO] [1788155004.942023574] [uav_0.autopilot_sv_cbf_rate_node]: goal_waypoint received: [0.000, 5.500, 1.500] (overrides waypoint_x/y/z params)
[autopilot_sv_cbf_rate_node-3] [INFO] [1788155005.042603743] [uav_0.autopilot_sv_cbf_rate_node]: goal_waypoint received: [0.000, 5.500, 1.500] (overrides waypoint_x/y/z params)
[autopilot_sv_cbf_rate_node-3] [INFO] [1788155005.141925729] [uav_0.autopilot_sv_cbf_rate_node]: goal_waypoint received: [0.000, 5.500, 1.500] (overrides waypoint_x/y/z params)
[autopilot_sv_cbf_rate_node-3] [INFO] [1788155005.241930807] [uav_0.autopilot_sv_cbf_rate_node]: goal_waypoint received: [0.000, 5.500, 1.500] (overrides waypoint_x/y/z params)
[autopilot_sv_cbf_rate_node-3] [INFO] [1788155005.342019384] [uav_0.autopilot_sv_cbf_rate_node]: goal_waypoint received: [0.000, 5.500, 1.500] (overrides waypoint_x/y/z params)
[autopilot_sv_cbf_rate_node-3] [INFO] [1788155005.441952763] [uav_0.autopilot_sv_cbf_rate_node]: goal_waypoint received: [0.000, 5.500, 1.500] (overrides waypoint_x/y/z params)
[autopilot_sv_cbf_rate_node-3] [INFO] [1788155005.542019540] [uav_0.autopilot_sv_cbf_rate_node]: goal_waypoint received: [0.000, 5.500, 1.500] (overrides waypoint_x/y/z params)
[autopilot_sv_cbf_rate_node-3] [INFO] [1788155005.641890720] [uav_0.autopilot_sv_cbf_rate_node]: goal_waypoint received: [0.000, 5.500, 1.500] (overrides waypoint_x/y/z params)
[autopilot_sv_cbf_rate_node-3] [INFO] [1788155005.741988997] [uav_0.autopilot_sv_cbf_rate_node]: goal_waypoint received: [0.000, 5.500, 1.500] (overrides waypoint_x/y/z params)
[autopilot_sv_cbf_rate_node-3] [INFO] [1788155005.841952975] [uav_0.autopilot_sv_cbf_rate_node]: goal_waypoint received: [0.000, 5.500, 1.500] (overrides waypoint_x/y/z params)
[autopilot_sv_cbf_rate_node-3] [INFO] [1788155005.863619032] [uav_0.autopilot_sv_cbf_rate_node]: pos=[0.03 5.53 1.46]  T=23.018N  omega=[-0.002 -0.016 0.000]  certified=3 uncertified=0  delta=0.0000  gamma=5.000(fixed)  feasible=1
[autopilot_sv_cbf_rate_node-3] [INFO] [1788155005.941935653] [uav_0.autopilot_sv_cbf_rate_node]: goal_waypoint received: [0.000, 5.500, 1.500] (overrides waypoint_x/y/z params)
[autopilot_sv_cbf_rate_node-3] [INFO] [1788155006.041930333] [uav_0.autopilot_sv_cbf_rate_node]: goal_waypoint received: [0.000, 5.500, 1.500] (overrides waypoint_x/y/z params)
[autopilot_sv_cbf_rate_node-3] [INFO] [1788155006.142330509] [uav_0.autopilot_sv_cbf_rate_node]: goal_waypoint received: [0.000, 5.500, 1.500] (overrides waypoint_x/y/z params)
[autopilot_sv_cbf_rate_node-3] [INFO] [1788155006.241820396] [uav_0.autopilot_sv_cbf_rate_node]: goal_waypoint received: [0.000, 5.500, 1.500] (overrides waypoint_x/y/z params)
[autopilot_sv_cbf_rate_node-3] [INFO] [1788155006.341906476] [uav_0.autopilot_sv_cbf_rate_node]: goal_waypoint received: [0.000, 5.500, 1.500] (overrides waypoint_x/y/z params)
[autopilot_sv_cbf_rate_node-3] [INFO] [1788155006.442273453] [uav_0.autopilot_sv_cbf_rate_node]: goal_waypoint received: [0.000, 5.500, 1.500] (overrides waypoint_x/y/z params)
[autopilot_sv_cbf_rate_node-3] [INFO] [1788155006.542126536] [uav_0.autopilot_sv_cbf_rate_node]: goal_waypoint received: [0.000, 5.500, 1.500] (overrides waypoint_x/y/z params)
[autopilot_sv_cbf_rate_node-3] [INFO] [1788155006.641917320] [uav_0.autopilot_sv_cbf_rate_node]: goal_waypoint received: [0.000, 5.500, 1.500] (overrides waypoint_x/y/z params)
[autopilot_sv_cbf_rate_node-3] [INFO] [1788155006.741950300] [uav_0.autopilot_sv_cbf_rate_node]: goal_waypoint received: [0.000, 5.500, 1.500] (overrides waypoint_x/y/z params)
[autopilot_sv_cbf_rate_node-3] [INFO] [1788155006.841866383] [uav_0.autopilot_sv_cbf_rate_node]: goal_waypoint received: [0.000, 5.500, 1.500] (overrides waypoint_x/y/z params)
[autopilot_sv_cbf_rate_node-3] [INFO] [1788155006.863553540] [uav_0.autopilot_sv_cbf_rate_node]: pos=[0.05 5.56 1.46]  T=23.012N  omega=[-0.014 0.020 0.000]  certified=3 uncertified=0  delta=0.0000  gamma=5.000(fixed)  feasible=1
[autopilot_sv_cbf_rate_node-3] [INFO] [1788155006.941819864] [uav_0.autopilot_sv_cbf_rate_node]: goal_waypoint received: [0.000, 5.500, 1.500] (overrides waypoint_x/y/z params)
[autopilot_sv_cbf_rate_node-3] [INFO] [1788155007.041911445] [uav_0.autopilot_sv_cbf_rate_node]: goal_waypoint received: [0.000, 5.500, 1.500] (overrides waypoint_x/y/z params)
[autopilot_sv_cbf_rate_node-3] [INFO] [1788155007.142199126] [uav_0.autopilot_sv_cbf_rate_node]: goal_waypoint received: [0.000, 5.500, 1.500] (overrides waypoint_x/y/z params)
[autopilot_sv_cbf_rate_node-3] [INFO] [1788155007.242022812] [uav_0.autopilot_sv_cbf_rate_node]: goal_waypoint received: [0.000, 5.500, 1.500] (overrides waypoint_x/y/z params)
[autopilot_sv_cbf_rate_node-3] [INFO] [1788155007.342107196] [uav_0.autopilot_sv_cbf_rate_node]: goal_waypoint received: [0.000, 5.500, 1.500] (overrides waypoint_x/y/z params)
[autopilot_sv_cbf_rate_node-3] [INFO] [1788155007.442262078] [uav_0.autopilot_sv_cbf_rate_node]: goal_waypoint received: [0.000, 5.500, 1.500] (overrides waypoint_x/y/z params)
[autopilot_sv_cbf_rate_node-3] [INFO] [1788155007.542130164] [uav_0.autopilot_sv_cbf_rate_node]: goal_waypoint received: [0.000, 5.500, 1.500] (overrides waypoint_x/y/z params)
[autopilot_sv_cbf_rate_node-3] [INFO] [1788155007.641972750] [uav_0.autopilot_sv_cbf_rate_node]: goal_waypoint received: [0.000, 5.500, 1.500] (overrides waypoint_x/y/z params)
[autopilot_sv_cbf_rate_node-3] [INFO] [1788155007.742168532] [uav_0.autopilot_sv_cbf_rate_node]: goal_waypoint received: [0.000, 5.500, 1.500] (overrides waypoint_x/y/z params)
[autopilot_sv_cbf_rate_node-3] [INFO] [1788155007.842202716] [uav_0.autopilot_sv_cbf_rate_node]: goal_waypoint received: [0.000, 5.500, 1.500] (overrides waypoint_x/y/z params)
[autopilot_sv_cbf_rate_node-3] [INFO] [1788155007.863541278] [uav_0.autopilot_sv_cbf_rate_node]: pos=[0.02 5.57 1.46]  T=22.978N  omega=[-0.007 0.001 0.000]  certified=3 uncertified=0  delta=0.0000  gamma=5.000(fixed)  feasible=1
[autopilot_sv_cbf_rate_node-3] [INFO] [1788155007.941814204] [uav_0.autopilot_sv_cbf_rate_node]: goal_waypoint received: [0.000, 5.500, 1.500] (overrides waypoint_x/y/z params)
[autopilot_sv_cbf_rate_node-3] [INFO] [1788155008.042070987] [uav_0.autopilot_sv_cbf_rate_node]: goal_waypoint received: [0.000, 5.500, 1.500] (overrides waypoint_x/y/z params)
[autopilot_sv_cbf_rate_node-3] [INFO] [1788155008.141925775] [uav_0.autopilot_sv_cbf_rate_node]: goal_waypoint received: [0.000, 5.500, 1.500] (overrides waypoint_x/y/z params)
[autopilot_sv_cbf_rate_node-3] [INFO] [1788155008.241982862] [uav_0.autopilot_sv_cbf_rate_node]: goal_waypoint received: [0.000, 5.500, 1.500] (overrides waypoint_x/y/z params)
[autopilot_sv_cbf_rate_node-3] [INFO] [1788155008.342002149] [uav_0.autopilot_sv_cbf_rate_node]: goal_waypoint received: [0.000, 5.500, 1.500] (overrides waypoint_x/y/z params)
[autopilot_sv_cbf_rate_node-3] [INFO] [1788155008.441850338] [uav_0.autopilot_sv_cbf_rate_node]: goal_waypoint received: [0.000, 5.500, 1.500] (overrides waypoint_x/y/z params)
[autopilot_sv_cbf_rate_node-3] [INFO] [1788155008.541985824] [uav_0.autopilot_sv_cbf_rate_node]: goal_waypoint received: [0.000, 5.500, 1.500] (overrides waypoint_x/y/z params)
[autopilot_sv_cbf_rate_node-3] [INFO] [1788155008.641901712] [uav_0.autopilot_sv_cbf_rate_node]: goal_waypoint received: [0.000, 5.500, 1.500] (overrides waypoint_x/y/z params)
[autopilot_sv_cbf_rate_node-3] [INFO] [1788155008.741853800] [uav_0.autopilot_sv_cbf_rate_node]: goal_waypoint received: [0.000, 5.500, 1.500] (overrides waypoint_x/y/z params)
[autopilot_sv_cbf_rate_node-3] [INFO] [1788155008.842932675] [uav_0.autopilot_sv_cbf_rate_node]: goal_waypoint received: [0.000, 5.500, 1.500] (overrides waypoint_x/y/z params)
[autopilot_sv_cbf_rate_node-3] [INFO] [1788155008.863540845] [uav_0.autopilot_sv_cbf_rate_node]: pos=[-0.01 5.58 1.47]  T=23.016N  omega=[-0.013 -0.000 0.000]  certified=3 uncertified=0  delta=0.0000  gamma=5.000(fixed)  feasible=1
[autopilot_sv_cbf_rate_node-3] [INFO] [1788155008.941873574] [uav_0.autopilot_sv_cbf_rate_node]: goal_waypoint received: [0.000, 5.500, 1.500] (overrides waypoint_x/y/z params)
[autopilot_sv_cbf_rate_node-3] [INFO] [1788155009.041889462] [uav_0.autopilot_sv_cbf_rate_node]: goal_waypoint received: [0.000, 5.500, 1.500] (overrides waypoint_x/y/z params)
[autopilot_sv_cbf_rate_node-3] [INFO] [1788155009.141969151] [uav_0.autopilot_sv_cbf_rate_node]: goal_waypoint received: [0.000, 5.500, 1.500] (overrides waypoint_x/y/z params)
[autopilot_sv_cbf_rate_node-3] [INFO] [1788155009.241883742] [uav_0.autopilot_sv_cbf_rate_node]: goal_waypoint received: [0.000, 5.500, 1.500] (overrides waypoint_x/y/z params)
[autopilot_sv_cbf_rate_node-3] [INFO] [1788155009.341911532] [uav_0.autopilot_sv_cbf_rate_node]: goal_waypoint received: [0.000, 5.500, 1.500] (overrides waypoint_x/y/z params)
[autopilot_sv_cbf_rate_node-3] [INFO] [1788155009.441835824] [uav_0.autopilot_sv_cbf_rate_node]: goal_waypoint received: [0.000, 5.500, 1.500] (overrides waypoint_x/y/z params)
[autopilot_sv_cbf_rate_node-3] [INFO] [1788155009.541914913] [uav_0.autopilot_sv_cbf_rate_node]: goal_waypoint received: [0.000, 5.500, 1.500] (overrides waypoint_x/y/z params)
[autopilot_sv_cbf_rate_node-3] [INFO] [1788155009.641848404] [uav_0.autopilot_sv_cbf_rate_node]: goal_waypoint received: [0.000, 5.500, 1.500] (overrides waypoint_x/y/z params)
[autopilot_sv_cbf_rate_node-3] [INFO] [1788155009.741947293] [uav_0.autopilot_sv_cbf_rate_node]: goal_waypoint received: [0.000, 5.500, 1.500] (overrides waypoint_x/y/z params)
[autopilot_sv_cbf_rate_node-3] [INFO] [1788155009.842021582] [uav_0.autopilot_sv_cbf_rate_node]: goal_waypoint received: [0.000, 5.500, 1.500] (overrides waypoint_x/y/z params)
[autopilot_sv_cbf_rate_node-3] [INFO] [1788155009.863513444] [uav_0.autopilot_sv_cbf_rate_node]: pos=[0.00 5.53 1.49]  T=22.929N  omega=[0.018 -0.010 0.000]  certified=3 uncertified=0  delta=0.0000  gamma=5.000(fixed)  feasible=1
[autopilot_sv_cbf_rate_node-3] [INFO] [1788155009.941854575] [uav_0.autopilot_sv_cbf_rate_node]: goal_waypoint received: [0.000, 5.500, 1.500] (overrides waypoint_x/y/z params)
[autopilot_sv_cbf_rate_node-3] [INFO] [1788155010.041786767] [uav_0.autopilot_sv_cbf_rate_node]: goal_waypoint received: [0.000, 5.500, 1.500] (overrides waypoint_x/y/z params)
[autopilot_sv_cbf_rate_node-3] [INFO] [1788155010.142063157] [uav_0.autopilot_sv_cbf_rate_node]: goal_waypoint received: [0.000, 5.500, 1.500] (overrides waypoint_x/y/z params)
[autopilot_sv_cbf_rate_node-3] [INFO] [1788155010.241920852] [uav_0.autopilot_sv_cbf_rate_node]: goal_waypoint received: [0.000, 5.500, 1.500] (overrides waypoint_x/y/z params)
[autopilot_sv_cbf_rate_node-3] [INFO] [1788155010.342038344] [uav_0.autopilot_sv_cbf_rate_node]: goal_waypoint received: [0.000, 5.500, 1.500] (overrides waypoint_x/y/z params)
[autopilot_sv_cbf_rate_node-3] [INFO] [1788155010.441830339] [uav_0.autopilot_sv_cbf_rate_node]: goal_waypoint received: [0.000, 5.500, 1.500] (overrides waypoint_x/y/z params)
[autopilot_sv_cbf_rate_node-3] [INFO] [1788155010.541889132] [uav_0.autopilot_sv_cbf_rate_node]: goal_waypoint received: [0.000, 5.500, 1.500] (overrides waypoint_x/y/z params)
[autopilot_sv_cbf_rate_node-3] [INFO] [1788155010.641831226] [uav_0.autopilot_sv_cbf_rate_node]: goal_waypoint received: [0.000, 5.500, 1.500] (overrides waypoint_x/y/z params)
[autopilot_sv_cbf_rate_node-3] [INFO] [1788155010.741889314] [uav_0.autopilot_sv_cbf_rate_node]: goal_waypoint received: [0.000, 5.500, 1.500] (overrides waypoint_x/y/z params)
[autopilot_sv_cbf_rate_node-3] [INFO] [1788155010.842174642] [uav_0.autopilot_sv_cbf_rate_node]: goal_waypoint received: [0.000, 5.500, 1.500] (overrides waypoint_x/y/z params)
[autopilot_sv_cbf_rate_node-3] [INFO] [1788155010.863565270] [uav_0.autopilot_sv_cbf_rate_node]: pos=[0.01 5.52 1.49]  T=23.002N  omega=[0.007 0.013 0.000]  certified=3 uncertified=0  delta=0.0000  gamma=5.000(fixed)  feasible=1
[autopilot_sv_cbf_rate_node-3] [INFO] [1788155010.941974576] [uav_0.autopilot_sv_cbf_rate_node]: goal_waypoint received: [0.000, 5.500, 1.500] (overrides waypoint_x/y/z params)
[autopilot_sv_cbf_rate_node-3] [INFO] [1788155011.041879610] [uav_0.autopilot_sv_cbf_rate_node]: goal_waypoint received: [0.000, 5.500, 1.500] (overrides waypoint_x/y/z params)
[autopilot_sv_cbf_rate_node-3] [INFO] [1788155011.141831745] [uav_0.autopilot_sv_cbf_rate_node]: goal_waypoint received: [0.000, 5.500, 1.500] (overrides waypoint_x/y/z params)
[autopilot_sv_cbf_rate_node-3] [INFO] [1788155011.241978678] [uav_0.autopilot_sv_cbf_rate_node]: goal_waypoint received: [0.000, 5.500, 1.500] (overrides waypoint_x/y/z params)
[autopilot_sv_cbf_rate_node-3] [INFO] [1788155011.342326308] [uav_0.autopilot_sv_cbf_rate_node]: goal_waypoint received: [0.000, 5.500, 1.500] (overrides waypoint_x/y/z params)
[autopilot_sv_cbf_rate_node-3] [INFO] [1788155011.441948447] [uav_0.autopilot_sv_cbf_rate_node]: goal_waypoint received: [0.000, 5.500, 1.500] (overrides waypoint_x/y/z params)
[autopilot_sv_cbf_rate_node-3] [INFO] [1788155011.541981182] [uav_0.autopilot_sv_cbf_rate_node]: goal_waypoint received: [0.000, 5.500, 1.500] (overrides waypoint_x/y/z params)
[autopilot_sv_cbf_rate_node-3] [INFO] [1788155011.641909417] [uav_0.autopilot_sv_cbf_rate_node]: goal_waypoint received: [0.000, 5.500, 1.500] (overrides waypoint_x/y/z params)
[autopilot_sv_cbf_rate_node-3] [INFO] [1788155011.741917852] [uav_0.autopilot_sv_cbf_rate_node]: goal_waypoint received: [0.000, 5.500, 1.500] (overrides waypoint_x/y/z params)
[autopilot_sv_cbf_rate_node-3] [INFO] [1788155011.842328281] [uav_0.autopilot_sv_cbf_rate_node]: goal_waypoint received: [0.000, 5.500, 1.500] (overrides waypoint_x/y/z params)
[autopilot_sv_cbf_rate_node-3] [INFO] [1788155011.863513313] [uav_0.autopilot_sv_cbf_rate_node]: pos=[0.01 5.54 1.49]  T=23.000N  omega=[-0.018 0.008 0.000]  certified=3 uncertified=0  delta=0.0000  gamma=5.000(fixed)  feasible=1
[autopilot_sv_cbf_rate_node-3] [INFO] [1788155011.942040619] [uav_0.autopilot_sv_cbf_rate_node]: goal_waypoint received: [0.000, 5.500, 1.500] (overrides waypoint_x/y/z params)
[autopilot_sv_cbf_rate_node-3] [INFO] [1788155012.042088854] [uav_0.autopilot_sv_cbf_rate_node]: goal_waypoint received: [0.000, 5.500, 1.500] (overrides waypoint_x/y/z params)
[autopilot_sv_cbf_rate_node-3] [INFO] [1788155012.142295689] [uav_0.autopilot_sv_cbf_rate_node]: goal_waypoint received: [0.000, 5.500, 1.500] (overrides waypoint_x/y/z params)
[autopilot_sv_cbf_rate_node-3] [INFO] [1788155012.242050230] [uav_0.autopilot_sv_cbf_rate_node]: goal_waypoint received: [0.000, 5.500, 1.500] (overrides waypoint_x/y/z params)
[autopilot_sv_cbf_rate_node-3] [INFO] [1788155012.342343764] [uav_0.autopilot_sv_cbf_rate_node]: goal_waypoint received: [0.000, 5.500, 1.500] (overrides waypoint_x/y/z params)
[autopilot_sv_cbf_rate_node-3] [INFO] [1788155012.442015206] [uav_0.autopilot_sv_cbf_rate_node]: goal_waypoint received: [0.000, 5.500, 1.500] (overrides waypoint_x/y/z params)
[autopilot_sv_cbf_rate_node-3] [INFO] [1788155012.542027143] [uav_0.autopilot_sv_cbf_rate_node]: goal_waypoint received: [0.000, 5.500, 1.500] (overrides waypoint_x/y/z params)
[autopilot_sv_cbf_rate_node-3] [INFO] [1788155012.642363377] [uav_0.autopilot_sv_cbf_rate_node]: goal_waypoint received: [0.000, 5.500, 1.500] (overrides waypoint_x/y/z params)
[autopilot_sv_cbf_rate_node-3] [INFO] [1788155012.742160517] [uav_0.autopilot_sv_cbf_rate_node]: goal_waypoint received: [0.000, 5.500, 1.500] (overrides waypoint_x/y/z params)
[autopilot_sv_cbf_rate_node-3] [INFO] [1788155012.841944557] [uav_0.autopilot_sv_cbf_rate_node]: goal_waypoint received: [0.000, 5.500, 1.500] (overrides waypoint_x/y/z params)
[autopilot_sv_cbf_rate_node-3] [INFO] [1788155012.863520485] [uav_0.autopilot_sv_cbf_rate_node]: pos=[-0.01 5.54 1.50]  T=22.992N  omega=[-0.023 -0.007 0.000]  certified=3 uncertified=0  delta=0.0000  gamma=5.000(fixed)  feasible=1
[autopilot_sv_cbf_rate_node-3] [INFO] [1788155012.941937095] [uav_0.autopilot_sv_cbf_rate_node]: goal_waypoint received: [0.000, 5.500, 1.500] (overrides waypoint_x/y/z params)
[autopilot_sv_cbf_rate_node-3] [INFO] [1788155013.041852035] [uav_0.autopilot_sv_cbf_rate_node]: goal_waypoint received: [0.000, 5.500, 1.500] (overrides waypoint_x/y/z params)
[autopilot_sv_cbf_rate_node-3] [INFO] [1788155013.141902375] [uav_0.autopilot_sv_cbf_rate_node]: goal_waypoint received: [0.000, 5.500, 1.500] (overrides waypoint_x/y/z params)
[autopilot_sv_cbf_rate_node-3] [INFO] [1788155013.241932715] [uav_0.autopilot_sv_cbf_rate_node]: goal_waypoint received: [0.000, 5.500, 1.500] (overrides waypoint_x/y/z params)
[autopilot_sv_cbf_rate_node-3] [INFO] [1788155013.341985055] [uav_0.autopilot_sv_cbf_rate_node]: goal_waypoint received: [0.000, 5.500, 1.500] (overrides waypoint_x/y/z params)
[autopilot_sv_cbf_rate_node-3] [INFO] [1788155013.442114094] [uav_0.autopilot_sv_cbf_rate_node]: goal_waypoint received: [0.000, 5.500, 1.500] (overrides waypoint_x/y/z params)
[autopilot_sv_cbf_rate_node-3] [INFO] [1788155013.541826238] [uav_0.autopilot_sv_cbf_rate_node]: goal_waypoint received: [0.000, 5.500, 1.500] (overrides waypoint_x/y/z params)
[autopilot_sv_cbf_rate_node-3] [INFO] [1788155013.641952377] [uav_0.autopilot_sv_cbf_rate_node]: goal_waypoint received: [0.000, 5.500, 1.500] (overrides waypoint_x/y/z params)
[autopilot_sv_cbf_rate_node-3] [INFO] [1788155013.741812720] [uav_0.autopilot_sv_cbf_rate_node]: goal_waypoint received: [0.000, 5.500, 1.500] (overrides waypoint_x/y/z params)
[autopilot_sv_cbf_rate_node-3] [INFO] [1788155013.841945259] [uav_0.autopilot_sv_cbf_rate_node]: goal_waypoint received: [0.000, 5.500, 1.500] (overrides waypoint_x/y/z params)
[autopilot_sv_cbf_rate_node-3] [INFO] [1788155013.863462088] [uav_0.autopilot_sv_cbf_rate_node]: pos=[0.00 5.52 1.49]  T=23.009N  omega=[-0.003 -0.016 0.000]  certified=3 uncertified=0  delta=0.0000  gamma=5.000(fixed)  feasible=1
[autopilot_sv_cbf_rate_node-3] [INFO] [1788155013.942085098] [uav_0.autopilot_sv_cbf_rate_node]: goal_waypoint received: [0.000, 5.500, 1.500] (overrides waypoint_x/y/z params)
[autopilot_sv_cbf_rate_node-3] [INFO] [1788155014.042043140] [uav_0.autopilot_sv_cbf_rate_node]: goal_waypoint received: [0.000, 5.500, 1.500] (overrides waypoint_x/y/z params)
[autopilot_sv_cbf_rate_node-3] [INFO] [1788155014.141974685] [uav_0.autopilot_sv_cbf_rate_node]: goal_waypoint received: [0.000, 5.500, 1.500] (overrides waypoint_x/y/z params)
[autopilot_sv_cbf_rate_node-3] [INFO] [1788155014.241876430] [uav_0.autopilot_sv_cbf_rate_node]: goal_waypoint received: [0.000, 5.500, 1.500] (overrides waypoint_x/y/z params)
[autopilot_sv_cbf_rate_node-3] [INFO] [1788155014.342029171] [uav_0.autopilot_sv_cbf_rate_node]: goal_waypoint received: [0.000, 5.500, 1.500] (overrides waypoint_x/y/z params)
[autopilot_sv_cbf_rate_node-3] [INFO] [1788155014.442506009] [uav_0.autopilot_sv_cbf_rate_node]: goal_waypoint received: [0.000, 5.500, 1.500] (overrides waypoint_x/y/z params)
[autopilot_sv_cbf_rate_node-3] [INFO] [1788155014.541971359] [uav_0.autopilot_sv_cbf_rate_node]: goal_waypoint received: [0.000, 5.500, 1.500] (overrides waypoint_x/y/z params)
[autopilot_sv_cbf_rate_node-3] [INFO] [1788155014.641907504] [uav_0.autopilot_sv_cbf_rate_node]: goal_waypoint received: [0.000, 5.500, 1.500] (overrides waypoint_x/y/z params)
[autopilot_sv_cbf_rate_node-3] [INFO] [1788155014.742008046] [uav_0.autopilot_sv_cbf_rate_node]: goal_waypoint received: [0.000, 5.500, 1.500] (overrides waypoint_x/y/z params)
[autopilot_sv_cbf_rate_node-3] [INFO] [1788155014.842042589] [uav_0.autopilot_sv_cbf_rate_node]: goal_waypoint received: [0.000, 5.500, 1.500] (overrides waypoint_x/y/z params)
[autopilot_sv_cbf_rate_node-3] [INFO] [1788155014.863465620] [uav_0.autopilot_sv_cbf_rate_node]: pos=[0.03 5.53 1.48]  T=23.002N  omega=[0.003 0.001 0.000]  certified=3 uncertified=0  delta=0.0000  gamma=5.000(fixed)  feasible=1
[autopilot_sv_cbf_rate_node-3] [INFO] [1788155014.942132932] [uav_0.autopilot_sv_cbf_rate_node]: goal_waypoint received: [0.000, 5.500, 1.500] (overrides waypoint_x/y/z params)
[autopilot_sv_cbf_rate_node-3] [INFO] [1788155015.041979179] [uav_0.autopilot_sv_cbf_rate_node]: goal_waypoint received: [0.000, 5.500, 1.500] (overrides waypoint_x/y/z params)
[autopilot_sv_cbf_rate_node-3] [INFO] [1788155015.142060224] [uav_0.autopilot_sv_cbf_rate_node]: goal_waypoint received: [0.000, 5.500, 1.500] (overrides waypoint_x/y/z params)
[autopilot_sv_cbf_rate_node-3] [INFO] [1788155015.241993672] [uav_0.autopilot_sv_cbf_rate_node]: goal_waypoint received: [0.000, 5.500, 1.500] (overrides waypoint_x/y/z params)
[autopilot_sv_cbf_rate_node-3] [INFO] [1788155015.341968019] [uav_0.autopilot_sv_cbf_rate_node]: goal_waypoint received: [0.000, 5.500, 1.500] (overrides waypoint_x/y/z params)
[autopilot_sv_cbf_rate_node-3] [INFO] [1788155015.442057364] [uav_0.autopilot_sv_cbf_rate_node]: goal_waypoint received: [0.000, 5.500, 1.500] (overrides waypoint_x/y/z params)
[autopilot_sv_cbf_rate_node-3] [INFO] [1788155015.541845414] [uav_0.autopilot_sv_cbf_rate_node]: goal_waypoint received: [0.000, 5.500, 1.500] (overrides waypoint_x/y/z params)
[autopilot_sv_cbf_rate_node-3] [INFO] [1788155015.641922259] [uav_0.autopilot_sv_cbf_rate_node]: goal_waypoint received: [0.000, 5.500, 1.500] (overrides waypoint_x/y/z params)
[autopilot_sv_cbf_rate_node-3] [INFO] [1788155015.741922006] [uav_0.autopilot_sv_cbf_rate_node]: goal_waypoint received: [0.000, 5.500, 1.500] (overrides waypoint_x/y/z params)
[autopilot_sv_cbf_rate_node-3] [INFO] [1788155015.841892153] [uav_0.autopilot_sv_cbf_rate_node]: goal_waypoint received: [0.000, 5.500, 1.500] (overrides waypoint_x/y/z params)
[autopilot_sv_cbf_rate_node-3] [INFO] [1788155015.863430183] [uav_0.autopilot_sv_cbf_rate_node]: pos=[0.01 5.54 1.49]  T=22.973N  omega=[0.000 -0.017 0.000]  certified=3 uncertified=0  delta=0.0000  gamma=5.000(fixed)  feasible=1
[autopilot_sv_cbf_rate_node-3] [INFO] [1788155015.941882482] [uav_0.autopilot_sv_cbf_rate_node]: goal_waypoint received: [0.000, 5.500, 1.500] (overrides waypoint_x/y/z params)
[autopilot_sv_cbf_rate_node-3] [INFO] [1788155016.041827512] [uav_0.autopilot_sv_cbf_rate_node]: goal_waypoint received: [0.000, 5.500, 1.500] (overrides waypoint_x/y/z params)
[autopilot_sv_cbf_rate_node-3] [INFO] [1788155016.141792644] [uav_0.autopilot_sv_cbf_rate_node]: goal_waypoint received: [0.000, 5.500, 1.500] (overrides waypoint_x/y/z params)
[autopilot_sv_cbf_rate_node-3] [INFO] [1788155016.242002473] [uav_0.autopilot_sv_cbf_rate_node]: goal_waypoint received: [0.000, 5.500, 1.500] (overrides waypoint_x/y/z params)
[autopilot_sv_cbf_rate_node-3] [INFO] [1788155016.342006204] [uav_0.autopilot_sv_cbf_rate_node]: goal_waypoint received: [0.000, 5.500, 1.500] (overrides waypoint_x/y/z params)
[autopilot_sv_cbf_rate_node-3] [INFO] [1788155016.441970436] [uav_0.autopilot_sv_cbf_rate_node]: goal_waypoint received: [0.000, 5.500, 1.500] (overrides waypoint_x/y/z params)
[autopilot_sv_cbf_rate_node-3] [INFO] [1788155016.541876568] [uav_0.autopilot_sv_cbf_rate_node]: goal_waypoint received: [0.000, 5.500, 1.500] (overrides waypoint_x/y/z params)
[autopilot_sv_cbf_rate_node-3] [INFO] [1788155016.641828000] [uav_0.autopilot_sv_cbf_rate_node]: goal_waypoint received: [0.000, 5.500, 1.500] (overrides waypoint_x/y/z params)
[autopilot_sv_cbf_rate_node-3] [INFO] [1788155016.741894430] [uav_0.autopilot_sv_cbf_rate_node]: goal_waypoint received: [0.000, 5.500, 1.500] (overrides waypoint_x/y/z params)
[autopilot_sv_cbf_rate_node-3] [INFO] [1788155016.842399956] [uav_0.autopilot_sv_cbf_rate_node]: goal_waypoint received: [0.000, 5.500, 1.500] (overrides waypoint_x/y/z params)
[autopilot_sv_cbf_rate_node-3] [INFO] [1788155016.863408532] [uav_0.autopilot_sv_cbf_rate_node]: pos=[0.02 5.53 1.50]  T=22.967N  omega=[0.015 0.009 0.000]  certified=3 uncertified=0  delta=0.0000  gamma=5.000(fixed)  feasible=1
[autopilot_sv_cbf_rate_node-3] [INFO] [1788155016.942131290] [uav_0.autopilot_sv_cbf_rate_node]: goal_waypoint received: [0.000, 5.500, 1.500] (overrides waypoint_x/y/z params)
[autopilot_sv_cbf_rate_node-3] [INFO] [1788155017.041906425] [uav_0.autopilot_sv_cbf_rate_node]: goal_waypoint received: [0.000, 5.500, 1.500] (overrides waypoint_x/y/z params)
[autopilot_sv_cbf_rate_node-3] [INFO] [1788155017.141805160] [uav_0.autopilot_sv_cbf_rate_node]: goal_waypoint received: [0.000, 5.500, 1.500] (overrides waypoint_x/y/z params)
[autopilot_sv_cbf_rate_node-3] [INFO] [1788155017.241861394] [uav_0.autopilot_sv_cbf_rate_node]: goal_waypoint received: [0.000, 5.500, 1.500] (overrides waypoint_x/y/z params)
[autopilot_sv_cbf_rate_node-3] [INFO] [1788155017.342029827] [uav_0.autopilot_sv_cbf_rate_node]: goal_waypoint received: [0.000, 5.500, 1.500] (overrides waypoint_x/y/z params)
[autopilot_sv_cbf_rate_node-3] [INFO] [1788155017.441880462] [uav_0.autopilot_sv_cbf_rate_node]: goal_waypoint received: [0.000, 5.500, 1.500] (overrides waypoint_x/y/z params)
[autopilot_sv_cbf_rate_node-3] [INFO] [1788155017.541883297] [uav_0.autopilot_sv_cbf_rate_node]: goal_waypoint received: [0.000, 5.500, 1.500] (overrides waypoint_x/y/z params)
[autopilot_sv_cbf_rate_node-3] [INFO] [1788155017.641847531] [uav_0.autopilot_sv_cbf_rate_node]: goal_waypoint received: [0.000, 5.500, 1.500] (overrides waypoint_x/y/z params)
[autopilot_sv_cbf_rate_node-3] [INFO] [1788155017.741935065] [uav_0.autopilot_sv_cbf_rate_node]: goal_waypoint received: [0.000, 5.500, 1.500] (overrides waypoint_x/y/z params)
[autopilot_sv_cbf_rate_node-3] [INFO] [1788155017.841849600] [uav_0.autopilot_sv_cbf_rate_node]: goal_waypoint received: [0.000, 5.500, 1.500] (overrides waypoint_x/y/z params)
[autopilot_sv_cbf_rate_node-3] [INFO] [1788155017.863431770] [uav_0.autopilot_sv_cbf_rate_node]: pos=[0.02 5.51 1.49]  T=23.056N  omega=[0.010 0.004 0.000]  certified=3 uncertified=0  delta=0.0000  gamma=5.000(fixed)  feasible=1
[autopilot_sv_cbf_rate_node-3] [INFO] [1788155017.942150631] [uav_0.autopilot_sv_cbf_rate_node]: goal_waypoint received: [0.000, 5.500, 1.500] (overrides waypoint_x/y/z params)
[autopilot_sv_cbf_rate_node-3] [INFO] [1788155018.042024867] [uav_0.autopilot_sv_cbf_rate_node]: goal_waypoint received: [0.000, 5.500, 1.500] (overrides waypoint_x/y/z params)
[autopilot_sv_cbf_rate_node-3] [INFO] [1788155018.141959405] [uav_0.autopilot_sv_cbf_rate_node]: goal_waypoint received: [0.000, 5.500, 1.500] (overrides waypoint_x/y/z params)
[autopilot_sv_cbf_rate_node-3] [INFO] [1788155018.242020442] [uav_0.autopilot_sv_cbf_rate_node]: goal_waypoint received: [0.000, 5.500, 1.500] (overrides waypoint_x/y/z params)
[autopilot_sv_cbf_rate_node-3] [INFO] [1788155018.342227477] [uav_0.autopilot_sv_cbf_rate_node]: goal_waypoint received: [0.000, 5.500, 1.500] (overrides waypoint_x/y/z params)
[autopilot_sv_cbf_rate_node-3] [INFO] [1788155018.441927917] [uav_0.autopilot_sv_cbf_rate_node]: goal_waypoint received: [0.000, 5.500, 1.500] (overrides waypoint_x/y/z params)
[autopilot_sv_cbf_rate_node-3] [INFO] [1788155018.542021554] [uav_0.autopilot_sv_cbf_rate_node]: goal_waypoint received: [0.000, 5.500, 1.500] (overrides waypoint_x/y/z params)
[autopilot_sv_cbf_rate_node-3] [INFO] [1788155018.641951692] [uav_0.autopilot_sv_cbf_rate_node]: goal_waypoint received: [0.000, 5.500, 1.500] (overrides waypoint_x/y/z params)
[autopilot_sv_cbf_rate_node-3] [INFO] [1788155018.741978015] [uav_0.autopilot_sv_cbf_rate_node]: goal_waypoint received: [0.000, 5.500, 1.500] (overrides waypoint_x/y/z params)
[autopilot_sv_cbf_rate_node-3] [INFO] [1788155018.841807729] [uav_0.autopilot_sv_cbf_rate_node]: goal_waypoint received: [0.000, 5.500, 1.500] (overrides waypoint_x/y/z params)
[autopilot_sv_cbf_rate_node-3] [INFO] [1788155018.863393394] [uav_0.autopilot_sv_cbf_rate_node]: pos=[0.01 5.51 1.49]  T=22.961N  omega=[-0.002 0.009 0.000]  certified=3 uncertified=0  delta=0.0000  gamma=5.000(fixed)  feasible=1
[autopilot_sv_cbf_rate_node-3] [INFO] [1788155018.941811242] [uav_0.autopilot_sv_cbf_rate_node]: goal_waypoint received: [0.000, 5.500, 1.500] (overrides waypoint_x/y/z params)
[autopilot_sv_cbf_rate_node-3] [INFO] [1788155019.041948454] [uav_0.autopilot_sv_cbf_rate_node]: goal_waypoint received: [0.000, 5.500, 1.500] (overrides waypoint_x/y/z params)
[autopilot_sv_cbf_rate_node-3] [INFO] [1788155019.141854570] [uav_0.autopilot_sv_cbf_rate_node]: goal_waypoint received: [0.000, 5.500, 1.500] (overrides waypoint_x/y/z params)
[autopilot_sv_cbf_rate_node-3] [INFO] [1788155019.242246381] [uav_0.autopilot_sv_cbf_rate_node]: goal_waypoint received: [0.000, 5.500, 1.500] (overrides waypoint_x/y/z params)
[autopilot_sv_cbf_rate_node-3] [INFO] [1788155019.341957900] [uav_0.autopilot_sv_cbf_rate_node]: goal_waypoint received: [0.000, 5.500, 1.500] (overrides waypoint_x/y/z params)
[autopilot_sv_cbf_rate_node-3] [INFO] [1788155019.442011715] [uav_0.autopilot_sv_cbf_rate_node]: goal_waypoint received: [0.000, 5.500, 1.500] (overrides waypoint_x/y/z params)
[autopilot_sv_cbf_rate_node-3] [INFO] [1788155019.541893432] [uav_0.autopilot_sv_cbf_rate_node]: goal_waypoint received: [0.000, 5.500, 1.500] (overrides waypoint_x/y/z params)
[autopilot_sv_cbf_rate_node-3] [INFO] [1788155019.641958846] [uav_0.autopilot_sv_cbf_rate_node]: goal_waypoint received: [0.000, 5.500, 1.500] (overrides waypoint_x/y/z params)
[autopilot_sv_cbf_rate_node-3] [INFO] [1788155019.742077061] [uav_0.autopilot_sv_cbf_rate_node]: goal_waypoint received: [0.000, 5.500, 1.500] (overrides waypoint_x/y/z params)
[autopilot_sv_cbf_rate_node-3] [INFO] [1788155019.841900278] [uav_0.autopilot_sv_cbf_rate_node]: goal_waypoint received: [0.000, 5.500, 1.500] (overrides waypoint_x/y/z params)
[autopilot_sv_cbf_rate_node-3] [INFO] [1788155019.863396845] [uav_0.autopilot_sv_cbf_rate_node]: pos=[0.01 5.52 1.49]  T=23.005N  omega=[-0.005 0.020 0.000]  certified=3 uncertified=0  delta=0.0000  gamma=5.000(fixed)  feasible=1
[autopilot_sv_cbf_rate_node-3] [INFO] [1788155019.941894994] [uav_0.autopilot_sv_cbf_rate_node]: goal_waypoint received: [0.000, 5.500, 1.500] (overrides waypoint_x/y/z params)
[autopilot_sv_cbf_rate_node-3] [INFO] [1788155020.041949510] [uav_0.autopilot_sv_cbf_rate_node]: goal_waypoint received: [0.000, 5.500, 1.500] (overrides waypoint_x/y/z params)
[autopilot_sv_cbf_rate_node-3] [INFO] [1788155020.141892329] [uav_0.autopilot_sv_cbf_rate_node]: goal_waypoint received: [0.000, 5.500, 1.500] (overrides waypoint_x/y/z params)
[autopilot_sv_cbf_rate_node-3] [INFO] [1788155020.241911547] [uav_0.autopilot_sv_cbf_rate_node]: goal_waypoint received: [0.000, 5.500, 1.500] (overrides waypoint_x/y/z params)
[autopilot_sv_cbf_rate_node-3] [INFO] [1788155020.341913565] [uav_0.autopilot_sv_cbf_rate_node]: goal_waypoint received: [0.000, 5.500, 1.500] (overrides waypoint_x/y/z params)
[autopilot_sv_cbf_rate_node-3] [INFO] [1788155020.441901584] [uav_0.autopilot_sv_cbf_rate_node]: goal_waypoint received: [0.000, 5.500, 1.500] (overrides waypoint_x/y/z params)
[autopilot_sv_cbf_rate_node-3] [INFO] [1788155020.542179999] [uav_0.autopilot_sv_cbf_rate_node]: goal_waypoint received: [0.000, 5.500, 1.500] (overrides waypoint_x/y/z params)
[autopilot_sv_cbf_rate_node-3] [INFO] [1788155020.641957920] [uav_0.autopilot_sv_cbf_rate_node]: goal_waypoint received: [0.000, 5.500, 1.500] (overrides waypoint_x/y/z params)
[autopilot_sv_cbf_rate_node-3] [INFO] [1788155020.742333235] [uav_0.autopilot_sv_cbf_rate_node]: goal_waypoint received: [0.000, 5.500, 1.500] (overrides waypoint_x/y/z params)
[autopilot_sv_cbf_rate_node-3] [INFO] [1788155020.841972757] [uav_0.autopilot_sv_cbf_rate_node]: goal_waypoint received: [0.000, 5.500, 1.500] (overrides waypoint_x/y/z params)
[autopilot_sv_cbf_rate_node-3] [INFO] [1788155020.863374225] [uav_0.autopilot_sv_cbf_rate_node]: pos=[-0.00 5.52 1.49]  T=22.990N  omega=[-0.000 -0.022 0.000]  certified=3 uncertified=0  delta=0.0000  gamma=5.000(fixed)  feasible=1
[autopilot_sv_cbf_rate_node-3] [INFO] [1788155020.942860666] [uav_0.autopilot_sv_cbf_rate_node]: goal_waypoint received: [0.000, 5.500, 1.500] (overrides waypoint_x/y/z params)
[autopilot_sv_cbf_rate_node-3] [INFO] [1788155021.042158993] [uav_0.autopilot_sv_cbf_rate_node]: goal_waypoint received: [0.000, 5.500, 1.500] (overrides waypoint_x/y/z params)
[autopilot_sv_cbf_rate_node-3] [INFO] [1788155021.142444311] [uav_0.autopilot_sv_cbf_rate_node]: goal_waypoint received: [0.000, 5.500, 1.500] (overrides waypoint_x/y/z params)
[autopilot_sv_cbf_rate_node-3] [INFO] [1788155021.242100336] [uav_0.autopilot_sv_cbf_rate_node]: goal_waypoint received: [0.000, 5.500, 1.500] (overrides waypoint_x/y/z params)
[autopilot_sv_cbf_rate_node-3] [INFO] [1788155021.342033758] [uav_0.autopilot_sv_cbf_rate_node]: goal_waypoint received: [0.000, 5.500, 1.500] (overrides waypoint_x/y/z params)
[autopilot_sv_cbf_rate_node-3] [INFO] [1788155021.441938081] [uav_0.autopilot_sv_cbf_rate_node]: goal_waypoint received: [0.000, 5.500, 1.500] (overrides waypoint_x/y/z params)
[autopilot_sv_cbf_rate_node-3] [INFO] [1788155021.542025601] [uav_0.autopilot_sv_cbf_rate_node]: goal_waypoint received: [0.000, 5.500, 1.500] (overrides waypoint_x/y/z params)
[autopilot_sv_cbf_rate_node-3] [INFO] [1788155021.642036823] [uav_0.autopilot_sv_cbf_rate_node]: goal_waypoint received: [0.000, 5.500, 1.500] (overrides waypoint_x/y/z params)
[autopilot_sv_cbf_rate_node-3] [INFO] [1788155021.741872946] [uav_0.autopilot_sv_cbf_rate_node]: goal_waypoint received: [0.000, 5.500, 1.500] (overrides waypoint_x/y/z params)
[autopilot_sv_cbf_rate_node-3] [INFO] [1788155021.841930767] [uav_0.autopilot_sv_cbf_rate_node]: goal_waypoint received: [0.000, 5.500, 1.500] (overrides waypoint_x/y/z params)
[autopilot_sv_cbf_rate_node-3] [INFO] [1788155021.863374935] [uav_0.autopilot_sv_cbf_rate_node]: pos=[-0.00 5.52 1.49]  T=22.999N  omega=[0.002 0.010 0.000]  certified=3 uncertified=0  delta=0.0000  gamma=5.000(fixed)  feasible=1
[autopilot_sv_cbf_rate_node-3] [INFO] [1788155021.941934088] [uav_0.autopilot_sv_cbf_rate_node]: goal_waypoint received: [0.000, 5.500, 1.500] (overrides waypoint_x/y/z params)
[autopilot_sv_cbf_rate_node-3] [INFO] [1788155022.041793712] [uav_0.autopilot_sv_cbf_rate_node]: goal_waypoint received: [0.000, 5.500, 1.500] (overrides waypoint_x/y/z params)
[autopilot_sv_cbf_rate_node-3] [INFO] [1788155022.141954235] [uav_0.autopilot_sv_cbf_rate_node]: goal_waypoint received: [0.000, 5.500, 1.500] (overrides waypoint_x/y/z params)
[autopilot_sv_cbf_rate_node-3] [INFO] [1788155022.241944359] [uav_0.autopilot_sv_cbf_rate_node]: goal_waypoint received: [0.000, 5.500, 1.500] (overrides waypoint_x/y/z params)
[autopilot_sv_cbf_rate_node-3] [INFO] [1788155022.341927584] [uav_0.autopilot_sv_cbf_rate_node]: goal_waypoint received: [0.000, 5.500, 1.500] (overrides waypoint_x/y/z params)
[autopilot_sv_cbf_rate_node-3] [INFO] [1788155022.442123006] [uav_0.autopilot_sv_cbf_rate_node]: goal_waypoint received: [0.000, 5.500, 1.500] (overrides waypoint_x/y/z params)
[autopilot_sv_cbf_rate_node-3] [INFO] [1788155022.542097331] [uav_0.autopilot_sv_cbf_rate_node]: goal_waypoint received: [0.000, 5.500, 1.500] (overrides waypoint_x/y/z params)
[autopilot_sv_cbf_rate_node-3] [INFO] [1788155022.641892157] [uav_0.autopilot_sv_cbf_rate_node]: goal_waypoint received: [0.000, 5.500, 1.500] (overrides waypoint_x/y/z params)
[autopilot_sv_cbf_rate_node-3] [INFO] [1788155022.741853582] [uav_0.autopilot_sv_cbf_rate_node]: goal_waypoint received: [0.000, 5.500, 1.500] (overrides waypoint_x/y/z params)
[autopilot_sv_cbf_rate_node-3] [INFO] [1788155022.841926805] [uav_0.autopilot_sv_cbf_rate_node]: goal_waypoint received: [0.000, 5.500, 1.500] (overrides waypoint_x/y/z params)
[autopilot_sv_cbf_rate_node-3] [INFO] [1788155022.863382275] [uav_0.autopilot_sv_cbf_rate_node]: pos=[-0.01 5.51 1.49]  T=23.002N  omega=[-0.007 0.013 0.000]  certified=3 uncertified=0  delta=0.0000  gamma=5.000(fixed)  feasible=1
[autopilot_sv_cbf_rate_node-3] [INFO] [1788155022.942442324] [uav_0.autopilot_sv_cbf_rate_node]: goal_waypoint received: [0.000, 5.500, 1.500] (overrides waypoint_x/y/z params)
[autopilot_sv_cbf_rate_node-3] [INFO] [1788155023.041840256] [uav_0.autopilot_sv_cbf_rate_node]: goal_waypoint received: [0.000, 5.500, 1.500] (overrides waypoint_x/y/z params)
[autopilot_sv_cbf_rate_node-3] [INFO] [1788155023.141863183] [uav_0.autopilot_sv_cbf_rate_node]: goal_waypoint received: [0.000, 5.500, 1.500] (overrides waypoint_x/y/z params)
[autopilot_sv_cbf_rate_node-3] [INFO] [1788155023.241993409] [uav_0.autopilot_sv_cbf_rate_node]: goal_waypoint received: [0.000, 5.500, 1.500] (overrides waypoint_x/y/z params)
[autopilot_sv_cbf_rate_node-3] [INFO] [1788155023.341982137] [uav_0.autopilot_sv_cbf_rate_node]: goal_waypoint received: [0.000, 5.500, 1.500] (overrides waypoint_x/y/z params)
[autopilot_sv_cbf_rate_node-3] [INFO] [1788155023.441883165] [uav_0.autopilot_sv_cbf_rate_node]: goal_waypoint received: [0.000, 5.500, 1.500] (overrides waypoint_x/y/z params)
[autopilot_sv_cbf_rate_node-3] [INFO] [1788155023.542024991] [uav_0.autopilot_sv_cbf_rate_node]: goal_waypoint received: [0.000, 5.500, 1.500] (overrides waypoint_x/y/z params)
[autopilot_sv_cbf_rate_node-3] [INFO] [1788155023.642077518] [uav_0.autopilot_sv_cbf_rate_node]: goal_waypoint received: [0.000, 5.500, 1.500] (overrides waypoint_x/y/z params)
[autopilot_sv_cbf_rate_node-3] [INFO] [1788155023.742151744] [uav_0.autopilot_sv_cbf_rate_node]: goal_waypoint received: [0.000, 5.500, 1.500] (overrides waypoint_x/y/z params)
[autopilot_sv_cbf_rate_node-3] [INFO] [1788155023.842104972] [uav_0.autopilot_sv_cbf_rate_node]: goal_waypoint received: [0.000, 5.500, 1.500] (overrides waypoint_x/y/z params)
[autopilot_sv_cbf_rate_node-3] [INFO] [1788155023.863353244] [uav_0.autopilot_sv_cbf_rate_node]: pos=[-0.00 5.51 1.49]  T=22.999N  omega=[-0.012 -0.012 0.000]  certified=3 uncertified=0  delta=0.0000  gamma=5.000(fixed)  feasible=1
[autopilot_sv_cbf_rate_node-3] [INFO] [1788155023.942207498] [uav_0.autopilot_sv_cbf_rate_node]: goal_waypoint received: [0.000, 5.500, 1.500] (overrides waypoint_x/y/z params)
[autopilot_sv_cbf_rate_node-3] [INFO] [1788155024.042560123] [uav_0.autopilot_sv_cbf_rate_node]: goal_waypoint received: [0.000, 5.500, 1.500] (overrides waypoint_x/y/z params)
[autopilot_sv_cbf_rate_node-3] [INFO] [1788155024.142220157] [uav_0.autopilot_sv_cbf_rate_node]: goal_waypoint received: [0.000, 5.500, 1.500] (overrides waypoint_x/y/z params)
[autopilot_sv_cbf_rate_node-3] [INFO] [1788155024.242082488] [uav_0.autopilot_sv_cbf_rate_node]: goal_waypoint received: [0.000, 5.500, 1.500] (overrides waypoint_x/y/z params)
[autopilot_sv_cbf_rate_node-3] [INFO] [1788155024.342026119] [uav_0.autopilot_sv_cbf_rate_node]: goal_waypoint received: [0.000, 5.500, 1.500] (overrides waypoint_x/y/z params)
[autopilot_sv_cbf_rate_node-3] [INFO] [1788155024.441984050] [uav_0.autopilot_sv_cbf_rate_node]: goal_waypoint received: [0.000, 5.500, 1.500] (overrides waypoint_x/y/z params)
[autopilot_sv_cbf_rate_node-3] [INFO] [1788155024.541847482] [uav_0.autopilot_sv_cbf_rate_node]: goal_waypoint received: [0.000, 5.500, 1.500] (overrides waypoint_x/y/z params)
[autopilot_sv_cbf_rate_node-3] [INFO] [1788155024.642128009] [uav_0.autopilot_sv_cbf_rate_node]: goal_waypoint received: [0.000, 5.500, 1.500] (overrides waypoint_x/y/z params)
[autopilot_sv_cbf_rate_node-3] [INFO] [1788155024.741819943] [uav_0.autopilot_sv_cbf_rate_node]: goal_waypoint received: [0.000, 5.500, 1.500] (overrides waypoint_x/y/z params)
[autopilot_sv_cbf_rate_node-3] [INFO] [1788155024.841996371] [uav_0.autopilot_sv_cbf_rate_node]: goal_waypoint received: [0.000, 5.500, 1.500] (overrides waypoint_x/y/z params)
[autopilot_sv_cbf_rate_node-3] [INFO] [1788155024.863336043] [uav_0.autopilot_sv_cbf_rate_node]: pos=[-0.01 5.51 1.50]  T=22.953N  omega=[-0.000 0.007 0.000]  certified=3 uncertified=0  delta=0.0000  gamma=5.000(fixed)  feasible=1
[autopilot_sv_cbf_rate_node-3] [INFO] [1788155024.941860903] [uav_0.autopilot_sv_cbf_rate_node]: goal_waypoint received: [0.000, 5.500, 1.500] (overrides waypoint_x/y/z params)
[autopilot_sv_cbf_rate_node-3] [INFO] [1788155025.041782135] [uav_0.autopilot_sv_cbf_rate_node]: goal_waypoint received: [0.000, 5.500, 1.500] (overrides waypoint_x/y/z params)
[autopilot_sv_cbf_rate_node-3] [INFO] [1788155025.141887467] [uav_0.autopilot_sv_cbf_rate_node]: goal_waypoint received: [0.000, 5.500, 1.500] (overrides waypoint_x/y/z params)
[autopilot_sv_cbf_rate_node-3] [INFO] [1788155025.241886600] [uav_0.autopilot_sv_cbf_rate_node]: goal_waypoint received: [0.000, 5.500, 1.500] (overrides waypoint_x/y/z params)
[autopilot_sv_cbf_rate_node-3] [INFO] [1788155025.342044032] [uav_0.autopilot_sv_cbf_rate_node]: goal_waypoint received: [0.000, 5.500, 1.500] (overrides waypoint_x/y/z params)
[autopilot_sv_cbf_rate_node-3] [INFO] [1788155025.441916166] [uav_0.autopilot_sv_cbf_rate_node]: goal_waypoint received: [0.000, 5.500, 1.500] (overrides waypoint_x/y/z params)
[autopilot_sv_cbf_rate_node-3] [INFO] [1788155025.541871100] [uav_0.autopilot_sv_cbf_rate_node]: goal_waypoint received: [0.000, 5.500, 1.500] (overrides waypoint_x/y/z params)
[autopilot_sv_cbf_rate_node-3] [INFO] [1788155025.641790634] [uav_0.autopilot_sv_cbf_rate_node]: goal_waypoint received: [0.000, 5.500, 1.500] (overrides waypoint_x/y/z params)
[autopilot_sv_cbf_rate_node-3] [INFO] [1788155025.741909666] [uav_0.autopilot_sv_cbf_rate_node]: goal_waypoint received: [0.000, 5.500, 1.500] (overrides waypoint_x/y/z params)
[autopilot_sv_cbf_rate_node-3] [INFO] [1788155025.842002998] [uav_0.autopilot_sv_cbf_rate_node]: goal_waypoint received: [0.000, 5.500, 1.500] (overrides waypoint_x/y/z params)
[autopilot_sv_cbf_rate_node-3] [INFO] [1788155025.863517569] [uav_0.autopilot_sv_cbf_rate_node]: pos=[-0.00 5.50 1.49]  T=23.017N  omega=[-0.002 0.001 0.000]  certified=3 uncertified=0  delta=0.0000  gamma=5.000(fixed)  feasible=1
[autopilot_sv_cbf_rate_node-3] [INFO] [1788155025.941966532] [uav_0.autopilot_sv_cbf_rate_node]: goal_waypoint received: [0.000, 5.500, 1.500] (overrides waypoint_x/y/z params)
[autopilot_sv_cbf_rate_node-3] [INFO] [1788155026.041834267] [uav_0.autopilot_sv_cbf_rate_node]: goal_waypoint received: [0.000, 5.500, 1.500] (overrides waypoint_x/y/z params)
[autopilot_sv_cbf_rate_node-3] [INFO] [1788155026.141979602] [uav_0.autopilot_sv_cbf_rate_node]: goal_waypoint received: [0.000, 5.500, 1.500] (overrides waypoint_x/y/z params)
[autopilot_sv_cbf_rate_node-3] [INFO] [1788155026.242038238] [uav_0.autopilot_sv_cbf_rate_node]: goal_waypoint received: [0.000, 5.500, 1.500] (overrides waypoint_x/y/z params)
[autopilot_sv_cbf_rate_node-3] [INFO] [1788155026.342111873] [uav_0.autopilot_sv_cbf_rate_node]: goal_waypoint received: [0.000, 5.500, 1.500] (overrides waypoint_x/y/z params)
[autopilot_sv_cbf_rate_node-3] [INFO] [1788155026.442287507] [uav_0.autopilot_sv_cbf_rate_node]: goal_waypoint received: [0.000, 5.500, 1.500] (overrides waypoint_x/y/z params)
[autopilot_sv_cbf_rate_node-3] [INFO] [1788155026.541990246] [uav_0.autopilot_sv_cbf_rate_node]: goal_waypoint received: [0.000, 5.500, 1.500] (overrides waypoint_x/y/z params)
[autopilot_sv_cbf_rate_node-3] [INFO] [1788155026.642125981] [uav_0.autopilot_sv_cbf_rate_node]: goal_waypoint received: [0.000, 5.500, 1.500] (overrides waypoint_x/y/z params)
[autopilot_sv_cbf_rate_node-3] [INFO] [1788155026.742114544] [uav_0.autopilot_sv_cbf_rate_node]: goal_waypoint received: [0.000, 5.500, 1.500] (overrides waypoint_x/y/z params)
[autopilot_sv_cbf_rate_node-3] [INFO] [1788155026.841961421] [uav_0.autopilot_sv_cbf_rate_node]: goal_waypoint received: [0.000, 5.500, 1.500] (overrides waypoint_x/y/z params)
[autopilot_sv_cbf_rate_node-3] [INFO] [1788155026.863283460] [uav_0.autopilot_sv_cbf_rate_node]: pos=[0.01 5.53 1.49]  T=23.023N  omega=[-0.009 -0.004 0.000]  certified=3 uncertified=0  delta=0.0000  gamma=5.000(fixed)  feasible=1
[autopilot_sv_cbf_rate_node-3] [INFO] [1788155026.942000696] [uav_0.autopilot_sv_cbf_rate_node]: goal_waypoint received: [0.000, 5.500, 1.500] (overrides waypoint_x/y/z params)
[autopilot_sv_cbf_rate_node-3] [INFO] [1788155027.041960273] [uav_0.autopilot_sv_cbf_rate_node]: goal_waypoint received: [0.000, 5.500, 1.500] (overrides waypoint_x/y/z params)
[autopilot_sv_cbf_rate_node-3] [INFO] [1788155027.142140249] [uav_0.autopilot_sv_cbf_rate_node]: goal_waypoint received: [0.000, 5.500, 1.500] (overrides waypoint_x/y/z params)
[autopilot_sv_cbf_rate_node-3] [INFO] [1788155027.241919630] [uav_0.autopilot_sv_cbf_rate_node]: goal_waypoint received: [0.000, 5.500, 1.500] (overrides waypoint_x/y/z params)
[autopilot_sv_cbf_rate_node-3] [INFO] [1788155027.341949808] [uav_0.autopilot_sv_cbf_rate_node]: goal_waypoint received: [0.000, 5.500, 1.500] (overrides waypoint_x/y/z params)
[autopilot_sv_cbf_rate_node-3] [INFO] [1788155027.442024385] [uav_0.autopilot_sv_cbf_rate_node]: goal_waypoint received: [0.000, 5.500, 1.500] (overrides waypoint_x/y/z params)
[autopilot_sv_cbf_rate_node-3] [INFO] [1788155027.541827365] [uav_0.autopilot_sv_cbf_rate_node]: goal_waypoint received: [0.000, 5.500, 1.500] (overrides waypoint_x/y/z params)
[autopilot_sv_cbf_rate_node-3] [INFO] [1788155027.641949942] [uav_0.autopilot_sv_cbf_rate_node]: goal_waypoint received: [0.000, 5.500, 1.500] (overrides waypoint_x/y/z params)
[autopilot_sv_cbf_rate_node-3] [INFO] [1788155027.741950920] [uav_0.autopilot_sv_cbf_rate_node]: goal_waypoint received: [0.000, 5.500, 1.500] (overrides waypoint_x/y/z params)
[autopilot_sv_cbf_rate_node-3] [INFO] [1788155027.841865600] [uav_0.autopilot_sv_cbf_rate_node]: goal_waypoint received: [0.000, 5.500, 1.500] (overrides waypoint_x/y/z params)
[autopilot_sv_cbf_rate_node-3] [INFO] [1788155027.863276138] [uav_0.autopilot_sv_cbf_rate_node]: pos=[0.02 5.52 1.49]  T=22.987N  omega=[-0.000 0.005 0.000]  certified=3 uncertified=0  delta=0.0000  gamma=5.000(fixed)  feasible=1
[autopilot_sv_cbf_rate_node-3] [INFO] [1788155027.941892278] [uav_0.autopilot_sv_cbf_rate_node]: goal_waypoint received: [0.000, 5.500, 1.500] (overrides waypoint_x/y/z params)
[autopilot_sv_cbf_rate_node-3] [INFO] [1788155028.041800058] [uav_0.autopilot_sv_cbf_rate_node]: goal_waypoint received: [0.000, 5.500, 1.500] (overrides waypoint_x/y/z params)
[autopilot_sv_cbf_rate_node-3] [INFO] [1788155028.142389132] [uav_0.autopilot_sv_cbf_rate_node]: goal_waypoint received: [0.000, 5.500, 1.500] (overrides waypoint_x/y/z params)
[autopilot_sv_cbf_rate_node-3] [INFO] [1788155028.241952618] [uav_0.autopilot_sv_cbf_rate_node]: goal_waypoint received: [0.000, 5.500, 1.500] (overrides waypoint_x/y/z params)
[autopilot_sv_cbf_rate_node-3] [INFO] [1788155028.341914400] [uav_0.autopilot_sv_cbf_rate_node]: goal_waypoint received: [0.000, 5.500, 1.500] (overrides waypoint_x/y/z params)
[autopilot_sv_cbf_rate_node-3] [INFO] [1788155028.441950781] [uav_0.autopilot_sv_cbf_rate_node]: goal_waypoint received: [0.000, 5.500, 1.500] (overrides waypoint_x/y/z params)
[autopilot_sv_cbf_rate_node-3] [INFO] [1788155028.541832263] [uav_0.autopilot_sv_cbf_rate_node]: goal_waypoint received: [0.000, 5.500, 1.500] (overrides waypoint_x/y/z params)
[autopilot_sv_cbf_rate_node-3] [INFO] [1788155028.642025342] [uav_0.autopilot_sv_cbf_rate_node]: goal_waypoint received: [0.000, 5.500, 1.500] (overrides waypoint_x/y/z params)
[autopilot_sv_cbf_rate_node-3] [INFO] [1788155028.741865025] [uav_0.autopilot_sv_cbf_rate_node]: goal_waypoint received: [0.000, 5.500, 1.500] (overrides waypoint_x/y/z params)
[autopilot_sv_cbf_rate_node-3] [INFO] [1788155028.841876006] [uav_0.autopilot_sv_cbf_rate_node]: goal_waypoint received: [0.000, 5.500, 1.500] (overrides waypoint_x/y/z params)
[autopilot_sv_cbf_rate_node-3] [INFO] [1788155028.863251346] [uav_0.autopilot_sv_cbf_rate_node]: pos=[0.00 5.50 1.50]  T=22.987N  omega=[-0.017 0.004 0.000]  certified=3 uncertified=0  delta=0.0000  gamma=5.000(fixed)  feasible=1
[autopilot_sv_cbf_rate_node-3] [INFO] [1788155028.941906987] [uav_0.autopilot_sv_cbf_rate_node]: goal_waypoint received: [0.000, 5.500, 1.500] (overrides waypoint_x/y/z params)
[autopilot_sv_cbf_rate_node-3] [INFO] [1788155029.041910169] [uav_0.autopilot_sv_cbf_rate_node]: goal_waypoint received: [0.000, 5.500, 1.500] (overrides waypoint_x/y/z params)
[autopilot_sv_cbf_rate_node-3] [INFO] [1788155029.141957353] [uav_0.autopilot_sv_cbf_rate_node]: goal_waypoint received: [0.000, 5.500, 1.500] (overrides waypoint_x/y/z params)
[autopilot_sv_cbf_rate_node-3] [INFO] [1788155029.242071435] [uav_0.autopilot_sv_cbf_rate_node]: goal_waypoint received: [0.000, 5.500, 1.500] (overrides waypoint_x/y/z params)
[autopilot_sv_cbf_rate_node-3] [INFO] [1788155029.342109419] [uav_0.autopilot_sv_cbf_rate_node]: goal_waypoint received: [0.000, 5.500, 1.500] (overrides waypoint_x/y/z params)
[autopilot_sv_cbf_rate_node-3] [INFO] [1788155029.442421399] [uav_0.autopilot_sv_cbf_rate_node]: goal_waypoint received: [0.000, 5.500, 1.500] (overrides waypoint_x/y/z params)
[autopilot_sv_cbf_rate_node-3] [INFO] [1788155029.542025988] [uav_0.autopilot_sv_cbf_rate_node]: goal_waypoint received: [0.000, 5.500, 1.500] (overrides waypoint_x/y/z params)
[autopilot_sv_cbf_rate_node-3] [INFO] [1788155029.641925573] [uav_0.autopilot_sv_cbf_rate_node]: goal_waypoint received: [0.000, 5.500, 1.500] (overrides waypoint_x/y/z params)
[autopilot_sv_cbf_rate_node-3] [INFO] [1788155029.742111655] [uav_0.autopilot_sv_cbf_rate_node]: goal_waypoint received: [0.000, 5.500, 1.500] (overrides waypoint_x/y/z params)
[autopilot_sv_cbf_rate_node-3] [INFO] [1788155029.842025540] [uav_0.autopilot_sv_cbf_rate_node]: goal_waypoint received: [0.000, 5.500, 1.500] (overrides waypoint_x/y/z params)
[autopilot_sv_cbf_rate_node-3] [INFO] [1788155029.863290082] [uav_0.autopilot_sv_cbf_rate_node]: pos=[0.01 5.49 1.50]  T=22.995N  omega=[0.015 0.004 0.000]  certified=3 uncertified=0  delta=0.0000  gamma=5.000(fixed)  feasible=1
[autopilot_sv_cbf_rate_node-3] [INFO] [1788155029.942098623] [uav_0.autopilot_sv_cbf_rate_node]: goal_waypoint received: [0.000, 5.500, 1.500] (overrides waypoint_x/y/z params)
[autopilot_sv_cbf_rate_node-3] [INFO] [1788155030.041896511] [uav_0.autopilot_sv_cbf_rate_node]: goal_waypoint received: [0.000, 5.500, 1.500] (overrides waypoint_x/y/z params)
[autopilot_sv_cbf_rate_node-3] [INFO] [1788155030.141841299] [uav_0.autopilot_sv_cbf_rate_node]: goal_waypoint received: [0.000, 5.500, 1.500] (overrides waypoint_x/y/z params)
[autopilot_sv_cbf_rate_node-3] [INFO] [1788155030.241942784] [uav_0.autopilot_sv_cbf_rate_node]: goal_waypoint received: [0.000, 5.500, 1.500] (overrides waypoint_x/y/z params)
[autopilot_sv_cbf_rate_node-3] [INFO] [1788155030.341921072] [uav_0.autopilot_sv_cbf_rate_node]: goal_waypoint received: [0.000, 5.500, 1.500] (overrides waypoint_x/y/z params)
[autopilot_sv_cbf_rate_node-3] [INFO] [1788155030.442394553] [uav_0.autopilot_sv_cbf_rate_node]: goal_waypoint received: [0.000, 5.500, 1.500] (overrides waypoint_x/y/z params)
[autopilot_sv_cbf_rate_node-3] [INFO] [1788155030.541890646] [uav_0.autopilot_sv_cbf_rate_node]: goal_waypoint received: [0.000, 5.500, 1.500] (overrides waypoint_x/y/z params)
[autopilot_sv_cbf_rate_node-3] [INFO] [1788155030.641789534] [uav_0.autopilot_sv_cbf_rate_node]: goal_waypoint received: [0.000, 5.500, 1.500] (overrides waypoint_x/y/z params)
[autopilot_sv_cbf_rate_node-3] [INFO] [1788155030.741989419] [uav_0.autopilot_sv_cbf_rate_node]: goal_waypoint received: [0.000, 5.500, 1.500] (overrides waypoint_x/y/z params)
[autopilot_sv_cbf_rate_node-3] [INFO] [1788155030.841858907] [uav_0.autopilot_sv_cbf_rate_node]: goal_waypoint received: [0.000, 5.500, 1.500] (overrides waypoint_x/y/z params)
[autopilot_sv_cbf_rate_node-3] [INFO] [1788155030.863271748] [uav_0.autopilot_sv_cbf_rate_node]: pos=[0.02 5.50 1.50]  T=22.993N  omega=[0.001 -0.002 0.000]  certified=3 uncertified=0  delta=0.0000  gamma=5.000(fixed)  feasible=1
[autopilot_sv_cbf_rate_node-3] [INFO] [1788155030.942010392] [uav_0.autopilot_sv_cbf_rate_node]: goal_waypoint received: [0.000, 5.500, 1.500] (overrides waypoint_x/y/z params)
[autopilot_sv_cbf_rate_node-3] [INFO] [1788155031.041943081] [uav_0.autopilot_sv_cbf_rate_node]: goal_waypoint received: [0.000, 5.500, 1.500] (overrides waypoint_x/y/z params)
[autopilot_sv_cbf_rate_node-3] [INFO] [1788155031.141862372] [uav_0.autopilot_sv_cbf_rate_node]: goal_waypoint received: [0.000, 5.500, 1.500] (overrides waypoint_x/y/z params)
[autopilot_sv_cbf_rate_node-3] [INFO] [1788155031.241853062] [uav_0.autopilot_sv_cbf_rate_node]: goal_waypoint received: [0.000, 5.500, 1.500] (overrides waypoint_x/y/z params)
[autopilot_sv_cbf_rate_node-3] [INFO] [1788155031.341892952] [uav_0.autopilot_sv_cbf_rate_node]: goal_waypoint received: [0.000, 5.500, 1.500] (overrides waypoint_x/y/z params)
[autopilot_sv_cbf_rate_node-3] [INFO] [1788155031.441848042] [uav_0.autopilot_sv_cbf_rate_node]: goal_waypoint received: [0.000, 5.500, 1.500] (overrides waypoint_x/y/z params)
[autopilot_sv_cbf_rate_node-3] [INFO] [1788155031.541874532] [uav_0.autopilot_sv_cbf_rate_node]: goal_waypoint received: [0.000, 5.500, 1.500] (overrides waypoint_x/y/z params)
[autopilot_sv_cbf_rate_node-3] [INFO] [1788155031.642004620] [uav_0.autopilot_sv_cbf_rate_node]: goal_waypoint received: [0.000, 5.500, 1.500] (overrides waypoint_x/y/z params)
[autopilot_sv_cbf_rate_node-3] [INFO] [1788155031.742010210] [uav_0.autopilot_sv_cbf_rate_node]: goal_waypoint received: [0.000, 5.500, 1.500] (overrides waypoint_x/y/z params)
[autopilot_sv_cbf_rate_node-3] [INFO] [1788155031.841912401] [uav_0.autopilot_sv_cbf_rate_node]: goal_waypoint received: [0.000, 5.500, 1.500] (overrides waypoint_x/y/z params)
[autopilot_sv_cbf_rate_node-3] [INFO] [1788155031.863242043] [uav_0.autopilot_sv_cbf_rate_node]: pos=[0.01 5.50 1.50]  T=22.997N  omega=[-0.016 -0.005 0.000]  certified=3 uncertified=0  delta=0.0000  gamma=5.000(fixed)  feasible=1
[autopilot_sv_cbf_rate_node-3] [INFO] [1788155031.942031089] [uav_0.autopilot_sv_cbf_rate_node]: goal_waypoint received: [0.000, 5.500, 1.500] (overrides waypoint_x/y/z params)
[autopilot_sv_cbf_rate_node-3] [INFO] [1788155032.042030880] [uav_0.autopilot_sv_cbf_rate_node]: goal_waypoint received: [0.000, 5.500, 1.500] (overrides waypoint_x/y/z params)
[autopilot_sv_cbf_rate_node-3] [INFO] [1788155032.142033373] [uav_0.autopilot_sv_cbf_rate_node]: goal_waypoint received: [0.000, 5.500, 1.500] (overrides waypoint_x/y/z params)
[autopilot_sv_cbf_rate_node-3] [INFO] [1788155032.242256963] [uav_0.autopilot_sv_cbf_rate_node]: goal_waypoint received: [0.000, 5.500, 1.500] (overrides waypoint_x/y/z params)
[autopilot_sv_cbf_rate_node-3] [INFO] [1788155032.342021359] [uav_0.autopilot_sv_cbf_rate_node]: goal_waypoint received: [0.000, 5.500, 1.500] (overrides waypoint_x/y/z params)
[autopilot_sv_cbf_rate_node-3] [INFO] [1788155032.442117350] [uav_0.autopilot_sv_cbf_rate_node]: goal_waypoint received: [0.000, 5.500, 1.500] (overrides waypoint_x/y/z params)
[autopilot_sv_cbf_rate_node-3] [INFO] [1788155032.542022576] [uav_0.autopilot_sv_cbf_rate_node]: goal_waypoint received: [0.000, 5.500, 1.500] (overrides waypoint_x/y/z params)
[autopilot_sv_cbf_rate_node-3] [INFO] [1788155032.642003829] [uav_0.autopilot_sv_cbf_rate_node]: goal_waypoint received: [0.000, 5.500, 1.500] (overrides waypoint_x/y/z params)
[autopilot_sv_cbf_rate_node-3] [INFO] [1788155032.742023881] [uav_0.autopilot_sv_cbf_rate_node]: goal_waypoint received: [0.000, 5.500, 1.500] (overrides waypoint_x/y/z params)
[autopilot_sv_cbf_rate_node-3] [INFO] [1788155032.841793936] [uav_0.autopilot_sv_cbf_rate_node]: goal_waypoint received: [0.000, 5.500, 1.500] (overrides waypoint_x/y/z params)
[autopilot_sv_cbf_rate_node-3] [INFO] [1788155032.863250211] [uav_0.autopilot_sv_cbf_rate_node]: pos=[-0.01 5.49 1.51]  T=22.945N  omega=[0.011 -0.001 0.000]  certified=3 uncertified=0  delta=0.0000  gamma=5.000(fixed)  feasible=1
[autopilot_sv_cbf_rate_node-3] [INFO] [1788155032.941902887] [uav_0.autopilot_sv_cbf_rate_node]: goal_waypoint received: [0.000, 5.500, 1.500] (overrides waypoint_x/y/z params)
[autopilot_sv_cbf_rate_node-3] [INFO] [1788155033.041967840] [uav_0.autopilot_sv_cbf_rate_node]: goal_waypoint received: [0.000, 5.500, 1.500] (overrides waypoint_x/y/z params)
[autopilot_sv_cbf_rate_node-3] [INFO] [1788155033.141860196] [uav_0.autopilot_sv_cbf_rate_node]: goal_waypoint received: [0.000, 5.500, 1.500] (overrides waypoint_x/y/z params)
[autopilot_sv_cbf_rate_node-3] [INFO] [1788155033.241959651] [uav_0.autopilot_sv_cbf_rate_node]: goal_waypoint received: [0.000, 5.500, 1.500] (overrides waypoint_x/y/z params)
[autopilot_sv_cbf_rate_node-3] [INFO] [1788155033.341905107] [uav_0.autopilot_sv_cbf_rate_node]: goal_waypoint received: [0.000, 5.500, 1.500] (overrides waypoint_x/y/z params)
[autopilot_sv_cbf_rate_node-3] [INFO] [1788155033.441826663] [uav_0.autopilot_sv_cbf_rate_node]: goal_waypoint received: [0.000, 5.500, 1.500] (overrides waypoint_x/y/z params)
[autopilot_sv_cbf_rate_node-3] [INFO] [1788155033.541884217] [uav_0.autopilot_sv_cbf_rate_node]: goal_waypoint received: [0.000, 5.500, 1.500] (overrides waypoint_x/y/z params)
[autopilot_sv_cbf_rate_node-3] [INFO] [1788155033.641884573] [uav_0.autopilot_sv_cbf_rate_node]: goal_waypoint received: [0.000, 5.500, 1.500] (overrides waypoint_x/y/z params)
[autopilot_sv_cbf_rate_node-3] [INFO] [1788155033.742132025] [uav_0.autopilot_sv_cbf_rate_node]: goal_waypoint received: [0.000, 5.500, 1.500] (overrides waypoint_x/y/z params)
[autopilot_sv_cbf_rate_node-3] [INFO] [1788155033.841947283] [uav_0.autopilot_sv_cbf_rate_node]: goal_waypoint received: [0.000, 5.500, 1.500] (overrides waypoint_x/y/z params)
[autopilot_sv_cbf_rate_node-3] [INFO] [1788155033.863323059] [uav_0.autopilot_sv_cbf_rate_node]: pos=[0.01 5.50 1.50]  T=23.017N  omega=[-0.005 0.003 0.000]  certified=3 uncertified=0  delta=0.0000  gamma=5.000(fixed)  feasible=1
[autopilot_sv_cbf_rate_node-3] [INFO] [1788155033.941873139] [uav_0.autopilot_sv_cbf_rate_node]: goal_waypoint received: [0.000, 5.500, 1.500] (overrides waypoint_x/y/z params)
[autopilot_sv_cbf_rate_node-3] [INFO] [1788155034.041901995] [uav_0.autopilot_sv_cbf_rate_node]: goal_waypoint received: [0.000, 5.500, 1.500] (overrides waypoint_x/y/z params)
[autopilot_sv_cbf_rate_node-3] [INFO] [1788155034.141816454] [uav_0.autopilot_sv_cbf_rate_node]: goal_waypoint received: [0.000, 5.500, 1.500] (overrides waypoint_x/y/z params)
[autopilot_sv_cbf_rate_node-3] [INFO] [1788155034.242005110] [uav_0.autopilot_sv_cbf_rate_node]: goal_waypoint received: [0.000, 5.500, 1.500] (overrides waypoint_x/y/z params)
[autopilot_sv_cbf_rate_node-3] [INFO] [1788155034.341929969] [uav_0.autopilot_sv_cbf_rate_node]: goal_waypoint received: [0.000, 5.500, 1.500] (overrides waypoint_x/y/z params)
[autopilot_sv_cbf_rate_node-3] [INFO] [1788155034.441938727] [uav_0.autopilot_sv_cbf_rate_node]: goal_waypoint received: [0.000, 5.500, 1.500] (overrides waypoint_x/y/z params)
[autopilot_sv_cbf_rate_node-3] [INFO] [1788155034.541880286] [uav_0.autopilot_sv_cbf_rate_node]: goal_waypoint received: [0.000, 5.500, 1.500] (overrides waypoint_x/y/z params)
[autopilot_sv_cbf_rate_node-3] [INFO] [1788155034.641953143] [uav_0.autopilot_sv_cbf_rate_node]: goal_waypoint received: [0.000, 5.500, 1.500] (overrides waypoint_x/y/z params)
[autopilot_sv_cbf_rate_node-3] [INFO] [1788155034.742166095] [uav_0.autopilot_sv_cbf_rate_node]: goal_waypoint received: [0.000, 5.500, 1.500] (overrides waypoint_x/y/z params)
[autopilot_sv_cbf_rate_node-3] [INFO] [1788155034.842053443] [uav_0.autopilot_sv_cbf_rate_node]: goal_waypoint received: [0.000, 5.500, 1.500] (overrides waypoint_x/y/z params)
[autopilot_sv_cbf_rate_node-3] [INFO] [1788155034.863243820] [uav_0.autopilot_sv_cbf_rate_node]: pos=[0.00 5.51 1.50]  T=23.004N  omega=[-0.007 -0.005 0.000]  certified=3 uncertified=0  delta=0.0000  gamma=5.000(fixed)  feasible=1
[autopilot_sv_cbf_rate_node-3] [INFO] [1788155034.942182588] [uav_0.autopilot_sv_cbf_rate_node]: goal_waypoint received: [0.000, 5.500, 1.500] (overrides waypoint_x/y/z params)
[autopilot_sv_cbf_rate_node-3] [INFO] [1788155035.042143036] [uav_0.autopilot_sv_cbf_rate_node]: goal_waypoint received: [0.000, 5.500, 1.500] (overrides waypoint_x/y/z params)
[autopilot_sv_cbf_rate_node-3] [INFO] [1788155035.141929788] [uav_0.autopilot_sv_cbf_rate_node]: goal_waypoint received: [0.000, 5.500, 1.500] (overrides waypoint_x/y/z params)
[autopilot_sv_cbf_rate_node-3] [INFO] [1788155035.242013837] [uav_0.autopilot_sv_cbf_rate_node]: goal_waypoint received: [0.000, 5.500, 1.500] (overrides waypoint_x/y/z params)
[autopilot_sv_cbf_rate_node-3] [INFO] [1788155035.342292883] [uav_0.autopilot_sv_cbf_rate_node]: goal_waypoint received: [0.000, 5.500, 1.500] (overrides waypoint_x/y/z params)
[autopilot_sv_cbf_rate_node-3] [INFO] [1788155035.441971436] [uav_0.autopilot_sv_cbf_rate_node]: goal_waypoint received: [0.000, 5.500, 1.500] (overrides waypoint_x/y/z params)
[autopilot_sv_cbf_rate_node-3] [INFO] [1788155035.542181684] [uav_0.autopilot_sv_cbf_rate_node]: goal_waypoint received: [0.000, 5.500, 1.500] (overrides waypoint_x/y/z params)
[autopilot_sv_cbf_rate_node-3] [INFO] [1788155035.641814737] [uav_0.autopilot_sv_cbf_rate_node]: goal_waypoint received: [0.000, 5.500, 1.500] (overrides waypoint_x/y/z params)
[autopilot_sv_cbf_rate_node-3] [INFO] [1788155035.741858386] [uav_0.autopilot_sv_cbf_rate_node]: goal_waypoint received: [0.000, 5.500, 1.500] (overrides waypoint_x/y/z params)
[autopilot_sv_cbf_rate_node-3] [INFO] [1788155035.841981834] [uav_0.autopilot_sv_cbf_rate_node]: goal_waypoint received: [0.000, 5.500, 1.500] (overrides waypoint_x/y/z params)
[autopilot_sv_cbf_rate_node-3] [INFO] [1788155035.863273011] [uav_0.autopilot_sv_cbf_rate_node]: pos=[0.00 5.50 1.49]  T=22.998N  omega=[0.004 -0.003 0.000]  certified=3 uncertified=0  delta=0.0000  gamma=5.000(fixed)  feasible=1
[autopilot_sv_cbf_rate_node-3] [INFO] [1788155035.941919884] [uav_0.autopilot_sv_cbf_rate_node]: goal_waypoint received: [0.000, 5.500, 1.500] (overrides waypoint_x/y/z params)
[autopilot_sv_cbf_rate_node-3] [INFO] [1788155036.041906835] [uav_0.autopilot_sv_cbf_rate_node]: goal_waypoint received: [0.000, 5.500, 1.500] (overrides waypoint_x/y/z params)
[autopilot_sv_cbf_rate_node-3] [INFO] [1788155036.141919287] [uav_0.autopilot_sv_cbf_rate_node]: goal_waypoint received: [0.000, 5.500, 1.500] (overrides waypoint_x/y/z params)
[autopilot_sv_cbf_rate_node-3] [INFO] [1788155036.241861740] [uav_0.autopilot_sv_cbf_rate_node]: goal_waypoint received: [0.000, 5.500, 1.500] (overrides waypoint_x/y/z params)
[autopilot_sv_cbf_rate_node-3] [INFO] [1788155036.341838793] [uav_0.autopilot_sv_cbf_rate_node]: goal_waypoint received: [0.000, 5.500, 1.500] (overrides waypoint_x/y/z params)
[autopilot_sv_cbf_rate_node-3] [INFO] [1788155036.441966444] [uav_0.autopilot_sv_cbf_rate_node]: goal_waypoint received: [0.000, 5.500, 1.500] (overrides waypoint_x/y/z params)
[autopilot_sv_cbf_rate_node-3] [INFO] [1788155036.542223394] [uav_0.autopilot_sv_cbf_rate_node]: goal_waypoint received: [0.000, 5.500, 1.500] (overrides waypoint_x/y/z params)
[autopilot_sv_cbf_rate_node-3] [INFO] [1788155036.642019248] [uav_0.autopilot_sv_cbf_rate_node]: goal_waypoint received: [0.000, 5.500, 1.500] (overrides waypoint_x/y/z params)
[autopilot_sv_cbf_rate_node-3] [INFO] [1788155036.741881802] [uav_0.autopilot_sv_cbf_rate_node]: goal_waypoint received: [0.000, 5.500, 1.500] (overrides waypoint_x/y/z params)
[autopilot_sv_cbf_rate_node-3] [INFO] [1788155036.841983354] [uav_0.autopilot_sv_cbf_rate_node]: goal_waypoint received: [0.000, 5.500, 1.500] (overrides waypoint_x/y/z params)
[autopilot_sv_cbf_rate_node-3] [INFO] [1788155036.863277231] [uav_0.autopilot_sv_cbf_rate_node]: pos=[0.01 5.48 1.50]  T=23.002N  omega=[0.013 0.002 0.000]  certified=3 uncertified=0  delta=0.0000  gamma=5.000(fixed)  feasible=1
[autopilot_sv_cbf_rate_node-3] [INFO] [1788155036.941868907] [uav_0.autopilot_sv_cbf_rate_node]: goal_waypoint received: [0.000, 5.500, 1.500] (overrides waypoint_x/y/z params)
[autopilot_sv_cbf_rate_node-3] [INFO] [1788155037.041981060] [uav_0.autopilot_sv_cbf_rate_node]: goal_waypoint received: [0.000, 5.500, 1.500] (overrides waypoint_x/y/z params)
[autopilot_sv_cbf_rate_node-3] [INFO] [1788155037.141880516] [uav_0.autopilot_sv_cbf_rate_node]: goal_waypoint received: [0.000, 5.500, 1.500] (overrides waypoint_x/y/z params)
[autopilot_sv_cbf_rate_node-3] [INFO] [1788155037.241925771] [uav_0.autopilot_sv_cbf_rate_node]: goal_waypoint received: [0.000, 5.500, 1.500] (overrides waypoint_x/y/z params)
[autopilot_sv_cbf_rate_node-3] [INFO] [1788155037.342081124] [uav_0.autopilot_sv_cbf_rate_node]: goal_waypoint received: [0.000, 5.500, 1.500] (overrides waypoint_x/y/z params)
[autopilot_sv_cbf_rate_node-3] [INFO] [1788155037.441847382] [uav_0.autopilot_sv_cbf_rate_node]: goal_waypoint received: [0.000, 5.500, 1.500] (overrides waypoint_x/y/z params)
[autopilot_sv_cbf_rate_node-3] [INFO] [1788155037.542083935] [uav_0.autopilot_sv_cbf_rate_node]: goal_waypoint received: [0.000, 5.500, 1.500] (overrides waypoint_x/y/z params)
[autopilot_sv_cbf_rate_node-3] [INFO] [1788155037.642017391] [uav_0.autopilot_sv_cbf_rate_node]: goal_waypoint received: [0.000, 5.500, 1.500] (overrides waypoint_x/y/z params)
[autopilot_sv_cbf_rate_node-3] [INFO] [1788155037.741997946] [uav_0.autopilot_sv_cbf_rate_node]: goal_waypoint received: [0.000, 5.500, 1.500] (overrides waypoint_x/y/z params)
[autopilot_sv_cbf_rate_node-3] [INFO] [1788155037.842115900] [uav_0.autopilot_sv_cbf_rate_node]: goal_waypoint received: [0.000, 5.500, 1.500] (overrides waypoint_x/y/z params)
[autopilot_sv_cbf_rate_node-3] [INFO] [1788155037.863276479] [uav_0.autopilot_sv_cbf_rate_node]: pos=[0.01 5.51 1.48]  T=23.043N  omega=[-0.001 0.007 0.000]  certified=3 uncertified=0  delta=0.0000  gamma=5.000(fixed)  feasible=1
[autopilot_sv_cbf_rate_node-3] [INFO] [1788155037.942008357] [uav_0.autopilot_sv_cbf_rate_node]: goal_waypoint received: [0.000, 5.500, 1.500] (overrides waypoint_x/y/z params)
[autopilot_sv_cbf_rate_node-3] [INFO] [1788155038.042232011] [uav_0.autopilot_sv_cbf_rate_node]: goal_waypoint received: [0.000, 5.500, 1.500] (overrides waypoint_x/y/z params)
[autopilot_sv_cbf_rate_node-3] [INFO] [1788155038.142105170] [uav_0.autopilot_sv_cbf_rate_node]: goal_waypoint received: [0.000, 5.500, 1.500] (overrides waypoint_x/y/z params)
[autopilot_sv_cbf_rate_node-3] [INFO] [1788155038.241954930] [uav_0.autopilot_sv_cbf_rate_node]: goal_waypoint received: [0.000, 5.500, 1.500] (overrides waypoint_x/y/z params)
[autopilot_sv_cbf_rate_node-3] [INFO] [1788155038.341974188] [uav_0.autopilot_sv_cbf_rate_node]: goal_waypoint received: [0.000, 5.500, 1.500] (overrides waypoint_x/y/z params)
[autopilot_sv_cbf_rate_node-3] [INFO] [1788155038.441859347] [uav_0.autopilot_sv_cbf_rate_node]: goal_waypoint received: [0.000, 5.500, 1.500] (overrides waypoint_x/y/z params)
[autopilot_sv_cbf_rate_node-3] [INFO] [1788155038.541955904] [uav_0.autopilot_sv_cbf_rate_node]: goal_waypoint received: [0.000, 5.500, 1.500] (overrides waypoint_x/y/z params)
[autopilot_sv_cbf_rate_node-3] [INFO] [1788155038.641995662] [uav_0.autopilot_sv_cbf_rate_node]: goal_waypoint received: [0.000, 5.500, 1.500] (overrides waypoint_x/y/z params)
[autopilot_sv_cbf_rate_node-3] [INFO] [1788155038.741952621] [uav_0.autopilot_sv_cbf_rate_node]: goal_waypoint received: [0.000, 5.500, 1.500] (overrides waypoint_x/y/z params)
[autopilot_sv_cbf_rate_node-3] [INFO] [1788155038.842094877] [uav_0.autopilot_sv_cbf_rate_node]: goal_waypoint received: [0.000, 5.500, 1.500] (overrides waypoint_x/y/z params)
[autopilot_sv_cbf_rate_node-3] [INFO] [1788155038.863249157] [uav_0.autopilot_sv_cbf_rate_node]: pos=[-0.01 5.51 1.49]  T=22.967N  omega=[0.015 -0.002 0.000]  certified=3 uncertified=0  delta=0.0000  gamma=5.000(fixed)  feasible=1
[autopilot_sv_cbf_rate_node-3] [INFO] [1788155038.941858038] [uav_0.autopilot_sv_cbf_rate_node]: goal_waypoint received: [0.000, 5.500, 1.500] (overrides waypoint_x/y/z params)
[autopilot_sv_cbf_rate_node-3] [INFO] [1788155039.041875297] [uav_0.autopilot_sv_cbf_rate_node]: goal_waypoint received: [0.000, 5.500, 1.500] (overrides waypoint_x/y/z params)
[autopilot_sv_cbf_rate_node-3] [INFO] [1788155039.141910958] [uav_0.autopilot_sv_cbf_rate_node]: goal_waypoint received: [0.000, 5.500, 1.500] (overrides waypoint_x/y/z params)
[autopilot_sv_cbf_rate_node-3] [INFO] [1788155039.241919018] [uav_0.autopilot_sv_cbf_rate_node]: goal_waypoint received: [0.000, 5.500, 1.500] (overrides waypoint_x/y/z params)
[autopilot_sv_cbf_rate_node-3] [INFO] [1788155039.341989079] [uav_0.autopilot_sv_cbf_rate_node]: goal_waypoint received: [0.000, 5.500, 1.500] (overrides waypoint_x/y/z params)
[autopilot_sv_cbf_rate_node-3] [INFO] [1788155039.441914541] [uav_0.autopilot_sv_cbf_rate_node]: goal_waypoint received: [0.000, 5.500, 1.500] (overrides waypoint_x/y/z params)
[autopilot_sv_cbf_rate_node-3] [INFO] [1788155039.541914002] [uav_0.autopilot_sv_cbf_rate_node]: goal_waypoint received: [0.000, 5.500, 1.500] (overrides waypoint_x/y/z params)
[autopilot_sv_cbf_rate_node-3] [INFO] [1788155039.641897763] [uav_0.autopilot_sv_cbf_rate_node]: goal_waypoint received: [0.000, 5.500, 1.500] (overrides waypoint_x/y/z params)
[autopilot_sv_cbf_rate_node-3] [INFO] [1788155039.741857624] [uav_0.autopilot_sv_cbf_rate_node]: goal_waypoint received: [0.000, 5.500, 1.500] (overrides waypoint_x/y/z params)
[autopilot_sv_cbf_rate_node-3] [INFO] [1788155039.841876785] [uav_0.autopilot_sv_cbf_rate_node]: goal_waypoint received: [0.000, 5.500, 1.500] (overrides waypoint_x/y/z params)
[autopilot_sv_cbf_rate_node-3] [INFO] [1788155039.863253763] [uav_0.autopilot_sv_cbf_rate_node]: pos=[-0.01 5.52 1.50]  T=22.989N  omega=[-0.000 0.018 0.000]  certified=3 uncertified=0  delta=0.0000  gamma=5.000(fixed)  feasible=1
[autopilot_sv_cbf_rate_node-3] [INFO] [1788155039.941953645] [uav_0.autopilot_sv_cbf_rate_node]: goal_waypoint received: [0.000, 5.500, 1.500] (overrides waypoint_x/y/z params)
[autopilot_sv_cbf_rate_node-3] [INFO] [1788155040.041869908] [uav_0.autopilot_sv_cbf_rate_node]: goal_waypoint received: [0.000, 5.500, 1.500] (overrides waypoint_x/y/z params)
[autopilot_sv_cbf_rate_node-3] [INFO] [1788155040.141888772] [uav_0.autopilot_sv_cbf_rate_node]: goal_waypoint received: [0.000, 5.500, 1.500] (overrides waypoint_x/y/z params)
[autopilot_sv_cbf_rate_node-3] [INFO] [1788155040.242036934] [uav_0.autopilot_sv_cbf_rate_node]: goal_waypoint received: [0.000, 5.500, 1.500] (overrides waypoint_x/y/z params)
[autopilot_sv_cbf_rate_node-3] [INFO] [1788155040.342193596] [uav_0.autopilot_sv_cbf_rate_node]: goal_waypoint received: [0.000, 5.500, 1.500] (overrides waypoint_x/y/z params)
[autopilot_sv_cbf_rate_node-3] [INFO] [1788155040.442080561] [uav_0.autopilot_sv_cbf_rate_node]: goal_waypoint received: [0.000, 5.500, 1.500] (overrides waypoint_x/y/z params)
[autopilot_sv_cbf_rate_node-3] [INFO] [1788155040.541970826] [uav_0.autopilot_sv_cbf_rate_node]: goal_waypoint received: [0.000, 5.500, 1.500] (overrides waypoint_x/y/z params)
[autopilot_sv_cbf_rate_node-3] [INFO] [1788155040.642231787] [uav_0.autopilot_sv_cbf_rate_node]: goal_waypoint received: [0.000, 5.500, 1.500] (overrides waypoint_x/y/z params)
[autopilot_sv_cbf_rate_node-3] [INFO] [1788155040.742074253] [uav_0.autopilot_sv_cbf_rate_node]: goal_waypoint received: [0.000, 5.500, 1.500] (overrides waypoint_x/y/z params)
[autopilot_sv_cbf_rate_node-3] [INFO] [1788155040.841991518] [uav_0.autopilot_sv_cbf_rate_node]: goal_waypoint received: [0.000, 5.500, 1.500] (overrides waypoint_x/y/z params)
[autopilot_sv_cbf_rate_node-3] [INFO] [1788155040.863246197] [uav_0.autopilot_sv_cbf_rate_node]: pos=[-0.02 5.50 1.49]  T=23.005N  omega=[-0.004 -0.014 0.000]  certified=3 uncertified=0  delta=0.0000  gamma=5.000(fixed)  feasible=1
[autopilot_sv_cbf_rate_node-3] [INFO] [1788155040.941977082] [uav_0.autopilot_sv_cbf_rate_node]: goal_waypoint received: [0.000, 5.500, 1.500] (overrides waypoint_x/y/z params)
[autopilot_sv_cbf_rate_node-3] [INFO] [1788155041.041927547] [uav_0.autopilot_sv_cbf_rate_node]: goal_waypoint received: [0.000, 5.500, 1.500] (overrides waypoint_x/y/z params)
[autopilot_sv_cbf_rate_node-3] [INFO] [1788155041.142056413] [uav_0.autopilot_sv_cbf_rate_node]: goal_waypoint received: [0.000, 5.500, 1.500] (overrides waypoint_x/y/z params)
[autopilot_sv_cbf_rate_node-3] [INFO] [1788155041.242119279] [uav_0.autopilot_sv_cbf_rate_node]: goal_waypoint received: [0.000, 5.500, 1.500] (overrides waypoint_x/y/z params)
[autopilot_sv_cbf_rate_node-3] [INFO] [1788155041.341933347] [uav_0.autopilot_sv_cbf_rate_node]: goal_waypoint received: [0.000, 5.500, 1.500] (overrides waypoint_x/y/z params)
[autopilot_sv_cbf_rate_node-3] [INFO] [1788155041.441926014] [uav_0.autopilot_sv_cbf_rate_node]: goal_waypoint received: [0.000, 5.500, 1.500] (overrides waypoint_x/y/z params)
[autopilot_sv_cbf_rate_node-3] [INFO] [1788155041.541972780] [uav_0.autopilot_sv_cbf_rate_node]: goal_waypoint received: [0.000, 5.500, 1.500] (overrides waypoint_x/y/z params)
[autopilot_sv_cbf_rate_node-3] [INFO] [1788155041.641899448] [uav_0.autopilot_sv_cbf_rate_node]: goal_waypoint received: [0.000, 5.500, 1.500] (overrides waypoint_x/y/z params)
[autopilot_sv_cbf_rate_node-3] [INFO] [1788155041.741882815] [uav_0.autopilot_sv_cbf_rate_node]: goal_waypoint received: [0.000, 5.500, 1.500] (overrides waypoint_x/y/z params)
[autopilot_sv_cbf_rate_node-3] [INFO] [1788155041.841824282] [uav_0.autopilot_sv_cbf_rate_node]: goal_waypoint received: [0.000, 5.500, 1.500] (overrides waypoint_x/y/z params)
[autopilot_sv_cbf_rate_node-3] [INFO] [1788155041.863177361] [uav_0.autopilot_sv_cbf_rate_node]: pos=[-0.00 5.50 1.51]  T=22.959N  omega=[0.004 -0.000 0.000]  certified=3 uncertified=0  delta=0.0000  gamma=5.000(fixed)  feasible=1
[autopilot_sv_cbf_rate_node-3] [INFO] [1788155041.941864848] [uav_0.autopilot_sv_cbf_rate_node]: goal_waypoint received: [0.000, 5.500, 1.500] (overrides waypoint_x/y/z params)
[autopilot_sv_cbf_rate_node-3] [INFO] [1788155042.041968915] [uav_0.autopilot_sv_cbf_rate_node]: goal_waypoint received: [0.000, 5.500, 1.500] (overrides waypoint_x/y/z params)
[autopilot_sv_cbf_rate_node-3] [INFO] [1788155042.141970684] [uav_0.autopilot_sv_cbf_rate_node]: goal_waypoint received: [0.000, 5.500, 1.500] (overrides waypoint_x/y/z params)
[autopilot_sv_cbf_rate_node-3] [INFO] [1788155042.241914255] [uav_0.autopilot_sv_cbf_rate_node]: goal_waypoint received: [0.000, 5.500, 1.500] (overrides waypoint_x/y/z params)
[autopilot_sv_cbf_rate_node-3] [INFO] [1788155042.341947724] [uav_0.autopilot_sv_cbf_rate_node]: goal_waypoint received: [0.000, 5.500, 1.500] (overrides waypoint_x/y/z params)
[autopilot_sv_cbf_rate_node-3] [INFO] [1788155042.441798895] [uav_0.autopilot_sv_cbf_rate_node]: goal_waypoint received: [0.000, 5.500, 1.500] (overrides waypoint_x/y/z params)
[autopilot_sv_cbf_rate_node-3] [INFO] [1788155042.541773465] [uav_0.autopilot_sv_cbf_rate_node]: goal_waypoint received: [0.000, 5.500, 1.500] (overrides waypoint_x/y/z params)
[autopilot_sv_cbf_rate_node-3] [INFO] [1788155042.641874133] [uav_0.autopilot_sv_cbf_rate_node]: goal_waypoint received: [0.000, 5.500, 1.500] (overrides waypoint_x/y/z params)
[autopilot_sv_cbf_rate_node-3] [INFO] [1788155042.741860427] [uav_0.autopilot_sv_cbf_rate_node]: goal_waypoint received: [0.000, 5.500, 1.500] (overrides waypoint_x/y/z params)
[autopilot_sv_cbf_rate_node-3] [INFO] [1788155042.841847164] [uav_0.autopilot_sv_cbf_rate_node]: goal_waypoint received: [0.000, 5.500, 1.500] (overrides waypoint_x/y/z params)
[autopilot_sv_cbf_rate_node-3] [INFO] [1788155042.863238022] [uav_0.autopilot_sv_cbf_rate_node]: pos=[0.00 5.49 1.49]  T=23.044N  omega=[0.014 0.001 0.000]  certified=3 uncertified=0  delta=0.0000  gamma=5.000(fixed)  feasible=1
[autopilot_sv_cbf_rate_node-3] [INFO] [1788155042.941877300] [uav_0.autopilot_sv_cbf_rate_node]: goal_waypoint received: [0.000, 5.500, 1.500] (overrides waypoint_x/y/z params)
[autopilot_sv_cbf_rate_node-3] [INFO] [1788155043.041812338] [uav_0.autopilot_sv_cbf_rate_node]: goal_waypoint received: [0.000, 5.500, 1.500] (overrides waypoint_x/y/z params)
[autopilot_sv_cbf_rate_node-3] [INFO] [1788155043.141856177] [uav_0.autopilot_sv_cbf_rate_node]: goal_waypoint received: [0.000, 5.500, 1.500] (overrides waypoint_x/y/z params)
[autopilot_sv_cbf_rate_node-3] [INFO] [1788155043.242134710] [uav_0.autopilot_sv_cbf_rate_node]: goal_waypoint received: [0.000, 5.500, 1.500] (overrides waypoint_x/y/z params)
[autopilot_sv_cbf_rate_node-3] [INFO] [1788155043.342012052] [uav_0.autopilot_sv_cbf_rate_node]: goal_waypoint received: [0.000, 5.500, 1.500] (overrides waypoint_x/y/z params)
[autopilot_sv_cbf_rate_node-3] [INFO] [1788155043.442141088] [uav_0.autopilot_sv_cbf_rate_node]: goal_waypoint received: [0.000, 5.500, 1.500] (overrides waypoint_x/y/z params)
[autopilot_sv_cbf_rate_node-3] [INFO] [1788155043.542016030] [uav_0.autopilot_sv_cbf_rate_node]: goal_waypoint received: [0.000, 5.500, 1.500] (overrides waypoint_x/y/z params)
[autopilot_sv_cbf_rate_node-3] [INFO] [1788155043.642157366] [uav_0.autopilot_sv_cbf_rate_node]: goal_waypoint received: [0.000, 5.500, 1.500] (overrides waypoint_x/y/z params)
[autopilot_sv_cbf_rate_node-3] [INFO] [1788155043.741961909] [uav_0.autopilot_sv_cbf_rate_node]: goal_waypoint received: [0.000, 5.500, 1.500] (overrides waypoint_x/y/z params)
[autopilot_sv_cbf_rate_node-3] [INFO] [1788155043.842027547] [uav_0.autopilot_sv_cbf_rate_node]: goal_waypoint received: [0.000, 5.500, 1.500] (overrides waypoint_x/y/z params)
[autopilot_sv_cbf_rate_node-3] [INFO] [1788155043.863216710] [uav_0.autopilot_sv_cbf_rate_node]: pos=[-0.01 5.50 1.49]  T=23.009N  omega=[-0.002 0.011 0.000]  certified=3 uncertified=0  delta=0.0000  gamma=5.000(fixed)  feasible=1
[autopilot_sv_cbf_rate_node-3] [INFO] [1788155043.941899489] [uav_0.autopilot_sv_cbf_rate_node]: goal_waypoint received: [0.000, 5.500, 1.500] (overrides waypoint_x/y/z params)
[autopilot_sv_cbf_rate_node-3] [INFO] [1788155044.041946928] [uav_0.autopilot_sv_cbf_rate_node]: goal_waypoint received: [0.000, 5.500, 1.500] (overrides waypoint_x/y/z params)
[autopilot_sv_cbf_rate_node-3] [INFO] [1788155044.141919871] [uav_0.autopilot_sv_cbf_rate_node]: goal_waypoint received: [0.000, 5.500, 1.500] (overrides waypoint_x/y/z params)
[autopilot_sv_cbf_rate_node-3] [INFO] [1788155044.241957712] [uav_0.autopilot_sv_cbf_rate_node]: goal_waypoint received: [0.000, 5.500, 1.500] (overrides waypoint_x/y/z params)
[autopilot_sv_cbf_rate_node-3] [INFO] [1788155044.341945054] [uav_0.autopilot_sv_cbf_rate_node]: goal_waypoint received: [0.000, 5.500, 1.500] (overrides waypoint_x/y/z params)
[autopilot_sv_cbf_rate_node-3] [INFO] [1788155044.441959796] [uav_0.autopilot_sv_cbf_rate_node]: goal_waypoint received: [0.000, 5.500, 1.500] (overrides waypoint_x/y/z params)
[autopilot_sv_cbf_rate_node-3] [INFO] [1788155044.541868540] [uav_0.autopilot_sv_cbf_rate_node]: goal_waypoint received: [0.000, 5.500, 1.500] (overrides waypoint_x/y/z params)
[autopilot_sv_cbf_rate_node-3] [INFO] [1788155044.641919281] [uav_0.autopilot_sv_cbf_rate_node]: goal_waypoint received: [0.000, 5.500, 1.500] (overrides waypoint_x/y/z params)
[autopilot_sv_cbf_rate_node-3] [INFO] [1788155044.742017121] [uav_0.autopilot_sv_cbf_rate_node]: goal_waypoint received: [0.000, 5.500, 1.500] (overrides waypoint_x/y/z params)
[autopilot_sv_cbf_rate_node-3] [INFO] [1788155044.841941764] [uav_0.autopilot_sv_cbf_rate_node]: goal_waypoint received: [0.000, 5.500, 1.500] (overrides waypoint_x/y/z params)
[autopilot_sv_cbf_rate_node-3] [INFO] [1788155044.863171027] [uav_0.autopilot_sv_cbf_rate_node]: pos=[-0.00 5.51 1.48]  T=23.017N  omega=[0.006 -0.001 0.000]  certified=3 uncertified=0  delta=0.0000  gamma=5.000(fixed)  feasible=1
[autopilot_sv_cbf_rate_node-3] [INFO] [1788155044.941910581] [uav_0.autopilot_sv_cbf_rate_node]: goal_waypoint received: [0.000, 5.500, 1.500] (overrides waypoint_x/y/z params)
[autopilot_sv_cbf_rate_node-3] [INFO] [1788155045.041889908] [uav_0.autopilot_sv_cbf_rate_node]: goal_waypoint received: [0.000, 5.500, 1.500] (overrides waypoint_x/y/z params)
[autopilot_sv_cbf_rate_node-3] [INFO] [1788155045.142070835] [uav_0.autopilot_sv_cbf_rate_node]: goal_waypoint received: [0.000, 5.500, 1.500] (overrides waypoint_x/y/z params)
[autopilot_sv_cbf_rate_node-3] [INFO] [1788155045.241940065] [uav_0.autopilot_sv_cbf_rate_node]: goal_waypoint received: [0.000, 5.500, 1.500] (overrides waypoint_x/y/z params)
[autopilot_sv_cbf_rate_node-3] [INFO] [1788155045.342024093] [uav_0.autopilot_sv_cbf_rate_node]: goal_waypoint received: [0.000, 5.500, 1.500] (overrides waypoint_x/y/z params)
[autopilot_sv_cbf_rate_node-3] [INFO] [1788155045.442200920] [uav_0.autopilot_sv_cbf_rate_node]: goal_waypoint received: [0.000, 5.500, 1.500] (overrides waypoint_x/y/z params)
[autopilot_sv_cbf_rate_node-3] [INFO] [1788155045.542023051] [uav_0.autopilot_sv_cbf_rate_node]: goal_waypoint received: [0.000, 5.500, 1.500] (overrides waypoint_x/y/z params)
[autopilot_sv_cbf_rate_node-3] [INFO] [1788155045.642005180] [uav_0.autopilot_sv_cbf_rate_node]: goal_waypoint received: [0.000, 5.500, 1.500] (overrides waypoint_x/y/z params)
[autopilot_sv_cbf_rate_node-3] [INFO] [1788155045.741927510] [uav_0.autopilot_sv_cbf_rate_node]: goal_waypoint received: [0.000, 5.500, 1.500] (overrides waypoint_x/y/z params)
[autopilot_sv_cbf_rate_node-3] [INFO] [1788155045.841910939] [uav_0.autopilot_sv_cbf_rate_node]: goal_waypoint received: [0.000, 5.500, 1.500] (overrides waypoint_x/y/z params)
[autopilot_sv_cbf_rate_node-3] [INFO] [1788155045.863078612] [uav_0.autopilot_sv_cbf_rate_node]: pos=[-0.01 5.52 1.49]  T=22.961N  omega=[0.000 0.007 0.000]  certified=3 uncertified=0  delta=0.0000  gamma=5.000(fixed)  feasible=1
[autopilot_sv_cbf_rate_node-3] [INFO] [1788155045.942051767] [uav_0.autopilot_sv_cbf_rate_node]: goal_waypoint received: [0.000, 5.500, 1.500] (overrides waypoint_x/y/z params)
[autopilot_sv_cbf_rate_node-3] [INFO] [1788155046.041950298] [uav_0.autopilot_sv_cbf_rate_node]: goal_waypoint received: [0.000, 5.500, 1.500] (overrides waypoint_x/y/z params)
[autopilot_sv_cbf_rate_node-3] [INFO] [1788155046.141876830] [uav_0.autopilot_sv_cbf_rate_node]: goal_waypoint received: [0.000, 5.500, 1.500] (overrides waypoint_x/y/z params)
[autopilot_sv_cbf_rate_node-3] [INFO] [1788155046.241914962] [uav_0.autopilot_sv_cbf_rate_node]: goal_waypoint received: [0.000, 5.500, 1.500] (overrides waypoint_x/y/z params)
[autopilot_sv_cbf_rate_node-3] [INFO] [1788155046.342043092] [uav_0.autopilot_sv_cbf_rate_node]: goal_waypoint received: [0.000, 5.500, 1.500] (overrides waypoint_x/y/z params)
[autopilot_sv_cbf_rate_node-3] [INFO] [1788155046.442026024] [uav_0.autopilot_sv_cbf_rate_node]: goal_waypoint received: [0.000, 5.500, 1.500] (overrides waypoint_x/y/z params)
[autopilot_sv_cbf_rate_node-3] [INFO] [1788155046.541890957] [uav_0.autopilot_sv_cbf_rate_node]: goal_waypoint received: [0.000, 5.500, 1.500] (overrides waypoint_x/y/z params)
[autopilot_sv_cbf_rate_node-3] [INFO] [1788155046.641909889] [uav_0.autopilot_sv_cbf_rate_node]: goal_waypoint received: [0.000, 5.500, 1.500] (overrides waypoint_x/y/z params)
[autopilot_sv_cbf_rate_node-3] [INFO] [1788155046.741842421] [uav_0.autopilot_sv_cbf_rate_node]: goal_waypoint received: [0.000, 5.500, 1.500] (overrides waypoint_x/y/z params)
[autopilot_sv_cbf_rate_node-3] [INFO] [1788155046.841798753] [uav_0.autopilot_sv_cbf_rate_node]: goal_waypoint received: [0.000, 5.500, 1.500] (overrides waypoint_x/y/z params)
[autopilot_sv_cbf_rate_node-3] [INFO] [1788155046.863071026] [uav_0.autopilot_sv_cbf_rate_node]: pos=[-0.00 5.52 1.49]  T=23.014N  omega=[-0.004 0.008 0.000]  certified=3 uncertified=0  delta=0.0000  gamma=5.000(fixed)  feasible=1
[autopilot_sv_cbf_rate_node-3] [INFO] [1788155046.941837885] [uav_0.autopilot_sv_cbf_rate_node]: goal_waypoint received: [0.000, 5.500, 1.500] (overrides waypoint_x/y/z params)
[autopilot_sv_cbf_rate_node-3] [INFO] [1788155047.042072815] [uav_0.autopilot_sv_cbf_rate_node]: goal_waypoint received: [0.000, 5.500, 1.500] (overrides waypoint_x/y/z params)
[autopilot_sv_cbf_rate_node-3] [INFO] [1788155047.141830452] [uav_0.autopilot_sv_cbf_rate_node]: goal_waypoint received: [0.000, 5.500, 1.500] (overrides waypoint_x/y/z params)
[autopilot_sv_cbf_rate_node-3] [INFO] [1788155047.241887786] [uav_0.autopilot_sv_cbf_rate_node]: goal_waypoint received: [0.000, 5.500, 1.500] (overrides waypoint_x/y/z params)
[autopilot_sv_cbf_rate_node-3] [INFO] [1788155047.341824422] [uav_0.autopilot_sv_cbf_rate_node]: goal_waypoint received: [0.000, 5.500, 1.500] (overrides waypoint_x/y/z params)
[autopilot_sv_cbf_rate_node-3] [INFO] [1788155047.441859656] [uav_0.autopilot_sv_cbf_rate_node]: goal_waypoint received: [0.000, 5.500, 1.500] (overrides waypoint_x/y/z params)
[autopilot_sv_cbf_rate_node-3] [INFO] [1788155047.541878890] [uav_0.autopilot_sv_cbf_rate_node]: goal_waypoint received: [0.000, 5.500, 1.500] (overrides waypoint_x/y/z params)
[autopilot_sv_cbf_rate_node-3] [INFO] [1788155047.642002023] [uav_0.autopilot_sv_cbf_rate_node]: goal_waypoint received: [0.000, 5.500, 1.500] (overrides waypoint_x/y/z params)
[autopilot_sv_cbf_rate_node-3] [INFO] [1788155047.742044457] [uav_0.autopilot_sv_cbf_rate_node]: goal_waypoint received: [0.000, 5.500, 1.500] (overrides waypoint_x/y/z params)
[autopilot_sv_cbf_rate_node-3] [INFO] [1788155047.841991893] [uav_0.autopilot_sv_cbf_rate_node]: goal_waypoint received: [0.000, 5.500, 1.500] (overrides waypoint_x/y/z params)
[autopilot_sv_cbf_rate_node-3] [INFO] [1788155047.863099168] [uav_0.autopilot_sv_cbf_rate_node]: pos=[-0.00 5.52 1.50]  T=22.973N  omega=[-0.018 -0.015 0.000]  certified=3 uncertified=0  delta=0.0000  gamma=5.000(fixed)  feasible=1
[autopilot_sv_cbf_rate_node-3] [INFO] [1788155047.941965127] [uav_0.autopilot_sv_cbf_rate_node]: goal_waypoint received: [0.000, 5.500, 1.500] (overrides waypoint_x/y/z params)
[autopilot_sv_cbf_rate_node-3] [INFO] [1788155048.041999263] [uav_0.autopilot_sv_cbf_rate_node]: goal_waypoint received: [0.000, 5.500, 1.500] (overrides waypoint_x/y/z params)
[autopilot_sv_cbf_rate_node-3] [INFO] [1788155048.142013100] [uav_0.autopilot_sv_cbf_rate_node]: goal_waypoint received: [0.000, 5.500, 1.500] (overrides waypoint_x/y/z params)
[autopilot_sv_cbf_rate_node-3] [INFO] [1788155048.241894239] [uav_0.autopilot_sv_cbf_rate_node]: goal_waypoint received: [0.000, 5.500, 1.500] (overrides waypoint_x/y/z params)
[autopilot_sv_cbf_rate_node-3] [INFO] [1788155048.341886276] [uav_0.autopilot_sv_cbf_rate_node]: goal_waypoint received: [0.000, 5.500, 1.500] (overrides waypoint_x/y/z params)
[autopilot_sv_cbf_rate_node-3] [INFO] [1788155048.441970813] [uav_0.autopilot_sv_cbf_rate_node]: goal_waypoint received: [0.000, 5.500, 1.500] (overrides waypoint_x/y/z params)
[autopilot_sv_cbf_rate_node-3] [INFO] [1788155048.541990650] [uav_0.autopilot_sv_cbf_rate_node]: goal_waypoint received: [0.000, 5.500, 1.500] (overrides waypoint_x/y/z params)
[autopilot_sv_cbf_rate_node-3] [INFO] [1788155048.641830789] [uav_0.autopilot_sv_cbf_rate_node]: goal_waypoint received: [0.000, 5.500, 1.500] (overrides waypoint_x/y/z params)
[autopilot_sv_cbf_rate_node-3] [INFO] [1788155048.741914725] [uav_0.autopilot_sv_cbf_rate_node]: goal_waypoint received: [0.000, 5.500, 1.500] (overrides waypoint_x/y/z params)
[autopilot_sv_cbf_rate_node-3] [INFO] [1788155048.841815964] [uav_0.autopilot_sv_cbf_rate_node]: goal_waypoint received: [0.000, 5.500, 1.500] (overrides waypoint_x/y/z params)
[autopilot_sv_cbf_rate_node-3] [INFO] [1788155048.863076438] [uav_0.autopilot_sv_cbf_rate_node]: pos=[0.02 5.50 1.52]  T=22.952N  omega=[0.027 0.009 0.000]  certified=3 uncertified=0  delta=0.0000  gamma=5.000(fixed)  feasible=1
[autopilot_sv_cbf_rate_node-3] [INFO] [1788155048.941826201] [uav_0.autopilot_sv_cbf_rate_node]: goal_waypoint received: [0.000, 5.500, 1.500] (overrides waypoint_x/y/z params)
[autopilot_sv_cbf_rate_node-3] [INFO] [1788155049.041880739] [uav_0.autopilot_sv_cbf_rate_node]: goal_waypoint received: [0.000, 5.500, 1.500] (overrides waypoint_x/y/z params)
[autopilot_sv_cbf_rate_node-3] [INFO] [1788155049.141868979] [uav_0.autopilot_sv_cbf_rate_node]: goal_waypoint received: [0.000, 5.500, 1.500] (overrides waypoint_x/y/z params)
[autopilot_sv_cbf_rate_node-3] [INFO] [1788155049.241827020] [uav_0.autopilot_sv_cbf_rate_node]: goal_waypoint received: [0.000, 5.500, 1.500] (overrides waypoint_x/y/z params)
[autopilot_sv_cbf_rate_node-3] [INFO] [1788155049.341865460] [uav_0.autopilot_sv_cbf_rate_node]: goal_waypoint received: [0.000, 5.500, 1.500] (overrides waypoint_x/y/z params)
[autopilot_sv_cbf_rate_node-3] [INFO] [1788155049.441905800] [uav_0.autopilot_sv_cbf_rate_node]: goal_waypoint received: [0.000, 5.500, 1.500] (overrides waypoint_x/y/z params)
[autopilot_sv_cbf_rate_node-3] [INFO] [1788155049.541850040] [uav_0.autopilot_sv_cbf_rate_node]: goal_waypoint received: [0.000, 5.500, 1.500] (overrides waypoint_x/y/z params)
[autopilot_sv_cbf_rate_node-3] [INFO] [1788155049.641843381] [uav_0.autopilot_sv_cbf_rate_node]: goal_waypoint received: [0.000, 5.500, 1.500] (overrides waypoint_x/y/z params)
[autopilot_sv_cbf_rate_node-3] [INFO] [1788155049.741908120] [uav_0.autopilot_sv_cbf_rate_node]: goal_waypoint received: [0.000, 5.500, 1.500] (overrides waypoint_x/y/z params)
[autopilot_sv_cbf_rate_node-3] [INFO] [1788155049.841968760] [uav_0.autopilot_sv_cbf_rate_node]: goal_waypoint received: [0.000, 5.500, 1.500] (overrides waypoint_x/y/z params)
[autopilot_sv_cbf_rate_node-3] [INFO] [1788155049.863038736] [uav_0.autopilot_sv_cbf_rate_node]: pos=[0.00 5.51 1.51]  T=22.978N  omega=[-0.010 -0.008 0.000]  certified=3 uncertified=0  delta=0.0000  gamma=5.000(fixed)  feasible=1
[autopilot_sv_cbf_rate_node-3] [INFO] [1788155049.942226597] [uav_0.autopilot_sv_cbf_rate_node]: goal_waypoint received: [0.000, 5.500, 1.500] (overrides waypoint_x/y/z params)
[autopilot_sv_cbf_rate_node-3] [INFO] [1788155050.042019741] [uav_0.autopilot_sv_cbf_rate_node]: goal_waypoint received: [0.000, 5.500, 1.500] (overrides waypoint_x/y/z params)
[autopilot_sv_cbf_rate_node-3] [INFO] [1788155050.141993684] [uav_0.autopilot_sv_cbf_rate_node]: goal_waypoint received: [0.000, 5.500, 1.500] (overrides waypoint_x/y/z params)
[autopilot_sv_cbf_rate_node-3] [INFO] [1788155050.242075726] [uav_0.autopilot_sv_cbf_rate_node]: goal_waypoint received: [0.000, 5.500, 1.500] (overrides waypoint_x/y/z params)
[autopilot_sv_cbf_rate_node-3] [INFO] [1788155050.341937570] [uav_0.autopilot_sv_cbf_rate_node]: goal_waypoint received: [0.000, 5.500, 1.500] (overrides waypoint_x/y/z params)
[autopilot_sv_cbf_rate_node-3] [INFO] [1788155050.441863114] [uav_0.autopilot_sv_cbf_rate_node]: goal_waypoint received: [0.000, 5.500, 1.500] (overrides waypoint_x/y/z params)
[autopilot_sv_cbf_rate_node-3] [INFO] [1788155050.542048055] [uav_0.autopilot_sv_cbf_rate_node]: goal_waypoint received: [0.000, 5.500, 1.500] (overrides waypoint_x/y/z params)
[autopilot_sv_cbf_rate_node-3] [INFO] [1788155050.641890800] [uav_0.autopilot_sv_cbf_rate_node]: goal_waypoint received: [0.000, 5.500, 1.500] (overrides waypoint_x/y/z params)
[autopilot_sv_cbf_rate_node-3] [INFO] [1788155050.741907077] [uav_0.autopilot_sv_cbf_rate_node]: goal_waypoint received: [0.000, 5.500, 1.500] (overrides waypoint_x/y/z params)
[autopilot_sv_cbf_rate_node-3] [INFO] [1788155050.841839026] [uav_0.autopilot_sv_cbf_rate_node]: goal_waypoint received: [0.000, 5.500, 1.500] (overrides waypoint_x/y/z params)
[autopilot_sv_cbf_rate_node-3] [INFO] [1788155050.863032519] [uav_0.autopilot_sv_cbf_rate_node]: pos=[0.01 5.49 1.51]  T=22.987N  omega=[0.004 0.003 0.000]  certified=3 uncertified=0  delta=0.0000  gamma=5.000(fixed)  feasible=1
[autopilot_sv_cbf_rate_node-3] [INFO] [1788155050.941877374] [uav_0.autopilot_sv_cbf_rate_node]: goal_waypoint received: [0.000, 5.500, 1.500] (overrides waypoint_x/y/z params)
[autopilot_sv_cbf_rate_node-3] [INFO] [1788155051.041859724] [uav_0.autopilot_sv_cbf_rate_node]: goal_waypoint received: [0.000, 5.500, 1.500] (overrides waypoint_x/y/z params)
[autopilot_sv_cbf_rate_node-3] [INFO] [1788155051.141945874] [uav_0.autopilot_sv_cbf_rate_node]: goal_waypoint received: [0.000, 5.500, 1.500] (overrides waypoint_x/y/z params)
[autopilot_sv_cbf_rate_node-3] [INFO] [1788155051.241910425] [uav_0.autopilot_sv_cbf_rate_node]: goal_waypoint received: [0.000, 5.500, 1.500] (overrides waypoint_x/y/z params)
[autopilot_sv_cbf_rate_node-3] [INFO] [1788155051.341945776] [uav_0.autopilot_sv_cbf_rate_node]: goal_waypoint received: [0.000, 5.500, 1.500] (overrides waypoint_x/y/z params)
[autopilot_sv_cbf_rate_node-3] [INFO] [1788155051.441843128] [uav_0.autopilot_sv_cbf_rate_node]: goal_waypoint received: [0.000, 5.500, 1.500] (overrides waypoint_x/y/z params)
[autopilot_sv_cbf_rate_node-3] [INFO] [1788155051.541957978] [uav_0.autopilot_sv_cbf_rate_node]: goal_waypoint received: [0.000, 5.500, 1.500] (overrides waypoint_x/y/z params)
[autopilot_sv_cbf_rate_node-3] [INFO] [1788155051.641914030] [uav_0.autopilot_sv_cbf_rate_node]: goal_waypoint received: [0.000, 5.500, 1.500] (overrides waypoint_x/y/z params)
[autopilot_sv_cbf_rate_node-3] [INFO] [1788155051.741837282] [uav_0.autopilot_sv_cbf_rate_node]: goal_waypoint received: [0.000, 5.500, 1.500] (overrides waypoint_x/y/z params)
[autopilot_sv_cbf_rate_node-3] [INFO] [1788155051.841775034] [uav_0.autopilot_sv_cbf_rate_node]: goal_waypoint received: [0.000, 5.500, 1.500] (overrides waypoint_x/y/z params)
[autopilot_sv_cbf_rate_node-3] [INFO] [1788155051.863050826] [uav_0.autopilot_sv_cbf_rate_node]: pos=[0.00 5.45 1.51]  T=23.014N  omega=[0.003 0.005 0.000]  certified=3 uncertified=0  delta=0.0000  gamma=5.000(fixed)  feasible=1
[autopilot_sv_cbf_rate_node-3] [INFO] [1788155051.941821684] [uav_0.autopilot_sv_cbf_rate_node]: goal_waypoint received: [0.000, 5.500, 1.500] (overrides waypoint_x/y/z params)
[autopilot_sv_cbf_rate_node-3] [INFO] [1788155052.042041433] [uav_0.autopilot_sv_cbf_rate_node]: goal_waypoint received: [0.000, 5.500, 1.500] (overrides waypoint_x/y/z params)
