[INFO] [launch]: All log files can be found below /home/matt/.ros/log/2026-08-31-02-10-27-573672-main-1867388
[INFO] [launch]: Default logging verbosity is set to INFO
[INFO] [microxrce_agent-1]: process started with pid [1867389]
[INFO] [px4_sitl-2]: process started with pid [1867391]
[INFO] [autopilot_sv_cbf_rate_node-3]: process started with pid [1867393]
[INFO] [synthetic_obstacle_publisher-4]: process started with pid [1867395]
[INFO] [px4_odom_bridge_node-5]: process started with pid [1867397]
[px4_sitl-2] 
[px4_sitl-2] ______  __   __    ___ 
[px4_sitl-2] | ___ \ \ \ / /   /   |
[px4_sitl-2] | |_/ /  \ V /   / /| |
[px4_sitl-2] |  __/   /   \  / /_| |
[px4_sitl-2] | |     / /^\ \ \___  |
[px4_sitl-2] \_|     \/   \/     |_/
[px4_sitl-2] 
[px4_sitl-2] px4 starting.
[px4_sitl-2] 
[px4_sitl-2] INFO  [px4] startup script: /bin/sh etc/init.d-posix/rcS 0
[px4_sitl-2] env SYS_AUTOSTART: 4001
[autopilot_sv_cbf_rate_node-3] [WARN] [1788156627.922666267] [uav_0.autopilot_sv_cbf_rate_node]: T reset to hover thrust 20.2478N (reason: construction)
[autopilot_sv_cbf_rate_node-3] [INFO] [1788156627.924392151] [uav_0.autopilot_sv_cbf_rate_node]: PENN+GAT model loaded from /home/matt/arc_2026/install/single_vehicle_cbf_rate_arc/share/single_vehicle_cbf_rate_arc/nn_model/checkpoint/gat_penn_weights.pt
[autopilot_sv_cbf_rate_node-3] [INFO] [1788156627.936625137] [uav_0.autopilot_sv_cbf_rate_node]: single_vehicle_cbf_rate_node started: control_rate=100.0Hz (dt=0.0100s), T_min=4.700N T_max=36.148N
[px4_sitl-2] INFO  [param] selected parameter default file parameters.bson
[px4_sitl-2] INFO  [param] importing from 'parameters.bson'
[px4_sitl-2] INFO  [parameters] BSON document size 354 bytes, decoded 354 bytes (INT32:15, FLOAT:3)
[px4_sitl-2] INFO  [param] selected parameter backup file parameters_backup.bson
[synthetic_obstacle_publisher-4] [INFO] [1788156628.124598208] [uav_0.synthetic_obstacle_publisher]: synthetic_obstacle_publisher started: 3 obstacle(s) on /arc/obstacles at 10.0 Hz, frame_id="map", sensing envelope max_range_m=8.0 z=[0.1,2.5]
[px4_odom_bridge_node-5] [INFO] [1788156628.177279724] [uav_0.px4_odom_bridge_node]: px4_odom_bridge_node started (NED fmu/out/vehicle_odometry -> ENU state_estimator/local_position/odom)
[synthetic_obstacle_publisher-4] [WARN] [1788156628.208745636] [uav_0.synthetic_obstacle_publisher]: No odometry yet -- cannot evaluate the sensing envelope, publishing no obstacles
[px4_sitl-2] INFO  [dataman] data manager file './dataman' size is 1208528 bytes
[px4_sitl-2] INFO  [init] Gazebo simulator 8.14.0
[synthetic_obstacle_publisher-4] [WARN] [1788156630.209527400] [uav_0.synthetic_obstacle_publisher]: No odometry yet -- cannot evaluate the sensing envelope, publishing no obstacles
[px4_sitl-2] INFO  [init] Starting gazebo with world: /home/matt/PX4-Autopilot/Tools/simulation/gz/worlds/default.sdf
[synthetic_obstacle_publisher-4] [WARN] [1788156632.308743882] [uav_0.synthetic_obstacle_publisher]: No odometry yet -- cannot evaluate the sensing envelope, publishing no obstacles
[INFO] [ground_station_stub_node-6]: process started with pid [1867658]
[px4_sitl-2] INFO  [init] Waiting for Gazebo world...
[ground_station_stub_node-6] [INFO] [1788156633.436876777] [uav_0.ground_station_stub_node]: ground_station_stub_node started: waypoint=(0.0, 5.5, 1.5), first arm attempt in 5.0s, retrying every 1.0s until armed
[autopilot_sv_cbf_rate_node-3] [INFO] [1788156633.510222777] [uav_0.autopilot_sv_cbf_rate_node]: goal_waypoint received: [0.000, 5.500, 1.500] (overrides waypoint_x/y/z params)
[autopilot_sv_cbf_rate_node-3] [INFO] [1788156633.610157825] [uav_0.autopilot_sv_cbf_rate_node]: goal_waypoint received: [0.000, 5.500, 1.500] (overrides waypoint_x/y/z params)
[autopilot_sv_cbf_rate_node-3] [INFO] [1788156633.710091072] [uav_0.autopilot_sv_cbf_rate_node]: goal_waypoint received: [0.000, 5.500, 1.500] (overrides waypoint_x/y/z params)
[autopilot_sv_cbf_rate_node-3] [INFO] [1788156633.810276517] [uav_0.autopilot_sv_cbf_rate_node]: goal_waypoint received: [0.000, 5.500, 1.500] (overrides waypoint_x/y/z params)
[autopilot_sv_cbf_rate_node-3] [INFO] [1788156633.910191365] [uav_0.autopilot_sv_cbf_rate_node]: goal_waypoint received: [0.000, 5.500, 1.500] (overrides waypoint_x/y/z params)
[autopilot_sv_cbf_rate_node-3] [INFO] [1788156634.010031513] [uav_0.autopilot_sv_cbf_rate_node]: goal_waypoint received: [0.000, 5.500, 1.500] (overrides waypoint_x/y/z params)
[autopilot_sv_cbf_rate_node-3] [INFO] [1788156634.110050267] [uav_0.autopilot_sv_cbf_rate_node]: goal_waypoint received: [0.000, 5.500, 1.500] (overrides waypoint_x/y/z params)
[autopilot_sv_cbf_rate_node-3] [INFO] [1788156634.210125921] [uav_0.autopilot_sv_cbf_rate_node]: goal_waypoint received: [0.000, 5.500, 1.500] (overrides waypoint_x/y/z params)
[synthetic_obstacle_publisher-4] [WARN] [1788156634.308972286] [uav_0.synthetic_obstacle_publisher]: No odometry yet -- cannot evaluate the sensing envelope, publishing no obstacles
[autopilot_sv_cbf_rate_node-3] [INFO] [1788156634.310080276] [uav_0.autopilot_sv_cbf_rate_node]: goal_waypoint received: [0.000, 5.500, 1.500] (overrides waypoint_x/y/z params)
[autopilot_sv_cbf_rate_node-3] [INFO] [1788156634.410175729] [uav_0.autopilot_sv_cbf_rate_node]: goal_waypoint received: [0.000, 5.500, 1.500] (overrides waypoint_x/y/z params)
[autopilot_sv_cbf_rate_node-3] [INFO] [1788156634.510090484] [uav_0.autopilot_sv_cbf_rate_node]: goal_waypoint received: [0.000, 5.500, 1.500] (overrides waypoint_x/y/z params)
[autopilot_sv_cbf_rate_node-3] [INFO] [1788156634.610175837] [uav_0.autopilot_sv_cbf_rate_node]: goal_waypoint received: [0.000, 5.500, 1.500] (overrides waypoint_x/y/z params)
[autopilot_sv_cbf_rate_node-3] [INFO] [1788156634.710274591] [uav_0.autopilot_sv_cbf_rate_node]: goal_waypoint received: [0.000, 5.500, 1.500] (overrides waypoint_x/y/z params)
[autopilot_sv_cbf_rate_node-3] [INFO] [1788156634.810157646] [uav_0.autopilot_sv_cbf_rate_node]: goal_waypoint received: [0.000, 5.500, 1.500] (overrides waypoint_x/y/z params)
[autopilot_sv_cbf_rate_node-3] [INFO] [1788156634.910083201] [uav_0.autopilot_sv_cbf_rate_node]: goal_waypoint received: [0.000, 5.500, 1.500] (overrides waypoint_x/y/z params)
[autopilot_sv_cbf_rate_node-3] [INFO] [1788156635.010065656] [uav_0.autopilot_sv_cbf_rate_node]: goal_waypoint received: [0.000, 5.500, 1.500] (overrides waypoint_x/y/z params)
[autopilot_sv_cbf_rate_node-3] [INFO] [1788156635.110117517] [uav_0.autopilot_sv_cbf_rate_node]: goal_waypoint received: [0.000, 5.500, 1.500] (overrides waypoint_x/y/z params)
[autopilot_sv_cbf_rate_node-3] [INFO] [1788156635.210145578] [uav_0.autopilot_sv_cbf_rate_node]: goal_waypoint received: [0.000, 5.500, 1.500] (overrides waypoint_x/y/z params)
[autopilot_sv_cbf_rate_node-3] [INFO] [1788156635.310081840] [uav_0.autopilot_sv_cbf_rate_node]: goal_waypoint received: [0.000, 5.500, 1.500] (overrides waypoint_x/y/z params)
[autopilot_sv_cbf_rate_node-3] [INFO] [1788156635.414570960] [uav_0.autopilot_sv_cbf_rate_node]: goal_waypoint received: [0.000, 5.500, 1.500] (overrides waypoint_x/y/z params)
[autopilot_sv_cbf_rate_node-3] [INFO] [1788156635.510152063] [uav_0.autopilot_sv_cbf_rate_node]: goal_waypoint received: [0.000, 5.500, 1.500] (overrides waypoint_x/y/z params)
[autopilot_sv_cbf_rate_node-3] [INFO] [1788156635.610091225] [uav_0.autopilot_sv_cbf_rate_node]: goal_waypoint received: [0.000, 5.500, 1.500] (overrides waypoint_x/y/z params)
[autopilot_sv_cbf_rate_node-3] [INFO] [1788156635.710123986] [uav_0.autopilot_sv_cbf_rate_node]: goal_waypoint received: [0.000, 5.500, 1.500] (overrides waypoint_x/y/z params)
[autopilot_sv_cbf_rate_node-3] [INFO] [1788156635.810150948] [uav_0.autopilot_sv_cbf_rate_node]: goal_waypoint received: [0.000, 5.500, 1.500] (overrides waypoint_x/y/z params)
[autopilot_sv_cbf_rate_node-3] [INFO] [1788156635.910137609] [uav_0.autopilot_sv_cbf_rate_node]: goal_waypoint received: [0.000, 5.500, 1.500] (overrides waypoint_x/y/z params)
[autopilot_sv_cbf_rate_node-3] [INFO] [1788156636.010112572] [uav_0.autopilot_sv_cbf_rate_node]: goal_waypoint received: [0.000, 5.500, 1.500] (overrides waypoint_x/y/z params)
[autopilot_sv_cbf_rate_node-3] [INFO] [1788156636.110131341] [uav_0.autopilot_sv_cbf_rate_node]: goal_waypoint received: [0.000, 5.500, 1.500] (overrides waypoint_x/y/z params)
[px4_sitl-2] INFO  [init] Gazebo world is ready
[px4_sitl-2] INFO  [init] Spawning Gazebo model
[autopilot_sv_cbf_rate_node-3] [INFO] [1788156636.210097510] [uav_0.autopilot_sv_cbf_rate_node]: goal_waypoint received: [0.000, 5.500, 1.500] (overrides waypoint_x/y/z params)
[autopilot_sv_cbf_rate_node-3] [INFO] [1788156636.310119379] [uav_0.autopilot_sv_cbf_rate_node]: goal_waypoint received: [0.000, 5.500, 1.500] (overrides waypoint_x/y/z params)
[synthetic_obstacle_publisher-4] [WARN] [1788156636.408705561] [uav_0.synthetic_obstacle_publisher]: No odometry yet -- cannot evaluate the sensing envelope, publishing no obstacles
[autopilot_sv_cbf_rate_node-3] [INFO] [1788156636.410122348] [uav_0.autopilot_sv_cbf_rate_node]: goal_waypoint received: [0.000, 5.500, 1.500] (overrides waypoint_x/y/z params)
[autopilot_sv_cbf_rate_node-3] [INFO] [1788156636.510110817] [uav_0.autopilot_sv_cbf_rate_node]: goal_waypoint received: [0.000, 5.500, 1.500] (overrides waypoint_x/y/z params)
[autopilot_sv_cbf_rate_node-3] [INFO] [1788156636.610117486] [uav_0.autopilot_sv_cbf_rate_node]: goal_waypoint received: [0.000, 5.500, 1.500] (overrides waypoint_x/y/z params)
[px4_sitl-2] [1;33mWarning [Utils.cc:132][0m [/sdf/model[@name="x500_base"]/link[@name="base_link"]/sensor[@name="air_pressure_sensor"]/gz_frame_id:/home/matt/PX4-Autopilot/Tools/simulation/gz/models/x500_base/model.sdf:L219]: XML Element[gz_frame_id], child of element[sensor], not defined in SDF. Copying[gz_frame_id] as children of [sensor].
[px4_sitl-2] [1;33mWarning [Utils.cc:132][0m [/sdf/model[@name="x500_base"]/link[@name="base_link"]/sensor[@name="magnetometer_sensor"]/gz_frame_id:/home/matt/PX4-Autopilot/Tools/simulation/gz/models/x500_base/model.sdf:L233]: XML Element[gz_frame_id], child of element[sensor], not defined in SDF. Copying[gz_frame_id] as children of [sensor].
[px4_sitl-2] [1;33mWarning [Utils.cc:132][0m [/sdf/model[@name="x500_base"]/link[@name="base_link"]/sensor[@name="imu_sensor"]/gz_frame_id:/home/matt/PX4-Autopilot/Tools/simulation/gz/models/x500_base/model.sdf:L259]: XML Element[gz_frame_id], child of element[sensor], not defined in SDF. Copying[gz_frame_id] as children of [sensor].
[px4_sitl-2] [1;33mWarning [Utils.cc:132][0m [/sdf/model[@name="x500_base"]/link[@name="base_link"]/sensor[@name="navsat_sensor"]/gz_frame_id:/home/matt/PX4-Autopilot/Tools/simulation/gz/models/x500_base/model.sdf:L311]: XML Element[gz_frame_id], child of element[sensor], not defined in SDF. Copying[gz_frame_id] as children of [sensor].
[autopilot_sv_cbf_rate_node-3] [INFO] [1788156636.710185754] [uav_0.autopilot_sv_cbf_rate_node]: goal_waypoint received: [0.000, 5.500, 1.500] (overrides waypoint_x/y/z params)
[autopilot_sv_cbf_rate_node-3] [INFO] [1788156636.810226523] [uav_0.autopilot_sv_cbf_rate_node]: goal_waypoint received: [0.000, 5.500, 1.500] (overrides waypoint_x/y/z params)
[autopilot_sv_cbf_rate_node-3] [INFO] [1788156636.910088176] [uav_0.autopilot_sv_cbf_rate_node]: goal_waypoint received: [0.000, 5.500, 1.500] (overrides waypoint_x/y/z params)
[autopilot_sv_cbf_rate_node-3] [INFO] [1788156637.010130007] [uav_0.autopilot_sv_cbf_rate_node]: goal_waypoint received: [0.000, 5.500, 1.500] (overrides waypoint_x/y/z params)
[autopilot_sv_cbf_rate_node-3] [INFO] [1788156637.110058746] [uav_0.autopilot_sv_cbf_rate_node]: goal_waypoint received: [0.000, 5.500, 1.500] (overrides waypoint_x/y/z params)
[autopilot_sv_cbf_rate_node-3] [INFO] [1788156637.210208783] [uav_0.autopilot_sv_cbf_rate_node]: goal_waypoint received: [0.000, 5.500, 1.500] (overrides waypoint_x/y/z params)
[autopilot_sv_cbf_rate_node-3] [INFO] [1788156637.310032124] [uav_0.autopilot_sv_cbf_rate_node]: goal_waypoint received: [0.000, 5.500, 1.500] (overrides waypoint_x/y/z params)
[autopilot_sv_cbf_rate_node-3] [INFO] [1788156637.410072462] [uav_0.autopilot_sv_cbf_rate_node]: goal_waypoint received: [0.000, 5.500, 1.500] (overrides waypoint_x/y/z params)
[autopilot_sv_cbf_rate_node-3] [INFO] [1788156637.510076201] [uav_0.autopilot_sv_cbf_rate_node]: goal_waypoint received: [0.000, 5.500, 1.500] (overrides waypoint_x/y/z params)
[px4_sitl-2] INFO  [lockstep_scheduler] setting initial absolute time to 4204000 us
[autopilot_sv_cbf_rate_node-3] [INFO] [1788156637.610159138] [uav_0.autopilot_sv_cbf_rate_node]: goal_waypoint received: [0.000, 5.500, 1.500] (overrides waypoint_x/y/z params)
[px4_sitl-2] INFO  [gz_bridge] world: default, model: x500_0
[autopilot_sv_cbf_rate_node-3] [INFO] [1788156637.710151477] [uav_0.autopilot_sv_cbf_rate_node]: goal_waypoint received: [0.000, 5.500, 1.500] (overrides waypoint_x/y/z params)
[autopilot_sv_cbf_rate_node-3] [INFO] [1788156637.810108616] [uav_0.autopilot_sv_cbf_rate_node]: goal_waypoint received: [0.000, 5.500, 1.500] (overrides waypoint_x/y/z params)
[autopilot_sv_cbf_rate_node-3] [INFO] [1788156637.910267252] [uav_0.autopilot_sv_cbf_rate_node]: goal_waypoint received: [0.000, 5.500, 1.500] (overrides waypoint_x/y/z params)
[autopilot_sv_cbf_rate_node-3] [INFO] [1788156638.010315891] [uav_0.autopilot_sv_cbf_rate_node]: goal_waypoint received: [0.000, 5.500, 1.500] (overrides waypoint_x/y/z params)
[autopilot_sv_cbf_rate_node-3] [INFO] [1788156638.110116940] [uav_0.autopilot_sv_cbf_rate_node]: goal_waypoint received: [0.000, 5.500, 1.500] (overrides waypoint_x/y/z params)
[autopilot_sv_cbf_rate_node-3] [INFO] [1788156638.210181485] [uav_0.autopilot_sv_cbf_rate_node]: goal_waypoint received: [0.000, 5.500, 1.500] (overrides waypoint_x/y/z params)
[px4_sitl-2] INFO  [commander] LED: open /dev/led0 failed (22)
[px4_sitl-2] WARN  [health_and_arming_checks] Preflight Fail: ekf2 missing data
[autopilot_sv_cbf_rate_node-3] [INFO] [1788156638.310132232] [uav_0.autopilot_sv_cbf_rate_node]: goal_waypoint received: [0.000, 5.500, 1.500] (overrides waypoint_x/y/z params)
[synthetic_obstacle_publisher-4] [WARN] [1788156638.408737499] [uav_0.synthetic_obstacle_publisher]: No odometry yet -- cannot evaluate the sensing envelope, publishing no obstacles
[autopilot_sv_cbf_rate_node-3] [INFO] [1788156638.410098678] [uav_0.autopilot_sv_cbf_rate_node]: goal_waypoint received: [0.000, 5.500, 1.500] (overrides waypoint_x/y/z params)
[ground_station_stub_node-6] [INFO] [1788156638.410620470] [uav_0.ground_station_stub_node]: Switching to offboard mode
[ground_station_stub_node-6] [INFO] [1788156638.411233760] [uav_0.ground_station_stub_node]: Arm command sent
[autopilot_sv_cbf_rate_node-3] [INFO] [1788156638.510183023] [uav_0.autopilot_sv_cbf_rate_node]: goal_waypoint received: [0.000, 5.500, 1.500] (overrides waypoint_x/y/z params)
[autopilot_sv_cbf_rate_node-3] [INFO] [1788156638.610117270] [uav_0.autopilot_sv_cbf_rate_node]: goal_waypoint received: [0.000, 5.500, 1.500] (overrides waypoint_x/y/z params)
[autopilot_sv_cbf_rate_node-3] [INFO] [1788156638.710087016] [uav_0.autopilot_sv_cbf_rate_node]: goal_waypoint received: [0.000, 5.500, 1.500] (overrides waypoint_x/y/z params)
[autopilot_sv_cbf_rate_node-3] [INFO] [1788156638.810121962] [uav_0.autopilot_sv_cbf_rate_node]: goal_waypoint received: [0.000, 5.500, 1.500] (overrides waypoint_x/y/z params)
[autopilot_sv_cbf_rate_node-3] [INFO] [1788156638.910276705] [uav_0.autopilot_sv_cbf_rate_node]: goal_waypoint received: [0.000, 5.500, 1.500] (overrides waypoint_x/y/z params)
[autopilot_sv_cbf_rate_node-3] [INFO] [1788156639.010316051] [uav_0.autopilot_sv_cbf_rate_node]: goal_waypoint received: [0.000, 5.500, 1.500] (overrides waypoint_x/y/z params)
[px4_sitl-2] INFO  [uxrce_dds_client] init UDP agent IP:127.0.0.1, port:8888
[px4_sitl-2] INFO  [tone_alarm] home set
[autopilot_sv_cbf_rate_node-3] [INFO] [1788156639.110041809] [uav_0.autopilot_sv_cbf_rate_node]: goal_waypoint received: [0.000, 5.500, 1.500] (overrides waypoint_x/y/z params)
[autopilot_sv_cbf_rate_node-3] [INFO] [1788156639.210215960] [uav_0.autopilot_sv_cbf_rate_node]: goal_waypoint received: [0.000, 5.500, 1.500] (overrides waypoint_x/y/z params)
[autopilot_sv_cbf_rate_node-3] [INFO] [1788156639.310148514] [uav_0.autopilot_sv_cbf_rate_node]: goal_waypoint received: [0.000, 5.500, 1.500] (overrides waypoint_x/y/z params)
[px4_sitl-2] INFO  [mavlink] mode: Normal, data rate: 4000000 B/s on udp port 18570 remote port 14550
[autopilot_sv_cbf_rate_node-3] [INFO] [1788156639.410283665] [uav_0.autopilot_sv_cbf_rate_node]: goal_waypoint received: [0.000, 5.500, 1.500] (overrides waypoint_x/y/z params)
[ground_station_stub_node-6] [INFO] [1788156639.410800357] [uav_0.ground_station_stub_node]: Switching to offboard mode
[ground_station_stub_node-6] [INFO] [1788156639.411367049] [uav_0.ground_station_stub_node]: Arm command sent
[autopilot_sv_cbf_rate_node-3] [INFO] [1788156639.510124921] [uav_0.autopilot_sv_cbf_rate_node]: goal_waypoint received: [0.000, 5.500, 1.500] (overrides waypoint_x/y/z params)
[px4_sitl-2] INFO  [mavlink] mode: Onboard, data rate: 4000000 B/s on udp port 14580 remote port 14540
[px4_sitl-2] INFO  [mavlink] mode: Onboard, data rate: 4000 B/s on udp port 14280 remote port 14030
[px4_sitl-2] INFO  [mavlink] mode: Gimbal, data rate: 400000 B/s on udp port 13030 remote port 13280
[autopilot_sv_cbf_rate_node-3] [INFO] [1788156639.610176374] [uav_0.autopilot_sv_cbf_rate_node]: goal_waypoint received: [0.000, 5.500, 1.500] (overrides waypoint_x/y/z params)
[autopilot_sv_cbf_rate_node-3] [INFO] [1788156639.710090529] [uav_0.autopilot_sv_cbf_rate_node]: goal_waypoint received: [0.000, 5.500, 1.500] (overrides waypoint_x/y/z params)
[px4_sitl-2] INFO  [logger] logger started (mode=all)
[px4_sitl-2] INFO  [logger] Start file log (type: full)
[px4_sitl-2] INFO  [logger] [logger] ./log/2026-08-31/06_10_39.ulg	
[px4_sitl-2] INFO  [logger] Opened full log file: ./log/2026-08-31/06_10_39.ulg
[px4_sitl-2] INFO  [mavlink] MAVLink only on localhost (set param MAV_{i}_BROADCAST = 1 to enable network)
[px4_sitl-2] INFO  [mavlink] MAVLink only on localhost (set param MAV_{i}_BROADCAST = 1 to enable network)
[px4_sitl-2] INFO  [px4] Startup script returned successfully
[autopilot_sv_cbf_rate_node-3] [INFO] [1788156639.810247580] [uav_0.autopilot_sv_cbf_rate_node]: goal_waypoint received: [0.000, 5.500, 1.500] (overrides waypoint_x/y/z params)
[autopilot_sv_cbf_rate_node-3] [INFO] [1788156639.910049536] [uav_0.autopilot_sv_cbf_rate_node]: goal_waypoint received: [0.000, 5.500, 1.500] (overrides waypoint_x/y/z params)
[autopilot_sv_cbf_rate_node-3] [INFO] [1788156640.010170688] [uav_0.autopilot_sv_cbf_rate_node]: goal_waypoint received: [0.000, 5.500, 1.500] (overrides waypoint_x/y/z params)
[autopilot_sv_cbf_rate_node-3] [INFO] [1788156640.110088850] [uav_0.autopilot_sv_cbf_rate_node]: goal_waypoint received: [0.000, 5.500, 1.500] (overrides waypoint_x/y/z params)
[autopilot_sv_cbf_rate_node-3] [INFO] [1788156640.210088911] [uav_0.autopilot_sv_cbf_rate_node]: goal_waypoint received: [0.000, 5.500, 1.500] (overrides waypoint_x/y/z params)
[autopilot_sv_cbf_rate_node-3] [INFO] [1788156640.310170070] [uav_0.autopilot_sv_cbf_rate_node]: goal_waypoint received: [0.000, 5.500, 1.500] (overrides waypoint_x/y/z params)
[synthetic_obstacle_publisher-4] [WARN] [1788156640.408759253] [uav_0.synthetic_obstacle_publisher]: No odometry yet -- cannot evaluate the sensing envelope, publishing no obstacles
[autopilot_sv_cbf_rate_node-3] [INFO] [1788156640.410165431] [uav_0.autopilot_sv_cbf_rate_node]: goal_waypoint received: [0.000, 5.500, 1.500] (overrides waypoint_x/y/z params)
[autopilot_sv_cbf_rate_node-3] [INFO] [1788156640.510139819] [uav_0.autopilot_sv_cbf_rate_node]: goal_waypoint received: [0.000, 5.500, 1.500] (overrides waypoint_x/y/z params)
[ground_station_stub_node-6] [INFO] [1788156640.510623214] [uav_0.ground_station_stub_node]: Switching to offboard mode
[ground_station_stub_node-6] [INFO] [1788156640.511098309] [uav_0.ground_station_stub_node]: Arm command sent
[autopilot_sv_cbf_rate_node-3] [INFO] [1788156640.610127922] [uav_0.autopilot_sv_cbf_rate_node]: goal_waypoint received: [0.000, 5.500, 1.500] (overrides waypoint_x/y/z params)
[autopilot_sv_cbf_rate_node-3] [INFO] [1788156640.710095225] [uav_0.autopilot_sv_cbf_rate_node]: goal_waypoint received: [0.000, 5.500, 1.500] (overrides waypoint_x/y/z params)
[autopilot_sv_cbf_rate_node-3] [INFO] [1788156640.810090028] [uav_0.autopilot_sv_cbf_rate_node]: goal_waypoint received: [0.000, 5.500, 1.500] (overrides waypoint_x/y/z params)
[autopilot_sv_cbf_rate_node-3] [INFO] [1788156640.910121230] [uav_0.autopilot_sv_cbf_rate_node]: goal_waypoint received: [0.000, 5.500, 1.500] (overrides waypoint_x/y/z params)
[autopilot_sv_cbf_rate_node-3] [INFO] [1788156641.010109634] [uav_0.autopilot_sv_cbf_rate_node]: goal_waypoint received: [0.000, 5.500, 1.500] (overrides waypoint_x/y/z params)
[autopilot_sv_cbf_rate_node-3] [INFO] [1788156641.110120244] [uav_0.autopilot_sv_cbf_rate_node]: goal_waypoint received: [0.000, 5.500, 1.500] (overrides waypoint_x/y/z params)
[autopilot_sv_cbf_rate_node-3] [INFO] [1788156641.210089754] [uav_0.autopilot_sv_cbf_rate_node]: goal_waypoint received: [0.000, 5.500, 1.500] (overrides waypoint_x/y/z params)
[autopilot_sv_cbf_rate_node-3] [INFO] [1788156641.310087664] [uav_0.autopilot_sv_cbf_rate_node]: goal_waypoint received: [0.000, 5.500, 1.500] (overrides waypoint_x/y/z params)
[autopilot_sv_cbf_rate_node-3] [INFO] [1788156641.410122774] [uav_0.autopilot_sv_cbf_rate_node]: goal_waypoint received: [0.000, 5.500, 1.500] (overrides waypoint_x/y/z params)
[autopilot_sv_cbf_rate_node-3] [INFO] [1788156641.510118884] [uav_0.autopilot_sv_cbf_rate_node]: goal_waypoint received: [0.000, 5.500, 1.500] (overrides waypoint_x/y/z params)
[px4_sitl-2] pxh> INFO  [commander] [32mReady for takeoff![0m
[autopilot_sv_cbf_rate_node-3] [INFO] [1788156641.610139794] [uav_0.autopilot_sv_cbf_rate_node]: goal_waypoint received: [0.000, 5.500, 1.500] (overrides waypoint_x/y/z params)
[ground_station_stub_node-6] [INFO] [1788156641.610613690] [uav_0.ground_station_stub_node]: Switching to offboard mode
[ground_station_stub_node-6] [INFO] [1788156641.611005786] [uav_0.ground_station_stub_node]: Arm command sent
[autopilot_sv_cbf_rate_node-3] [INFO] [1788156641.710133805] [uav_0.autopilot_sv_cbf_rate_node]: goal_waypoint received: [0.000, 5.500, 1.500] (overrides waypoint_x/y/z params)
[autopilot_sv_cbf_rate_node-3] [INFO] [1788156641.810135315] [uav_0.autopilot_sv_cbf_rate_node]: goal_waypoint received: [0.000, 5.500, 1.500] (overrides waypoint_x/y/z params)
[autopilot_sv_cbf_rate_node-3] [INFO] [1788156641.910113825] [uav_0.autopilot_sv_cbf_rate_node]: goal_waypoint received: [0.000, 5.500, 1.500] (overrides waypoint_x/y/z params)
[autopilot_sv_cbf_rate_node-3] [INFO] [1788156642.010153735] [uav_0.autopilot_sv_cbf_rate_node]: goal_waypoint received: [0.000, 5.500, 1.500] (overrides waypoint_x/y/z params)
[autopilot_sv_cbf_rate_node-3] [INFO] [1788156642.110084654] [uav_0.autopilot_sv_cbf_rate_node]: goal_waypoint received: [0.000, 5.500, 1.500] (overrides waypoint_x/y/z params)
[autopilot_sv_cbf_rate_node-3] [INFO] [1788156642.210157070] [uav_0.autopilot_sv_cbf_rate_node]: goal_waypoint received: [0.000, 5.500, 1.500] (overrides waypoint_x/y/z params)
[autopilot_sv_cbf_rate_node-3] [INFO] [1788156642.310127688] [uav_0.autopilot_sv_cbf_rate_node]: goal_waypoint received: [0.000, 5.500, 1.500] (overrides waypoint_x/y/z params)
[autopilot_sv_cbf_rate_node-3] [INFO] [1788156642.410163905] [uav_0.autopilot_sv_cbf_rate_node]: goal_waypoint received: [0.000, 5.500, 1.500] (overrides waypoint_x/y/z params)
[synthetic_obstacle_publisher-4] [WARN] [1788156642.508725037] [uav_0.synthetic_obstacle_publisher]: No odometry yet -- cannot evaluate the sensing envelope, publishing no obstacles
[autopilot_sv_cbf_rate_node-3] [INFO] [1788156642.510181923] [uav_0.autopilot_sv_cbf_rate_node]: goal_waypoint received: [0.000, 5.500, 1.500] (overrides waypoint_x/y/z params)
[autopilot_sv_cbf_rate_node-3] [INFO] [1788156642.610129241] [uav_0.autopilot_sv_cbf_rate_node]: goal_waypoint received: [0.000, 5.500, 1.500] (overrides waypoint_x/y/z params)
[autopilot_sv_cbf_rate_node-3] [INFO] [1788156642.710058959] [uav_0.autopilot_sv_cbf_rate_node]: goal_waypoint received: [0.000, 5.500, 1.500] (overrides waypoint_x/y/z params)
[ground_station_stub_node-6] [INFO] [1788156642.710516954] [uav_0.ground_station_stub_node]: Switching to offboard mode
[ground_station_stub_node-6] [INFO] [1788156642.710865151] [uav_0.ground_station_stub_node]: Arm command sent
[autopilot_sv_cbf_rate_node-3] [INFO] [1788156642.810089676] [uav_0.autopilot_sv_cbf_rate_node]: goal_waypoint received: [0.000, 5.500, 1.500] (overrides waypoint_x/y/z params)
[autopilot_sv_cbf_rate_node-3] [INFO] [1788156642.910114393] [uav_0.autopilot_sv_cbf_rate_node]: goal_waypoint received: [0.000, 5.500, 1.500] (overrides waypoint_x/y/z params)
[autopilot_sv_cbf_rate_node-3] [INFO] [1788156643.010178711] [uav_0.autopilot_sv_cbf_rate_node]: goal_waypoint received: [0.000, 5.500, 1.500] (overrides waypoint_x/y/z params)
[autopilot_sv_cbf_rate_node-3] [INFO] [1788156643.110093236] [uav_0.autopilot_sv_cbf_rate_node]: goal_waypoint received: [0.000, 5.500, 1.500] (overrides waypoint_x/y/z params)
[autopilot_sv_cbf_rate_node-3] [INFO] [1788156643.210106861] [uav_0.autopilot_sv_cbf_rate_node]: goal_waypoint received: [0.000, 5.500, 1.500] (overrides waypoint_x/y/z params)
[autopilot_sv_cbf_rate_node-3] [INFO] [1788156643.310099586] [uav_0.autopilot_sv_cbf_rate_node]: goal_waypoint received: [0.000, 5.500, 1.500] (overrides waypoint_x/y/z params)
[autopilot_sv_cbf_rate_node-3] [INFO] [1788156643.410250509] [uav_0.autopilot_sv_cbf_rate_node]: goal_waypoint received: [0.000, 5.500, 1.500] (overrides waypoint_x/y/z params)
[autopilot_sv_cbf_rate_node-3] [INFO] [1788156643.510136935] [uav_0.autopilot_sv_cbf_rate_node]: goal_waypoint received: [0.000, 5.500, 1.500] (overrides waypoint_x/y/z params)
[autopilot_sv_cbf_rate_node-3] [INFO] [1788156643.610049561] [uav_0.autopilot_sv_cbf_rate_node]: goal_waypoint received: [0.000, 5.500, 1.500] (overrides waypoint_x/y/z params)
[autopilot_sv_cbf_rate_node-3] [INFO] [1788156643.710113285] [uav_0.autopilot_sv_cbf_rate_node]: goal_waypoint received: [0.000, 5.500, 1.500] (overrides waypoint_x/y/z params)
[ground_station_stub_node-6] [INFO] [1788156643.710556880] [uav_0.ground_station_stub_node]: Switching to offboard mode
[ground_station_stub_node-6] [INFO] [1788156643.710897777] [uav_0.ground_station_stub_node]: Arm command sent
[autopilot_sv_cbf_rate_node-3] [INFO] [1788156643.810123009] [uav_0.autopilot_sv_cbf_rate_node]: goal_waypoint received: [0.000, 5.500, 1.500] (overrides waypoint_x/y/z params)
[autopilot_sv_cbf_rate_node-3] [INFO] [1788156643.910080535] [uav_0.autopilot_sv_cbf_rate_node]: goal_waypoint received: [0.000, 5.500, 1.500] (overrides waypoint_x/y/z params)
[autopilot_sv_cbf_rate_node-3] [INFO] [1788156644.010057160] [uav_0.autopilot_sv_cbf_rate_node]: goal_waypoint received: [0.000, 5.500, 1.500] (overrides waypoint_x/y/z params)
[autopilot_sv_cbf_rate_node-3] [INFO] [1788156644.110058892] [uav_0.autopilot_sv_cbf_rate_node]: goal_waypoint received: [0.000, 5.500, 1.500] (overrides waypoint_x/y/z params)
[autopilot_sv_cbf_rate_node-3] [INFO] [1788156644.210091724] [uav_0.autopilot_sv_cbf_rate_node]: goal_waypoint received: [0.000, 5.500, 1.500] (overrides waypoint_x/y/z params)
[autopilot_sv_cbf_rate_node-3] [INFO] [1788156644.310111756] [uav_0.autopilot_sv_cbf_rate_node]: goal_waypoint received: [0.000, 5.500, 1.500] (overrides waypoint_x/y/z params)
[autopilot_sv_cbf_rate_node-3] [INFO] [1788156644.410142288] [uav_0.autopilot_sv_cbf_rate_node]: goal_waypoint received: [0.000, 5.500, 1.500] (overrides waypoint_x/y/z params)
[synthetic_obstacle_publisher-4] [WARN] [1788156644.508790833] [uav_0.synthetic_obstacle_publisher]: No odometry yet -- cannot evaluate the sensing envelope, publishing no obstacles
[autopilot_sv_cbf_rate_node-3] [INFO] [1788156644.510100320] [uav_0.autopilot_sv_cbf_rate_node]: goal_waypoint received: [0.000, 5.500, 1.500] (overrides waypoint_x/y/z params)
[autopilot_sv_cbf_rate_node-3] [INFO] [1788156644.610096152] [uav_0.autopilot_sv_cbf_rate_node]: goal_waypoint received: [0.000, 5.500, 1.500] (overrides waypoint_x/y/z params)
[autopilot_sv_cbf_rate_node-3] [INFO] [1788156644.710210683] [uav_0.autopilot_sv_cbf_rate_node]: goal_waypoint received: [0.000, 5.500, 1.500] (overrides waypoint_x/y/z params)
[ground_station_stub_node-6] [INFO] [1788156644.710952476] [uav_0.ground_station_stub_node]: Switching to offboard mode
[ground_station_stub_node-6] [INFO] [1788156644.711632470] [uav_0.ground_station_stub_node]: Arm command sent
[autopilot_sv_cbf_rate_node-3] [INFO] [1788156644.810067117] [uav_0.autopilot_sv_cbf_rate_node]: goal_waypoint received: [0.000, 5.500, 1.500] (overrides waypoint_x/y/z params)
[autopilot_sv_cbf_rate_node-3] [INFO] [1788156644.910233199] [uav_0.autopilot_sv_cbf_rate_node]: goal_waypoint received: [0.000, 5.500, 1.500] (overrides waypoint_x/y/z params)
[autopilot_sv_cbf_rate_node-3] [INFO] [1788156645.010136710] [uav_0.autopilot_sv_cbf_rate_node]: goal_waypoint received: [0.000, 5.500, 1.500] (overrides waypoint_x/y/z params)
[px4_sitl-2] INFO  [uxrce_dds_client] synchronized with time offset 1788156633384353us
[px4_sitl-2] INFO  [uxrce_dds_client] successfully created rt/uav_0/fmu/out/register_ext_component_reply data writer, topic id: 205
[px4_sitl-2] INFO  [uxrce_dds_client] successfully created rt/uav_0/fmu/out/arming_check_request_v1 data writer, topic id: 16
[px4_sitl-2] INFO  [uxrce_dds_client] successfully created rt/uav_0/fmu/out/mode_completed data writer, topic id: 157
[px4_sitl-2] INFO  [uxrce_dds_client] successfully created rt/uav_0/fmu/out/battery_status_v1 data writer, topic id: 20
[px4_sitl-2] INFO  [uxrce_dds_client] successfully created rt/uav_0/fmu/out/collision_constraints data writer, topic id: 27
[px4_sitl-2] INFO  [uxrce_dds_client] successfully created rt/uav_0/fmu/out/estimator_status_flags data writer, topic id: 85
[px4_sitl-2] INFO  [uxrce_dds_client] successfully created rt/uav_0/fmu/out/failsafe_flags data writer, topic id: 91
[px4_sitl-2] INFO  [uxrce_dds_client] successfully created rt/uav_0/fmu/out/manual_control_setpoint data writer, topic id: 148
[px4_sitl-2] INFO  [uxrce_dds_client] successfully created rt/uav_0/fmu/out/message_format_response data writer, topic id: 154
[px4_sitl-2] INFO  [uxrce_dds_client] successfully created rt/uav_0/fmu/out/position_setpoint_triplet data writer, topic id: 192
[px4_sitl-2] INFO  [uxrce_dds_client] successfully created rt/uav_0/fmu/out/sensor_combined data writer, topic id: 225
[px4_sitl-2] INFO  [uxrce_dds_client] successfully created rt/uav_0/fmu/out/timesync_status data writer, topic id: 249
[px4_sitl-2] INFO  [uxrce_dds_client] successfully created rt/uav_0/fmu/out/transponder_report data writer, topic id: 252
[px4_sitl-2] INFO  [uxrce_dds_client] successfully created rt/uav_0/fmu/out/vehicle_land_detected data writer, topic id: 277
[px4_sitl-2] INFO  [uxrce_dds_client] successfully created rt/uav_0/fmu/out/vehicle_attitude data writer, topic id: 264
[px4_sitl-2] INFO  [uxrce_dds_client] successfully created rt/uav_0/fmu/out/vehicle_control_mode data writer, topic id: 271
[px4_sitl-2] INFO  [uxrce_dds_client] successfully created rt/uav_0/fmu/out/vehicle_command_ack data writer, topic id: 268
[px4_sitl-2] INFO  [uxrce_dds_client] successfully created rt/uav_0/fmu/out/vehicle_global_position data writer, topic id: 272
[px4_sitl-2] INFO  [uxrce_dds_client] successfully created rt/uav_0/fmu/out/vehicle_gps_position data writer, topic id: 274
[px4_sitl-2] INFO  [uxrce_dds_client] successfully created rt/uav_0/fmu/out/vehicle_local_position_v1 data writer, topic id: 278
[px4_sitl-2] INFO  [uxrce_dds_client] successfully created rt/uav_0/fmu/out/vehicle_odometry data writer, topic id: 283
[px4_sitl-2] INFO  [uxrce_dds_client] successfully created rt/uav_0/fmu/out/vehicle_status_v1 data writer, topic id: 288
[px4_sitl-2] INFO  [uxrce_dds_client] successfully created rt/uav_0/fmu/out/airspeed_validated_v1 data writer, topic id: 13
[px4_sitl-2] INFO  [uxrce_dds_client] successfully created rt/uav_0/fmu/out/vtol_vehicle_status data writer, topic id: 297
[px4_sitl-2] INFO  [uxrce_dds_client] successfully created rt/uav_0/fmu/out/home_position_v1 data writer, topic id: 128
[px4_sitl-2] INFO  [uxrce_dds_client] successfully created rt/uav_0/fmu/out/wind data writer, topic id: 299
[px4_sitl-2] INFO  [uxrce_dds_client] successfully created rt/uav_0/fmu/out/gimbal_device_attitude_status data writer, topic id: 110
[autopilot_sv_cbf_rate_node-3] [INFO] [1788156645.110085528] [uav_0.autopilot_sv_cbf_rate_node]: goal_waypoint received: [0.000, 5.500, 1.500] (overrides waypoint_x/y/z params)
[autopilot_sv_cbf_rate_node-3] [INFO] [1788156645.210088845] [uav_0.autopilot_sv_cbf_rate_node]: goal_waypoint received: [0.000, 5.500, 1.500] (overrides waypoint_x/y/z params)
[autopilot_sv_cbf_rate_node-3] [INFO] [1788156645.310047863] [uav_0.autopilot_sv_cbf_rate_node]: goal_waypoint received: [0.000, 5.500, 1.500] (overrides waypoint_x/y/z params)
[autopilot_sv_cbf_rate_node-3] [INFO] [1788156645.410090380] [uav_0.autopilot_sv_cbf_rate_node]: goal_waypoint received: [0.000, 5.500, 1.500] (overrides waypoint_x/y/z params)
[autopilot_sv_cbf_rate_node-3] [INFO] [1788156645.510112597] [uav_0.autopilot_sv_cbf_rate_node]: goal_waypoint received: [0.000, 5.500, 1.500] (overrides waypoint_x/y/z params)
[autopilot_sv_cbf_rate_node-3] [INFO] [1788156645.610023615] [uav_0.autopilot_sv_cbf_rate_node]: goal_waypoint received: [0.000, 5.500, 1.500] (overrides waypoint_x/y/z params)
[autopilot_sv_cbf_rate_node-3] [INFO] [1788156645.710086332] [uav_0.autopilot_sv_cbf_rate_node]: goal_waypoint received: [0.000, 5.500, 1.500] (overrides waypoint_x/y/z params)
[autopilot_sv_cbf_rate_node-3] [INFO] [1788156645.810112049] [uav_0.autopilot_sv_cbf_rate_node]: goal_waypoint received: [0.000, 5.500, 1.500] (overrides waypoint_x/y/z params)
[ground_station_stub_node-6] [INFO] [1788156645.810546644] [uav_0.ground_station_stub_node]: Switching to offboard mode
[ground_station_stub_node-6] [INFO] [1788156645.810938840] [uav_0.ground_station_stub_node]: Arm command sent
[px4_sitl-2] INFO  [commander] Armed by external command	
[px4_sitl-2] INFO  [tone_alarm] arming warning
[autopilot_sv_cbf_rate_node-3] [WARN] [1788156645.817035074] [uav_0.autopilot_sv_cbf_rate_node]: arming_state changed: DISARMED -> ARMED
[autopilot_sv_cbf_rate_node-3] [WARN] [1788156645.817098073] [uav_0.autopilot_sv_cbf_rate_node]: T reset to hover thrust 20.2478N (reason: re-armed)
[autopilot_sv_cbf_rate_node-3] [INFO] [1788156645.817114573] [uav_0.autopilot_sv_cbf_rate_node]: armed: holding current position [0.026, -0.032, -0.067] as goal
[px4_sitl-2] INFO  [commander] Takeoff detected	
[autopilot_sv_cbf_rate_node-3] [INFO] [1788156645.910076767] [uav_0.autopilot_sv_cbf_rate_node]: goal_waypoint received: [0.000, 5.500, 1.500] (overrides waypoint_x/y/z params)
[autopilot_sv_cbf_rate_node-3] [INFO] [1788156646.010040085] [uav_0.autopilot_sv_cbf_rate_node]: goal_waypoint received: [0.000, 5.500, 1.500] (overrides waypoint_x/y/z params)
[autopilot_sv_cbf_rate_node-3] [INFO] [1788156646.067381168] [uav_0.autopilot_sv_cbf_rate_node]: pos=[0.02 -0.02 -0.05]  T=26.705N  omega=[-2.463 -0.172 0.000]  certified=3 uncertified=0  delta=0.0000  gamma=4.763(PENN)  feasible=1
[autopilot_sv_cbf_rate_node-3] [INFO] [1788156646.110030809] [uav_0.autopilot_sv_cbf_rate_node]: goal_waypoint received: [0.000, 5.500, 1.500] (overrides waypoint_x/y/z params)
[autopilot_sv_cbf_rate_node-3] [INFO] [1788156646.210052234] [uav_0.autopilot_sv_cbf_rate_node]: goal_waypoint received: [0.000, 5.500, 1.500] (overrides waypoint_x/y/z params)
[autopilot_sv_cbf_rate_node-3] [INFO] [1788156646.310084558] [uav_0.autopilot_sv_cbf_rate_node]: goal_waypoint received: [0.000, 5.500, 1.500] (overrides waypoint_x/y/z params)
[autopilot_sv_cbf_rate_node-3] [INFO] [1788156646.410115182] [uav_0.autopilot_sv_cbf_rate_node]: goal_waypoint received: [0.000, 5.500, 1.500] (overrides waypoint_x/y/z params)
[autopilot_sv_cbf_rate_node-3] [WARN] [1788156646.509249616] [uav_0.autopilot_sv_cbf_rate_node]: Obstacle id=0 FAILED entry certification at first sighting (psi0=3.736 psi1=-0.094 psi2=-24.468, gamma=2.000) -- routed through the QP's slack-relaxed row (D14), not excluded.
[autopilot_sv_cbf_rate_node-3] [WARN] [1788156646.509318115] [uav_0.autopilot_sv_cbf_rate_node]: Obstacle id=1 FAILED entry certification at first sighting (psi0=6.549 psi1=4.797 psi2=-14.635, gamma=2.000) -- routed through the QP's slack-relaxed row (D14), not excluded.
[autopilot_sv_cbf_rate_node-3] [WARN] [1788156646.509329315] [uav_0.autopilot_sv_cbf_rate_node]: Obstacle id=2 FAILED entry certification at first sighting (psi0=15.300 psi1=18.187 psi2=-0.900, gamma=2.000) -- routed through the QP's slack-relaxed row (D14), not excluded.
[autopilot_sv_cbf_rate_node-3] [INFO] [1788156646.510092207] [uav_0.autopilot_sv_cbf_rate_node]: goal_waypoint received: [0.000, 5.500, 1.500] (overrides waypoint_x/y/z params)
[autopilot_sv_cbf_rate_node-3] [INFO] [1788156646.610284830] [uav_0.autopilot_sv_cbf_rate_node]: goal_waypoint received: [0.000, 5.500, 1.500] (overrides waypoint_x/y/z params)
[autopilot_sv_cbf_rate_node-3] [INFO] [1788156646.710245355] [uav_0.autopilot_sv_cbf_rate_node]: goal_waypoint received: [0.000, 5.500, 1.500] (overrides waypoint_x/y/z params)
[autopilot_sv_cbf_rate_node-3] [INFO] [1788156646.810195080] [uav_0.autopilot_sv_cbf_rate_node]: goal_waypoint received: [0.000, 5.500, 1.500] (overrides waypoint_x/y/z params)
[autopilot_sv_cbf_rate_node-3] [INFO] [1788156646.910118805] [uav_0.autopilot_sv_cbf_rate_node]: goal_waypoint received: [0.000, 5.500, 1.500] (overrides waypoint_x/y/z params)
[autopilot_sv_cbf_rate_node-3] [INFO] [1788156647.010225029] [uav_0.autopilot_sv_cbf_rate_node]: goal_waypoint received: [0.000, 5.500, 1.500] (overrides waypoint_x/y/z params)
[autopilot_sv_cbf_rate_node-3] [INFO] [1788156647.067332119] [uav_0.autopilot_sv_cbf_rate_node]: pos=[-0.80 1.69 0.97]  T=23.454N  omega=[0.136 1.504 0.000]  certified=3 uncertified=0  delta=0.0000  gamma=9.500(PENN)  feasible=1
[autopilot_sv_cbf_rate_node-3] [INFO] [1788156647.110082562] [uav_0.autopilot_sv_cbf_rate_node]: goal_waypoint received: [0.000, 5.500, 1.500] (overrides waypoint_x/y/z params)
[autopilot_sv_cbf_rate_node-3] [INFO] [1788156647.210152593] [uav_0.autopilot_sv_cbf_rate_node]: goal_waypoint received: [0.000, 5.500, 1.500] (overrides waypoint_x/y/z params)
[autopilot_sv_cbf_rate_node-3] [INFO] [1788156647.310048826] [uav_0.autopilot_sv_cbf_rate_node]: goal_waypoint received: [0.000, 5.500, 1.500] (overrides waypoint_x/y/z params)
[autopilot_sv_cbf_rate_node-3] [INFO] [1788156647.410171857] [uav_0.autopilot_sv_cbf_rate_node]: goal_waypoint received: [0.000, 5.500, 1.500] (overrides waypoint_x/y/z params)
[autopilot_sv_cbf_rate_node-3] [INFO] [1788156647.510058690] [uav_0.autopilot_sv_cbf_rate_node]: goal_waypoint received: [0.000, 5.500, 1.500] (overrides waypoint_x/y/z params)
[autopilot_sv_cbf_rate_node-3] [INFO] [1788156647.610067722] [uav_0.autopilot_sv_cbf_rate_node]: goal_waypoint received: [0.000, 5.500, 1.500] (overrides waypoint_x/y/z params)
[autopilot_sv_cbf_rate_node-3] [INFO] [1788156647.710105953] [uav_0.autopilot_sv_cbf_rate_node]: goal_waypoint received: [0.000, 5.500, 1.500] (overrides waypoint_x/y/z params)
[autopilot_sv_cbf_rate_node-3] [INFO] [1788156647.810098785] [uav_0.autopilot_sv_cbf_rate_node]: goal_waypoint received: [0.000, 5.500, 1.500] (overrides waypoint_x/y/z params)
[autopilot_sv_cbf_rate_node-3] [INFO] [1788156647.910055917] [uav_0.autopilot_sv_cbf_rate_node]: goal_waypoint received: [0.000, 5.500, 1.500] (overrides waypoint_x/y/z params)
[autopilot_sv_cbf_rate_node-3] [INFO] [1788156648.010138248] [uav_0.autopilot_sv_cbf_rate_node]: goal_waypoint received: [0.000, 5.500, 1.500] (overrides waypoint_x/y/z params)
[autopilot_sv_cbf_rate_node-3] [INFO] [1788156648.067414041] [uav_0.autopilot_sv_cbf_rate_node]: pos=[0.11 4.71 1.29]  T=24.405N  omega=[-0.763 0.708 0.000]  certified=3 uncertified=0  delta=0.0000  gamma=5.000(PENN)  feasible=1
[autopilot_sv_cbf_rate_node-3] [INFO] [1788156648.110126888] [uav_0.autopilot_sv_cbf_rate_node]: goal_waypoint received: [0.000, 5.500, 1.500] (overrides waypoint_x/y/z params)
[autopilot_sv_cbf_rate_node-3] [INFO] [1788156648.210032828] [uav_0.autopilot_sv_cbf_rate_node]: goal_waypoint received: [0.000, 5.500, 1.500] (overrides waypoint_x/y/z params)
[autopilot_sv_cbf_rate_node-3] [INFO] [1788156648.310059566] [uav_0.autopilot_sv_cbf_rate_node]: goal_waypoint received: [0.000, 5.500, 1.500] (overrides waypoint_x/y/z params)
[autopilot_sv_cbf_rate_node-3] [INFO] [1788156648.410069105] [uav_0.autopilot_sv_cbf_rate_node]: goal_waypoint received: [0.000, 5.500, 1.500] (overrides waypoint_x/y/z params)
[autopilot_sv_cbf_rate_node-3] [INFO] [1788156648.510054145] [uav_0.autopilot_sv_cbf_rate_node]: goal_waypoint received: [0.000, 5.500, 1.500] (overrides waypoint_x/y/z params)
[autopilot_sv_cbf_rate_node-3] [INFO] [1788156648.610069884] [uav_0.autopilot_sv_cbf_rate_node]: goal_waypoint received: [0.000, 5.500, 1.500] (overrides waypoint_x/y/z params)
[autopilot_sv_cbf_rate_node-3] [INFO] [1788156648.710095722] [uav_0.autopilot_sv_cbf_rate_node]: goal_waypoint received: [0.000, 5.500, 1.500] (overrides waypoint_x/y/z params)
[autopilot_sv_cbf_rate_node-3] [INFO] [1788156648.810035562] [uav_0.autopilot_sv_cbf_rate_node]: goal_waypoint received: [0.000, 5.500, 1.500] (overrides waypoint_x/y/z params)
[autopilot_sv_cbf_rate_node-3] [INFO] [1788156648.910054101] [uav_0.autopilot_sv_cbf_rate_node]: goal_waypoint received: [0.000, 5.500, 1.500] (overrides waypoint_x/y/z params)
[autopilot_sv_cbf_rate_node-3] [INFO] [1788156649.010195239] [uav_0.autopilot_sv_cbf_rate_node]: goal_waypoint received: [0.000, 5.500, 1.500] (overrides waypoint_x/y/z params)
[autopilot_sv_cbf_rate_node-3] [INFO] [1788156649.067242038] [uav_0.autopilot_sv_cbf_rate_node]: pos=[0.18 5.45 1.30]  T=23.078N  omega=[0.534 -0.098 0.000]  certified=3 uncertified=0  delta=0.0000  gamma=2.000(PENN)  feasible=1
[autopilot_sv_cbf_rate_node-3] [INFO] [1788156649.110077586] [uav_0.autopilot_sv_cbf_rate_node]: goal_waypoint received: [0.000, 5.500, 1.500] (overrides waypoint_x/y/z params)
[autopilot_sv_cbf_rate_node-3] [INFO] [1788156649.210091632] [uav_0.autopilot_sv_cbf_rate_node]: goal_waypoint received: [0.000, 5.500, 1.500] (overrides waypoint_x/y/z params)
[autopilot_sv_cbf_rate_node-3] [INFO] [1788156649.310049879] [uav_0.autopilot_sv_cbf_rate_node]: goal_waypoint received: [0.000, 5.500, 1.500] (overrides waypoint_x/y/z params)
[autopilot_sv_cbf_rate_node-3] [INFO] [1788156649.410221824] [uav_0.autopilot_sv_cbf_rate_node]: goal_waypoint received: [0.000, 5.500, 1.500] (overrides waypoint_x/y/z params)
[autopilot_sv_cbf_rate_node-3] [INFO] [1788156649.510446168] [uav_0.autopilot_sv_cbf_rate_node]: goal_waypoint received: [0.000, 5.500, 1.500] (overrides waypoint_x/y/z params)
[autopilot_sv_cbf_rate_node-3] [INFO] [1788156649.610193516] [uav_0.autopilot_sv_cbf_rate_node]: goal_waypoint received: [0.000, 5.500, 1.500] (overrides waypoint_x/y/z params)
[autopilot_sv_cbf_rate_node-3] [INFO] [1788156649.710126163] [uav_0.autopilot_sv_cbf_rate_node]: goal_waypoint received: [0.000, 5.500, 1.500] (overrides waypoint_x/y/z params)
[autopilot_sv_cbf_rate_node-3] [INFO] [1788156649.810131610] [uav_0.autopilot_sv_cbf_rate_node]: goal_waypoint received: [0.000, 5.500, 1.500] (overrides waypoint_x/y/z params)
[autopilot_sv_cbf_rate_node-3] [INFO] [1788156649.910199155] [uav_0.autopilot_sv_cbf_rate_node]: goal_waypoint received: [0.000, 5.500, 1.500] (overrides waypoint_x/y/z params)
[autopilot_sv_cbf_rate_node-3] [INFO] [1788156650.010210202] [uav_0.autopilot_sv_cbf_rate_node]: goal_waypoint received: [0.000, 5.500, 1.500] (overrides waypoint_x/y/z params)
[autopilot_sv_cbf_rate_node-3] [INFO] [1788156650.067765799] [uav_0.autopilot_sv_cbf_rate_node]: pos=[0.24 5.89 1.31]  T=23.035N  omega=[0.029 -0.176 0.000]  certified=3 uncertified=0  delta=0.0000  gamma=7.921(PENN)  feasible=1
[autopilot_sv_cbf_rate_node-3] [INFO] [1788156650.110097856] [uav_0.autopilot_sv_cbf_rate_node]: goal_waypoint received: [0.000, 5.500, 1.500] (overrides waypoint_x/y/z params)
[autopilot_sv_cbf_rate_node-3] [INFO] [1788156650.210037610] [uav_0.autopilot_sv_cbf_rate_node]: goal_waypoint received: [0.000, 5.500, 1.500] (overrides waypoint_x/y/z params)
[autopilot_sv_cbf_rate_node-3] [INFO] [1788156650.310209262] [uav_0.autopilot_sv_cbf_rate_node]: goal_waypoint received: [0.000, 5.500, 1.500] (overrides waypoint_x/y/z params)
[autopilot_sv_cbf_rate_node-3] [INFO] [1788156650.410085217] [uav_0.autopilot_sv_cbf_rate_node]: goal_waypoint received: [0.000, 5.500, 1.500] (overrides waypoint_x/y/z params)
[autopilot_sv_cbf_rate_node-3] [INFO] [1788156650.510179369] [uav_0.autopilot_sv_cbf_rate_node]: goal_waypoint received: [0.000, 5.500, 1.500] (overrides waypoint_x/y/z params)
[autopilot_sv_cbf_rate_node-3] [INFO] [1788156650.610184423] [uav_0.autopilot_sv_cbf_rate_node]: goal_waypoint received: [0.000, 5.500, 1.500] (overrides waypoint_x/y/z params)
[autopilot_sv_cbf_rate_node-3] [INFO] [1788156650.710066578] [uav_0.autopilot_sv_cbf_rate_node]: goal_waypoint received: [0.000, 5.500, 1.500] (overrides waypoint_x/y/z params)
[autopilot_sv_cbf_rate_node-3] [INFO] [1788156650.810081731] [uav_0.autopilot_sv_cbf_rate_node]: goal_waypoint received: [0.000, 5.500, 1.500] (overrides waypoint_x/y/z params)
[autopilot_sv_cbf_rate_node-3] [INFO] [1788156650.910129884] [uav_0.autopilot_sv_cbf_rate_node]: goal_waypoint received: [0.000, 5.500, 1.500] (overrides waypoint_x/y/z params)
[autopilot_sv_cbf_rate_node-3] [INFO] [1788156651.010074438] [uav_0.autopilot_sv_cbf_rate_node]: goal_waypoint received: [0.000, 5.500, 1.500] (overrides waypoint_x/y/z params)
[autopilot_sv_cbf_rate_node-3] [INFO] [1788156651.067348543] [uav_0.autopilot_sv_cbf_rate_node]: pos=[0.19 6.02 1.32]  T=23.040N  omega=[-0.094 0.005 0.000]  certified=3 uncertified=0  delta=0.0000  gamma=8.316(PENN)  feasible=1
[autopilot_sv_cbf_rate_node-3] [INFO] [1788156651.110274097] [uav_0.autopilot_sv_cbf_rate_node]: goal_waypoint received: [0.000, 5.500, 1.500] (overrides waypoint_x/y/z params)
[autopilot_sv_cbf_rate_node-3] [INFO] [1788156651.210100359] [uav_0.autopilot_sv_cbf_rate_node]: goal_waypoint received: [0.000, 5.500, 1.500] (overrides waypoint_x/y/z params)
[autopilot_sv_cbf_rate_node-3] [INFO] [1788156651.310075020] [uav_0.autopilot_sv_cbf_rate_node]: goal_waypoint received: [0.000, 5.500, 1.500] (overrides waypoint_x/y/z params)
[autopilot_sv_cbf_rate_node-3] [INFO] [1788156651.410147380] [uav_0.autopilot_sv_cbf_rate_node]: goal_waypoint received: [0.000, 5.500, 1.500] (overrides waypoint_x/y/z params)
[autopilot_sv_cbf_rate_node-3] [INFO] [1788156651.510146641] [uav_0.autopilot_sv_cbf_rate_node]: goal_waypoint received: [0.000, 5.500, 1.500] (overrides waypoint_x/y/z params)
[autopilot_sv_cbf_rate_node-3] [INFO] [1788156651.610133102] [uav_0.autopilot_sv_cbf_rate_node]: goal_waypoint received: [0.000, 5.500, 1.500] (overrides waypoint_x/y/z params)
[autopilot_sv_cbf_rate_node-3] [INFO] [1788156651.710078263] [uav_0.autopilot_sv_cbf_rate_node]: goal_waypoint received: [0.000, 5.500, 1.500] (overrides waypoint_x/y/z params)
[autopilot_sv_cbf_rate_node-3] [INFO] [1788156651.810040524] [uav_0.autopilot_sv_cbf_rate_node]: goal_waypoint received: [0.000, 5.500, 1.500] (overrides waypoint_x/y/z params)
[autopilot_sv_cbf_rate_node-3] [INFO] [1788156651.910095784] [uav_0.autopilot_sv_cbf_rate_node]: goal_waypoint received: [0.000, 5.500, 1.500] (overrides waypoint_x/y/z params)
[autopilot_sv_cbf_rate_node-3] [INFO] [1788156652.010197444] [uav_0.autopilot_sv_cbf_rate_node]: goal_waypoint received: [0.000, 5.500, 1.500] (overrides waypoint_x/y/z params)
[autopilot_sv_cbf_rate_node-3] [INFO] [1788156652.067514053] [uav_0.autopilot_sv_cbf_rate_node]: pos=[0.08 6.01 1.34]  T=22.983N  omega=[-0.003 0.042 0.000]  certified=3 uncertified=0  delta=0.0000  gamma=7.921(PENN)  feasible=1
[autopilot_sv_cbf_rate_node-3] [INFO] [1788156652.110248112] [uav_0.autopilot_sv_cbf_rate_node]: goal_waypoint received: [0.000, 5.500, 1.500] (overrides waypoint_x/y/z params)
[autopilot_sv_cbf_rate_node-3] [INFO] [1788156652.210190580] [uav_0.autopilot_sv_cbf_rate_node]: goal_waypoint received: [0.000, 5.500, 1.500] (overrides waypoint_x/y/z params)
[autopilot_sv_cbf_rate_node-3] [INFO] [1788156652.310169187] [uav_0.autopilot_sv_cbf_rate_node]: goal_waypoint received: [0.000, 5.500, 1.500] (overrides waypoint_x/y/z params)
[autopilot_sv_cbf_rate_node-3] [INFO] [1788156652.410141545] [uav_0.autopilot_sv_cbf_rate_node]: goal_waypoint received: [0.000, 5.500, 1.500] (overrides waypoint_x/y/z params)
[autopilot_sv_cbf_rate_node-3] [INFO] [1788156652.510072704] [uav_0.autopilot_sv_cbf_rate_node]: goal_waypoint received: [0.000, 5.500, 1.500] (overrides waypoint_x/y/z params)
[autopilot_sv_cbf_rate_node-3] [INFO] [1788156652.610248660] [uav_0.autopilot_sv_cbf_rate_node]: goal_waypoint received: [0.000, 5.500, 1.500] (overrides waypoint_x/y/z params)
[autopilot_sv_cbf_rate_node-3] [INFO] [1788156652.710146019] [uav_0.autopilot_sv_cbf_rate_node]: goal_waypoint received: [0.000, 5.500, 1.500] (overrides waypoint_x/y/z params)
[autopilot_sv_cbf_rate_node-3] [INFO] [1788156652.810110677] [uav_0.autopilot_sv_cbf_rate_node]: goal_waypoint received: [0.000, 5.500, 1.500] (overrides waypoint_x/y/z params)
[autopilot_sv_cbf_rate_node-3] [INFO] [1788156652.910103221] [uav_0.autopilot_sv_cbf_rate_node]: goal_waypoint received: [0.000, 5.500, 1.500] (overrides waypoint_x/y/z params)
[autopilot_sv_cbf_rate_node-3] [INFO] [1788156653.010064696] [uav_0.autopilot_sv_cbf_rate_node]: goal_waypoint received: [0.000, 5.500, 1.500] (overrides waypoint_x/y/z params)
[autopilot_sv_cbf_rate_node-3] [INFO] [1788156653.067651736] [uav_0.autopilot_sv_cbf_rate_node]: pos=[-0.01 5.98 1.36]  T=22.974N  omega=[0.003 0.003 0.000]  certified=3 uncertified=0  delta=0.0000  gamma=8.316(PENN)  feasible=1
[autopilot_sv_cbf_rate_node-3] [INFO] [1788156653.111518758] [uav_0.autopilot_sv_cbf_rate_node]: goal_waypoint received: [0.000, 5.500, 1.500] (overrides waypoint_x/y/z params)
[autopilot_sv_cbf_rate_node-3] [INFO] [1788156653.210138057] [uav_0.autopilot_sv_cbf_rate_node]: goal_waypoint received: [0.000, 5.500, 1.500] (overrides waypoint_x/y/z params)
[autopilot_sv_cbf_rate_node-3] [INFO] [1788156653.310148738] [uav_0.autopilot_sv_cbf_rate_node]: goal_waypoint received: [0.000, 5.500, 1.500] (overrides waypoint_x/y/z params)
[autopilot_sv_cbf_rate_node-3] [INFO] [1788156653.410118020] [uav_0.autopilot_sv_cbf_rate_node]: goal_waypoint received: [0.000, 5.500, 1.500] (overrides waypoint_x/y/z params)
[autopilot_sv_cbf_rate_node-3] [INFO] [1788156653.510143101] [uav_0.autopilot_sv_cbf_rate_node]: goal_waypoint received: [0.000, 5.500, 1.500] (overrides waypoint_x/y/z params)
[autopilot_sv_cbf_rate_node-3] [INFO] [1788156653.610114782] [uav_0.autopilot_sv_cbf_rate_node]: goal_waypoint received: [0.000, 5.500, 1.500] (overrides waypoint_x/y/z params)
[autopilot_sv_cbf_rate_node-3] [INFO] [1788156653.710159663] [uav_0.autopilot_sv_cbf_rate_node]: goal_waypoint received: [0.000, 5.500, 1.500] (overrides waypoint_x/y/z params)
[autopilot_sv_cbf_rate_node-3] [INFO] [1788156653.810131745] [uav_0.autopilot_sv_cbf_rate_node]: goal_waypoint received: [0.000, 5.500, 1.500] (overrides waypoint_x/y/z params)
[autopilot_sv_cbf_rate_node-3] [INFO] [1788156653.910191725] [uav_0.autopilot_sv_cbf_rate_node]: goal_waypoint received: [0.000, 5.500, 1.500] (overrides waypoint_x/y/z params)
[autopilot_sv_cbf_rate_node-3] [INFO] [1788156654.010256306] [uav_0.autopilot_sv_cbf_rate_node]: goal_waypoint received: [0.000, 5.500, 1.500] (overrides waypoint_x/y/z params)
[autopilot_sv_cbf_rate_node-3] [INFO] [1788156654.067174459] [uav_0.autopilot_sv_cbf_rate_node]: pos=[-0.05 5.93 1.36]  T=22.995N  omega=[0.004 -0.004 0.000]  certified=3 uncertified=0  delta=0.0000  gamma=8.316(PENN)  feasible=1
[autopilot_sv_cbf_rate_node-3] [INFO] [1788156654.110396992] [uav_0.autopilot_sv_cbf_rate_node]: goal_waypoint received: [0.000, 5.500, 1.500] (overrides waypoint_x/y/z params)
[autopilot_sv_cbf_rate_node-3] [INFO] [1788156654.210278182] [uav_0.autopilot_sv_cbf_rate_node]: goal_waypoint received: [0.000, 5.500, 1.500] (overrides waypoint_x/y/z params)
[autopilot_sv_cbf_rate_node-3] [INFO] [1788156654.310165272] [uav_0.autopilot_sv_cbf_rate_node]: goal_waypoint received: [0.000, 5.500, 1.500] (overrides waypoint_x/y/z params)
[autopilot_sv_cbf_rate_node-3] [INFO] [1788156654.410492256] [uav_0.autopilot_sv_cbf_rate_node]: goal_waypoint received: [0.000, 5.500, 1.500] (overrides waypoint_x/y/z params)
[autopilot_sv_cbf_rate_node-3] [INFO] [1788156654.510097950] [uav_0.autopilot_sv_cbf_rate_node]: goal_waypoint received: [0.000, 5.500, 1.500] (overrides waypoint_x/y/z params)
[autopilot_sv_cbf_rate_node-3] [INFO] [1788156654.610071638] [uav_0.autopilot_sv_cbf_rate_node]: goal_waypoint received: [0.000, 5.500, 1.500] (overrides waypoint_x/y/z params)
[autopilot_sv_cbf_rate_node-3] [INFO] [1788156654.710163226] [uav_0.autopilot_sv_cbf_rate_node]: goal_waypoint received: [0.000, 5.500, 1.500] (overrides waypoint_x/y/z params)
[autopilot_sv_cbf_rate_node-3] [INFO] [1788156654.810093315] [uav_0.autopilot_sv_cbf_rate_node]: goal_waypoint received: [0.000, 5.500, 1.500] (overrides waypoint_x/y/z params)
[autopilot_sv_cbf_rate_node-3] [INFO] [1788156654.910026504] [uav_0.autopilot_sv_cbf_rate_node]: goal_waypoint received: [0.000, 5.500, 1.500] (overrides waypoint_x/y/z params)
[autopilot_sv_cbf_rate_node-3] [INFO] [1788156655.010136691] [uav_0.autopilot_sv_cbf_rate_node]: goal_waypoint received: [0.000, 5.500, 1.500] (overrides waypoint_x/y/z params)
[autopilot_sv_cbf_rate_node-3] [INFO] [1788156655.067313845] [uav_0.autopilot_sv_cbf_rate_node]: pos=[-0.05 5.88 1.38]  T=22.972N  omega=[-0.004 -0.015 0.000]  certified=3 uncertified=0  delta=0.0000  gamma=8.316(PENN)  feasible=1
[autopilot_sv_cbf_rate_node-3] [INFO] [1788156655.110099087] [uav_0.autopilot_sv_cbf_rate_node]: goal_waypoint received: [0.000, 5.500, 1.500] (overrides waypoint_x/y/z params)
[autopilot_sv_cbf_rate_node-3] [INFO] [1788156655.210048784] [uav_0.autopilot_sv_cbf_rate_node]: goal_waypoint received: [0.000, 5.500, 1.500] (overrides waypoint_x/y/z params)
[autopilot_sv_cbf_rate_node-3] [INFO] [1788156655.310195977] [uav_0.autopilot_sv_cbf_rate_node]: goal_waypoint received: [0.000, 5.500, 1.500] (overrides waypoint_x/y/z params)
[autopilot_sv_cbf_rate_node-3] [INFO] [1788156655.410171773] [uav_0.autopilot_sv_cbf_rate_node]: goal_waypoint received: [0.000, 5.500, 1.500] (overrides waypoint_x/y/z params)
[autopilot_sv_cbf_rate_node-3] [INFO] [1788156655.510100669] [uav_0.autopilot_sv_cbf_rate_node]: goal_waypoint received: [0.000, 5.500, 1.500] (overrides waypoint_x/y/z params)
[autopilot_sv_cbf_rate_node-3] [INFO] [1788156655.610104365] [uav_0.autopilot_sv_cbf_rate_node]: goal_waypoint received: [0.000, 5.500, 1.500] (overrides waypoint_x/y/z params)
[autopilot_sv_cbf_rate_node-3] [INFO] [1788156655.710112560] [uav_0.autopilot_sv_cbf_rate_node]: goal_waypoint received: [0.000, 5.500, 1.500] (overrides waypoint_x/y/z params)
[autopilot_sv_cbf_rate_node-3] [INFO] [1788156655.810496051] [uav_0.autopilot_sv_cbf_rate_node]: goal_waypoint received: [0.000, 5.500, 1.500] (overrides waypoint_x/y/z params)
[autopilot_sv_cbf_rate_node-3] [INFO] [1788156655.910179751] [uav_0.autopilot_sv_cbf_rate_node]: goal_waypoint received: [0.000, 5.500, 1.500] (overrides waypoint_x/y/z params)
[autopilot_sv_cbf_rate_node-3] [INFO] [1788156656.010051348] [uav_0.autopilot_sv_cbf_rate_node]: goal_waypoint received: [0.000, 5.500, 1.500] (overrides waypoint_x/y/z params)
[autopilot_sv_cbf_rate_node-3] [INFO] [1788156656.067233106] [uav_0.autopilot_sv_cbf_rate_node]: pos=[-0.05 5.82 1.40]  T=22.985N  omega=[0.001 -0.013 0.000]  certified=3 uncertified=0  delta=0.0000  gamma=8.316(PENN)  feasible=1
[autopilot_sv_cbf_rate_node-3] [INFO] [1788156656.110060750] [uav_0.autopilot_sv_cbf_rate_node]: goal_waypoint received: [0.000, 5.500, 1.500] (overrides waypoint_x/y/z params)
[autopilot_sv_cbf_rate_node-3] [INFO] [1788156656.210145752] [uav_0.autopilot_sv_cbf_rate_node]: goal_waypoint received: [0.000, 5.500, 1.500] (overrides waypoint_x/y/z params)
[autopilot_sv_cbf_rate_node-3] [INFO] [1788156656.310045156] [uav_0.autopilot_sv_cbf_rate_node]: goal_waypoint received: [0.000, 5.500, 1.500] (overrides waypoint_x/y/z params)
[autopilot_sv_cbf_rate_node-3] [INFO] [1788156656.410297155] [uav_0.autopilot_sv_cbf_rate_node]: goal_waypoint received: [0.000, 5.500, 1.500] (overrides waypoint_x/y/z params)
[autopilot_sv_cbf_rate_node-3] [INFO] [1788156656.510240759] [uav_0.autopilot_sv_cbf_rate_node]: goal_waypoint received: [0.000, 5.500, 1.500] (overrides waypoint_x/y/z params)
[autopilot_sv_cbf_rate_node-3] [INFO] [1788156656.610149063] [uav_0.autopilot_sv_cbf_rate_node]: goal_waypoint received: [0.000, 5.500, 1.500] (overrides waypoint_x/y/z params)
[autopilot_sv_cbf_rate_node-3] [INFO] [1788156656.710143665] [uav_0.autopilot_sv_cbf_rate_node]: goal_waypoint received: [0.000, 5.500, 1.500] (overrides waypoint_x/y/z params)
[autopilot_sv_cbf_rate_node-3] [INFO] [1788156656.810144168] [uav_0.autopilot_sv_cbf_rate_node]: goal_waypoint received: [0.000, 5.500, 1.500] (overrides waypoint_x/y/z params)
[autopilot_sv_cbf_rate_node-3] [INFO] [1788156656.910062572] [uav_0.autopilot_sv_cbf_rate_node]: goal_waypoint received: [0.000, 5.500, 1.500] (overrides waypoint_x/y/z params)
[autopilot_sv_cbf_rate_node-3] [INFO] [1788156657.010029075] [uav_0.autopilot_sv_cbf_rate_node]: goal_waypoint received: [0.000, 5.500, 1.500] (overrides waypoint_x/y/z params)
[autopilot_sv_cbf_rate_node-3] [INFO] [1788156657.067177238] [uav_0.autopilot_sv_cbf_rate_node]: pos=[-0.03 5.78 1.40]  T=22.957N  omega=[-0.021 0.007 0.000]  certified=3 uncertified=0  delta=0.0000  gamma=5.421(PENN)  feasible=1
[autopilot_sv_cbf_rate_node-3] [INFO] [1788156657.110137983] [uav_0.autopilot_sv_cbf_rate_node]: goal_waypoint received: [0.000, 5.500, 1.500] (overrides waypoint_x/y/z params)
[autopilot_sv_cbf_rate_node-3] [INFO] [1788156657.210044894] [uav_0.autopilot_sv_cbf_rate_node]: goal_waypoint received: [0.000, 5.500, 1.500] (overrides waypoint_x/y/z params)
[autopilot_sv_cbf_rate_node-3] [INFO] [1788156657.310124103] [uav_0.autopilot_sv_cbf_rate_node]: goal_waypoint received: [0.000, 5.500, 1.500] (overrides waypoint_x/y/z params)
[autopilot_sv_cbf_rate_node-3] [INFO] [1788156657.410067614] [uav_0.autopilot_sv_cbf_rate_node]: goal_waypoint received: [0.000, 5.500, 1.500] (overrides waypoint_x/y/z params)
[autopilot_sv_cbf_rate_node-3] [INFO] [1788156657.510082623] [uav_0.autopilot_sv_cbf_rate_node]: goal_waypoint received: [0.000, 5.500, 1.500] (overrides waypoint_x/y/z params)
[autopilot_sv_cbf_rate_node-3] [INFO] [1788156657.610106916] [uav_0.autopilot_sv_cbf_rate_node]: goal_waypoint received: [0.000, 5.500, 1.500] (overrides waypoint_x/y/z params)
[autopilot_sv_cbf_rate_node-3] [INFO] [1788156657.710097175] [uav_0.autopilot_sv_cbf_rate_node]: goal_waypoint received: [0.000, 5.500, 1.500] (overrides waypoint_x/y/z params)
[autopilot_sv_cbf_rate_node-3] [INFO] [1788156657.810095635] [uav_0.autopilot_sv_cbf_rate_node]: goal_waypoint received: [0.000, 5.500, 1.500] (overrides waypoint_x/y/z params)
[autopilot_sv_cbf_rate_node-3] [INFO] [1788156657.910162193] [uav_0.autopilot_sv_cbf_rate_node]: goal_waypoint received: [0.000, 5.500, 1.500] (overrides waypoint_x/y/z params)
[autopilot_sv_cbf_rate_node-3] [INFO] [1788156658.010060854] [uav_0.autopilot_sv_cbf_rate_node]: goal_waypoint received: [0.000, 5.500, 1.500] (overrides waypoint_x/y/z params)
[autopilot_sv_cbf_rate_node-3] [INFO] [1788156658.067258820] [uav_0.autopilot_sv_cbf_rate_node]: pos=[-0.01 5.75 1.40]  T=23.026N  omega=[0.008 0.011 0.000]  certified=3 uncertified=0  delta=0.0000  gamma=4.921(PENN)  feasible=1
[autopilot_sv_cbf_rate_node-3] [INFO] [1788156658.110138520] [uav_0.autopilot_sv_cbf_rate_node]: goal_waypoint received: [0.000, 5.500, 1.500] (overrides waypoint_x/y/z params)
[autopilot_sv_cbf_rate_node-3] [INFO] [1788156658.210130486] [uav_0.autopilot_sv_cbf_rate_node]: goal_waypoint received: [0.000, 5.500, 1.500] (overrides waypoint_x/y/z params)
[autopilot_sv_cbf_rate_node-3] [INFO] [1788156658.310058653] [uav_0.autopilot_sv_cbf_rate_node]: goal_waypoint received: [0.000, 5.500, 1.500] (overrides waypoint_x/y/z params)
[autopilot_sv_cbf_rate_node-3] [INFO] [1788156658.410157619] [uav_0.autopilot_sv_cbf_rate_node]: goal_waypoint received: [0.000, 5.500, 1.500] (overrides waypoint_x/y/z params)
[autopilot_sv_cbf_rate_node-3] [INFO] [1788156658.510122986] [uav_0.autopilot_sv_cbf_rate_node]: goal_waypoint received: [0.000, 5.500, 1.500] (overrides waypoint_x/y/z params)
[autopilot_sv_cbf_rate_node-3] [INFO] [1788156658.610168252] [uav_0.autopilot_sv_cbf_rate_node]: goal_waypoint received: [0.000, 5.500, 1.500] (overrides waypoint_x/y/z params)
[autopilot_sv_cbf_rate_node-3] [INFO] [1788156658.710295517] [uav_0.autopilot_sv_cbf_rate_node]: goal_waypoint received: [0.000, 5.500, 1.500] (overrides waypoint_x/y/z params)
[autopilot_sv_cbf_rate_node-3] [INFO] [1788156658.810132185] [uav_0.autopilot_sv_cbf_rate_node]: goal_waypoint received: [0.000, 5.500, 1.500] (overrides waypoint_x/y/z params)
[autopilot_sv_cbf_rate_node-3] [INFO] [1788156658.910097052] [uav_0.autopilot_sv_cbf_rate_node]: goal_waypoint received: [0.000, 5.500, 1.500] (overrides waypoint_x/y/z params)
[autopilot_sv_cbf_rate_node-3] [INFO] [1788156659.010281017] [uav_0.autopilot_sv_cbf_rate_node]: goal_waypoint received: [0.000, 5.500, 1.500] (overrides waypoint_x/y/z params)
[autopilot_sv_cbf_rate_node-3] [INFO] [1788156659.067235889] [uav_0.autopilot_sv_cbf_rate_node]: pos=[-0.02 5.72 1.40]  T=23.035N  omega=[0.010 -0.008 0.000]  certified=3 uncertified=0  delta=0.0000  gamma=7.921(PENN)  feasible=1
[autopilot_sv_cbf_rate_node-3] [INFO] [1788156659.110096492] [uav_0.autopilot_sv_cbf_rate_node]: goal_waypoint received: [0.000, 5.500, 1.500] (overrides waypoint_x/y/z params)
[autopilot_sv_cbf_rate_node-3] [INFO] [1788156659.210125965] [uav_0.autopilot_sv_cbf_rate_node]: goal_waypoint received: [0.000, 5.500, 1.500] (overrides waypoint_x/y/z params)
[autopilot_sv_cbf_rate_node-3] [INFO] [1788156659.310053340] [uav_0.autopilot_sv_cbf_rate_node]: goal_waypoint received: [0.000, 5.500, 1.500] (overrides waypoint_x/y/z params)
[autopilot_sv_cbf_rate_node-3] [INFO] [1788156659.410102913] [uav_0.autopilot_sv_cbf_rate_node]: goal_waypoint received: [0.000, 5.500, 1.500] (overrides waypoint_x/y/z params)
[autopilot_sv_cbf_rate_node-3] [INFO] [1788156659.510076987] [uav_0.autopilot_sv_cbf_rate_node]: goal_waypoint received: [0.000, 5.500, 1.500] (overrides waypoint_x/y/z params)
[autopilot_sv_cbf_rate_node-3] [INFO] [1788156659.610141660] [uav_0.autopilot_sv_cbf_rate_node]: goal_waypoint received: [0.000, 5.500, 1.500] (overrides waypoint_x/y/z params)
[autopilot_sv_cbf_rate_node-3] [INFO] [1788156659.710052734] [uav_0.autopilot_sv_cbf_rate_node]: goal_waypoint received: [0.000, 5.500, 1.500] (overrides waypoint_x/y/z params)
[autopilot_sv_cbf_rate_node-3] [INFO] [1788156659.810051208] [uav_0.autopilot_sv_cbf_rate_node]: goal_waypoint received: [0.000, 5.500, 1.500] (overrides waypoint_x/y/z params)
[autopilot_sv_cbf_rate_node-3] [INFO] [1788156659.910038681] [uav_0.autopilot_sv_cbf_rate_node]: goal_waypoint received: [0.000, 5.500, 1.500] (overrides waypoint_x/y/z params)
[autopilot_sv_cbf_rate_node-3] [INFO] [1788156660.010152754] [uav_0.autopilot_sv_cbf_rate_node]: goal_waypoint received: [0.000, 5.500, 1.500] (overrides waypoint_x/y/z params)
[autopilot_sv_cbf_rate_node-3] [INFO] [1788156660.067172530] [uav_0.autopilot_sv_cbf_rate_node]: pos=[0.02 5.69 1.41]  T=22.984N  omega=[-0.012 -0.019 0.000]  certified=3 uncertified=0  delta=0.0000  gamma=5.553(PENN)  feasible=1
[autopilot_sv_cbf_rate_node-3] [INFO] [1788156660.110026436] [uav_0.autopilot_sv_cbf_rate_node]: goal_waypoint received: [0.000, 5.500, 1.500] (overrides waypoint_x/y/z params)
[autopilot_sv_cbf_rate_node-3] [INFO] [1788156660.210120916] [uav_0.autopilot_sv_cbf_rate_node]: goal_waypoint received: [0.000, 5.500, 1.500] (overrides waypoint_x/y/z params)
[autopilot_sv_cbf_rate_node-3] [INFO] [1788156660.310034197] [uav_0.autopilot_sv_cbf_rate_node]: goal_waypoint received: [0.000, 5.500, 1.500] (overrides waypoint_x/y/z params)
[autopilot_sv_cbf_rate_node-3] [INFO] [1788156660.410034878] [uav_0.autopilot_sv_cbf_rate_node]: goal_waypoint received: [0.000, 5.500, 1.500] (overrides waypoint_x/y/z params)
[autopilot_sv_cbf_rate_node-3] [INFO] [1788156660.510120857] [uav_0.autopilot_sv_cbf_rate_node]: goal_waypoint received: [0.000, 5.500, 1.500] (overrides waypoint_x/y/z params)
[autopilot_sv_cbf_rate_node-3] [INFO] [1788156660.610038639] [uav_0.autopilot_sv_cbf_rate_node]: goal_waypoint received: [0.000, 5.500, 1.500] (overrides waypoint_x/y/z params)
[autopilot_sv_cbf_rate_node-3] [INFO] [1788156660.710056719] [uav_0.autopilot_sv_cbf_rate_node]: goal_waypoint received: [0.000, 5.500, 1.500] (overrides waypoint_x/y/z params)
[autopilot_sv_cbf_rate_node-3] [INFO] [1788156660.810051000] [uav_0.autopilot_sv_cbf_rate_node]: goal_waypoint received: [0.000, 5.500, 1.500] (overrides waypoint_x/y/z params)
[autopilot_sv_cbf_rate_node-3] [INFO] [1788156660.910076089] [uav_0.autopilot_sv_cbf_rate_node]: goal_waypoint received: [0.000, 5.500, 1.500] (overrides waypoint_x/y/z params)
[autopilot_sv_cbf_rate_node-3] [INFO] [1788156661.010109200] [uav_0.autopilot_sv_cbf_rate_node]: goal_waypoint received: [0.000, 5.500, 1.500] (overrides waypoint_x/y/z params)
[autopilot_sv_cbf_rate_node-3] [INFO] [1788156661.067240010] [uav_0.autopilot_sv_cbf_rate_node]: pos=[0.04 5.67 1.43]  T=22.928N  omega=[-0.020 0.009 0.000]  certified=3 uncertified=0  delta=0.0000  gamma=7.132(PENN)  feasible=1
[autopilot_sv_cbf_rate_node-3] [INFO] [1788156661.110088418] [uav_0.autopilot_sv_cbf_rate_node]: goal_waypoint received: [0.000, 5.500, 1.500] (overrides waypoint_x/y/z params)
[autopilot_sv_cbf_rate_node-3] [INFO] [1788156661.210355532] [uav_0.autopilot_sv_cbf_rate_node]: goal_waypoint received: [0.000, 5.500, 1.500] (overrides waypoint_x/y/z params)
[autopilot_sv_cbf_rate_node-3] [INFO] [1788156661.310141053] [uav_0.autopilot_sv_cbf_rate_node]: goal_waypoint received: [0.000, 5.500, 1.500] (overrides waypoint_x/y/z params)
[autopilot_sv_cbf_rate_node-3] [INFO] [1788156661.410171171] [uav_0.autopilot_sv_cbf_rate_node]: goal_waypoint received: [0.000, 5.500, 1.500] (overrides waypoint_x/y/z params)
[autopilot_sv_cbf_rate_node-3] [INFO] [1788156661.510165589] [uav_0.autopilot_sv_cbf_rate_node]: goal_waypoint received: [0.000, 5.500, 1.500] (overrides waypoint_x/y/z params)
[autopilot_sv_cbf_rate_node-3] [INFO] [1788156661.610029409] [uav_0.autopilot_sv_cbf_rate_node]: goal_waypoint received: [0.000, 5.500, 1.500] (overrides waypoint_x/y/z params)
[autopilot_sv_cbf_rate_node-3] [INFO] [1788156661.710100026] [uav_0.autopilot_sv_cbf_rate_node]: goal_waypoint received: [0.000, 5.500, 1.500] (overrides waypoint_x/y/z params)
[autopilot_sv_cbf_rate_node-3] [INFO] [1788156661.810075444] [uav_0.autopilot_sv_cbf_rate_node]: goal_waypoint received: [0.000, 5.500, 1.500] (overrides waypoint_x/y/z params)
[autopilot_sv_cbf_rate_node-3] [INFO] [1788156661.910072962] [uav_0.autopilot_sv_cbf_rate_node]: goal_waypoint received: [0.000, 5.500, 1.500] (overrides waypoint_x/y/z params)
[autopilot_sv_cbf_rate_node-3] [INFO] [1788156662.010096480] [uav_0.autopilot_sv_cbf_rate_node]: goal_waypoint received: [0.000, 5.500, 1.500] (overrides waypoint_x/y/z params)
[autopilot_sv_cbf_rate_node-3] [INFO] [1788156662.067127296] [uav_0.autopilot_sv_cbf_rate_node]: pos=[0.03 5.67 1.44]  T=22.962N  omega=[0.007 0.008 0.000]  certified=3 uncertified=0  delta=0.0000  gamma=7.132(PENN)  feasible=1
[autopilot_sv_cbf_rate_node-3] [INFO] [1788156662.110071506] [uav_0.autopilot_sv_cbf_rate_node]: goal_waypoint received: [0.000, 5.500, 1.500] (overrides waypoint_x/y/z params)
[autopilot_sv_cbf_rate_node-3] [INFO] [1788156662.210279628] [uav_0.autopilot_sv_cbf_rate_node]: goal_waypoint received: [0.000, 5.500, 1.500] (overrides waypoint_x/y/z params)
[autopilot_sv_cbf_rate_node-3] [INFO] [1788156662.310093956] [uav_0.autopilot_sv_cbf_rate_node]: goal_waypoint received: [0.000, 5.500, 1.500] (overrides waypoint_x/y/z params)
[autopilot_sv_cbf_rate_node-3] [INFO] [1788156662.410104881] [uav_0.autopilot_sv_cbf_rate_node]: goal_waypoint received: [0.000, 5.500, 1.500] (overrides waypoint_x/y/z params)
[autopilot_sv_cbf_rate_node-3] [INFO] [1788156662.510093106] [uav_0.autopilot_sv_cbf_rate_node]: goal_waypoint received: [0.000, 5.500, 1.500] (overrides waypoint_x/y/z params)
[autopilot_sv_cbf_rate_node-3] [INFO] [1788156662.610108231] [uav_0.autopilot_sv_cbf_rate_node]: goal_waypoint received: [0.000, 5.500, 1.500] (overrides waypoint_x/y/z params)
[autopilot_sv_cbf_rate_node-3] [INFO] [1788156662.710192655] [uav_0.autopilot_sv_cbf_rate_node]: goal_waypoint received: [0.000, 5.500, 1.500] (overrides waypoint_x/y/z params)
[autopilot_sv_cbf_rate_node-3] [INFO] [1788156662.810045582] [uav_0.autopilot_sv_cbf_rate_node]: goal_waypoint received: [0.000, 5.500, 1.500] (overrides waypoint_x/y/z params)
[autopilot_sv_cbf_rate_node-3] [INFO] [1788156662.910030507] [uav_0.autopilot_sv_cbf_rate_node]: goal_waypoint received: [0.000, 5.500, 1.500] (overrides waypoint_x/y/z params)
[autopilot_sv_cbf_rate_node-3] [INFO] [1788156663.010113831] [uav_0.autopilot_sv_cbf_rate_node]: goal_waypoint received: [0.000, 5.500, 1.500] (overrides waypoint_x/y/z params)
[autopilot_sv_cbf_rate_node-3] [INFO] [1788156663.067096352] [uav_0.autopilot_sv_cbf_rate_node]: pos=[0.03 5.66 1.44]  T=22.999N  omega=[0.001 -0.001 0.000]  certified=3 uncertified=0  delta=0.0000  gamma=4.763(PENN)  feasible=1
[autopilot_sv_cbf_rate_node-3] [INFO] [1788156663.110039364] [uav_0.autopilot_sv_cbf_rate_node]: goal_waypoint received: [0.000, 5.500, 1.500] (overrides waypoint_x/y/z params)
[autopilot_sv_cbf_rate_node-3] [INFO] [1788156663.210059096] [uav_0.autopilot_sv_cbf_rate_node]: goal_waypoint received: [0.000, 5.500, 1.500] (overrides waypoint_x/y/z params)
[autopilot_sv_cbf_rate_node-3] [INFO] [1788156663.310112328] [uav_0.autopilot_sv_cbf_rate_node]: goal_waypoint received: [0.000, 5.500, 1.500] (overrides waypoint_x/y/z params)
[autopilot_sv_cbf_rate_node-3] [INFO] [1788156663.410223558] [uav_0.autopilot_sv_cbf_rate_node]: goal_waypoint received: [0.000, 5.500, 1.500] (overrides waypoint_x/y/z params)
[autopilot_sv_cbf_rate_node-3] [INFO] [1788156663.510166991] [uav_0.autopilot_sv_cbf_rate_node]: goal_waypoint received: [0.000, 5.500, 1.500] (overrides waypoint_x/y/z params)
[autopilot_sv_cbf_rate_node-3] [INFO] [1788156663.610131124] [uav_0.autopilot_sv_cbf_rate_node]: goal_waypoint received: [0.000, 5.500, 1.500] (overrides waypoint_x/y/z params)
[autopilot_sv_cbf_rate_node-3] [INFO] [1788156663.710241054] [uav_0.autopilot_sv_cbf_rate_node]: goal_waypoint received: [0.000, 5.500, 1.500] (overrides waypoint_x/y/z params)
[autopilot_sv_cbf_rate_node-3] [INFO] [1788156663.810118288] [uav_0.autopilot_sv_cbf_rate_node]: goal_waypoint received: [0.000, 5.500, 1.500] (overrides waypoint_x/y/z params)
[autopilot_sv_cbf_rate_node-3] [INFO] [1788156663.910161820] [uav_0.autopilot_sv_cbf_rate_node]: goal_waypoint received: [0.000, 5.500, 1.500] (overrides waypoint_x/y/z params)
[autopilot_sv_cbf_rate_node-3] [INFO] [1788156664.010054153] [uav_0.autopilot_sv_cbf_rate_node]: goal_waypoint received: [0.000, 5.500, 1.500] (overrides waypoint_x/y/z params)
[autopilot_sv_cbf_rate_node-3] [INFO] [1788156664.067162176] [uav_0.autopilot_sv_cbf_rate_node]: pos=[0.03 5.64 1.44]  T=22.972N  omega=[-0.005 0.008 0.000]  certified=3 uncertified=0  delta=0.0000  gamma=7.526(PENN)  feasible=1
[autopilot_sv_cbf_rate_node-3] [INFO] [1788156664.110057192] [uav_0.autopilot_sv_cbf_rate_node]: goal_waypoint received: [0.000, 5.500, 1.500] (overrides waypoint_x/y/z params)
[autopilot_sv_cbf_rate_node-3] [INFO] [1788156664.210279229] [uav_0.autopilot_sv_cbf_rate_node]: goal_waypoint received: [0.000, 5.500, 1.500] (overrides waypoint_x/y/z params)
[autopilot_sv_cbf_rate_node-3] [INFO] [1788156664.310051171] [uav_0.autopilot_sv_cbf_rate_node]: goal_waypoint received: [0.000, 5.500, 1.500] (overrides waypoint_x/y/z params)
[autopilot_sv_cbf_rate_node-3] [INFO] [1788156664.410067610] [uav_0.autopilot_sv_cbf_rate_node]: goal_waypoint received: [0.000, 5.500, 1.500] (overrides waypoint_x/y/z params)
[autopilot_sv_cbf_rate_node-3] [INFO] [1788156664.510241746] [uav_0.autopilot_sv_cbf_rate_node]: goal_waypoint received: [0.000, 5.500, 1.500] (overrides waypoint_x/y/z params)
[autopilot_sv_cbf_rate_node-3] [INFO] [1788156664.610092588] [uav_0.autopilot_sv_cbf_rate_node]: goal_waypoint received: [0.000, 5.500, 1.500] (overrides waypoint_x/y/z params)
[autopilot_sv_cbf_rate_node-3] [INFO] [1788156664.710038427] [uav_0.autopilot_sv_cbf_rate_node]: goal_waypoint received: [0.000, 5.500, 1.500] (overrides waypoint_x/y/z params)
[autopilot_sv_cbf_rate_node-3] [INFO] [1788156664.810054243] [uav_0.autopilot_sv_cbf_rate_node]: goal_waypoint received: [0.000, 5.500, 1.500] (overrides waypoint_x/y/z params)
[autopilot_sv_cbf_rate_node-3] [INFO] [1788156664.912327662] [uav_0.autopilot_sv_cbf_rate_node]: goal_waypoint received: [0.000, 5.500, 1.500] (overrides waypoint_x/y/z params)
[autopilot_sv_cbf_rate_node-3] [INFO] [1788156665.010044024] [uav_0.autopilot_sv_cbf_rate_node]: goal_waypoint received: [0.000, 5.500, 1.500] (overrides waypoint_x/y/z params)
[autopilot_sv_cbf_rate_node-3] [INFO] [1788156665.067128480] [uav_0.autopilot_sv_cbf_rate_node]: pos=[0.02 5.63 1.43]  T=23.024N  omega=[0.001 0.011 0.000]  certified=3 uncertified=0  delta=0.0000  gamma=7.526(PENN)  feasible=1
[autopilot_sv_cbf_rate_node-3] [INFO] [1788156665.110094371] [uav_0.autopilot_sv_cbf_rate_node]: goal_waypoint received: [0.000, 5.500, 1.500] (overrides waypoint_x/y/z params)
[autopilot_sv_cbf_rate_node-3] [INFO] [1788156665.210040118] [uav_0.autopilot_sv_cbf_rate_node]: goal_waypoint received: [0.000, 5.500, 1.500] (overrides waypoint_x/y/z params)
[autopilot_sv_cbf_rate_node-3] [INFO] [1788156665.310107265] [uav_0.autopilot_sv_cbf_rate_node]: goal_waypoint received: [0.000, 5.500, 1.500] (overrides waypoint_x/y/z params)
[autopilot_sv_cbf_rate_node-3] [INFO] [1788156665.410051512] [uav_0.autopilot_sv_cbf_rate_node]: goal_waypoint received: [0.000, 5.500, 1.500] (overrides waypoint_x/y/z params)
[autopilot_sv_cbf_rate_node-3] [INFO] [1788156665.510061059] [uav_0.autopilot_sv_cbf_rate_node]: goal_waypoint received: [0.000, 5.500, 1.500] (overrides waypoint_x/y/z params)
[autopilot_sv_cbf_rate_node-3] [INFO] [1788156665.610089206] [uav_0.autopilot_sv_cbf_rate_node]: goal_waypoint received: [0.000, 5.500, 1.500] (overrides waypoint_x/y/z params)
[autopilot_sv_cbf_rate_node-3] [INFO] [1788156665.710092053] [uav_0.autopilot_sv_cbf_rate_node]: goal_waypoint received: [0.000, 5.500, 1.500] (overrides waypoint_x/y/z params)
[autopilot_sv_cbf_rate_node-3] [INFO] [1788156665.810111100] [uav_0.autopilot_sv_cbf_rate_node]: goal_waypoint received: [0.000, 5.500, 1.500] (overrides waypoint_x/y/z params)
[autopilot_sv_cbf_rate_node-3] [INFO] [1788156665.910187246] [uav_0.autopilot_sv_cbf_rate_node]: goal_waypoint received: [0.000, 5.500, 1.500] (overrides waypoint_x/y/z params)
[autopilot_sv_cbf_rate_node-3] [INFO] [1788156666.010152394] [uav_0.autopilot_sv_cbf_rate_node]: goal_waypoint received: [0.000, 5.500, 1.500] (overrides waypoint_x/y/z params)
[autopilot_sv_cbf_rate_node-3] [INFO] [1788156666.066965556] [uav_0.autopilot_sv_cbf_rate_node]: pos=[-0.00 5.65 1.44]  T=22.985N  omega=[-0.017 -0.003 0.000]  certified=3 uncertified=0  delta=0.0000  gamma=7.526(PENN)  feasible=1
[autopilot_sv_cbf_rate_node-3] [INFO] [1788156666.110193948] [uav_0.autopilot_sv_cbf_rate_node]: goal_waypoint received: [0.000, 5.500, 1.500] (overrides waypoint_x/y/z params)
[autopilot_sv_cbf_rate_node-3] [INFO] [1788156666.210115102] [uav_0.autopilot_sv_cbf_rate_node]: goal_waypoint received: [0.000, 5.500, 1.500] (overrides waypoint_x/y/z params)
[autopilot_sv_cbf_rate_node-3] [INFO] [1788156666.310214055] [uav_0.autopilot_sv_cbf_rate_node]: goal_waypoint received: [0.000, 5.500, 1.500] (overrides waypoint_x/y/z params)
[autopilot_sv_cbf_rate_node-3] [INFO] [1788156666.410305209] [uav_0.autopilot_sv_cbf_rate_node]: goal_waypoint received: [0.000, 5.500, 1.500] (overrides waypoint_x/y/z params)
[autopilot_sv_cbf_rate_node-3] [INFO] [1788156666.510118765] [uav_0.autopilot_sv_cbf_rate_node]: goal_waypoint received: [0.000, 5.500, 1.500] (overrides waypoint_x/y/z params)
[autopilot_sv_cbf_rate_node-3] [INFO] [1788156666.610217218] [uav_0.autopilot_sv_cbf_rate_node]: goal_waypoint received: [0.000, 5.500, 1.500] (overrides waypoint_x/y/z params)
[autopilot_sv_cbf_rate_node-3] [INFO] [1788156666.710038473] [uav_0.autopilot_sv_cbf_rate_node]: goal_waypoint received: [0.000, 5.500, 1.500] (overrides waypoint_x/y/z params)
[autopilot_sv_cbf_rate_node-3] [INFO] [1788156666.810260925] [uav_0.autopilot_sv_cbf_rate_node]: goal_waypoint received: [0.000, 5.500, 1.500] (overrides waypoint_x/y/z params)
[autopilot_sv_cbf_rate_node-3] [INFO] [1788156666.910100681] [uav_0.autopilot_sv_cbf_rate_node]: goal_waypoint received: [0.000, 5.500, 1.500] (overrides waypoint_x/y/z params)
[autopilot_sv_cbf_rate_node-3] [INFO] [1788156667.010163835] [uav_0.autopilot_sv_cbf_rate_node]: goal_waypoint received: [0.000, 5.500, 1.500] (overrides waypoint_x/y/z params)
[autopilot_sv_cbf_rate_node-3] [INFO] [1788156667.067068700] [uav_0.autopilot_sv_cbf_rate_node]: pos=[0.02 5.65 1.44]  T=23.018N  omega=[0.008 0.014 0.000]  certified=3 uncertified=0  delta=0.0000  gamma=7.132(PENN)  feasible=1
[autopilot_sv_cbf_rate_node-3] [INFO] [1788156667.110087096] [uav_0.autopilot_sv_cbf_rate_node]: goal_waypoint received: [0.000, 5.500, 1.500] (overrides waypoint_x/y/z params)
[autopilot_sv_cbf_rate_node-3] [INFO] [1788156667.210061758] [uav_0.autopilot_sv_cbf_rate_node]: goal_waypoint received: [0.000, 5.500, 1.500] (overrides waypoint_x/y/z params)
[autopilot_sv_cbf_rate_node-3] [INFO] [1788156667.310048719] [uav_0.autopilot_sv_cbf_rate_node]: goal_waypoint received: [0.000, 5.500, 1.500] (overrides waypoint_x/y/z params)
[autopilot_sv_cbf_rate_node-3] [INFO] [1788156667.410056380] [uav_0.autopilot_sv_cbf_rate_node]: goal_waypoint received: [0.000, 5.500, 1.500] (overrides waypoint_x/y/z params)
[autopilot_sv_cbf_rate_node-3] [INFO] [1788156667.510062241] [uav_0.autopilot_sv_cbf_rate_node]: goal_waypoint received: [0.000, 5.500, 1.500] (overrides waypoint_x/y/z params)
[autopilot_sv_cbf_rate_node-3] [INFO] [1788156667.610073902] [uav_0.autopilot_sv_cbf_rate_node]: goal_waypoint received: [0.000, 5.500, 1.500] (overrides waypoint_x/y/z params)
[autopilot_sv_cbf_rate_node-3] [INFO] [1788156667.710080763] [uav_0.autopilot_sv_cbf_rate_node]: goal_waypoint received: [0.000, 5.500, 1.500] (overrides waypoint_x/y/z params)
[autopilot_sv_cbf_rate_node-3] [INFO] [1788156667.810050624] [uav_0.autopilot_sv_cbf_rate_node]: goal_waypoint received: [0.000, 5.500, 1.500] (overrides waypoint_x/y/z params)
[autopilot_sv_cbf_rate_node-3] [INFO] [1788156667.910017985] [uav_0.autopilot_sv_cbf_rate_node]: goal_waypoint received: [0.000, 5.500, 1.500] (overrides waypoint_x/y/z params)
[autopilot_sv_cbf_rate_node-3] [INFO] [1788156668.010065246] [uav_0.autopilot_sv_cbf_rate_node]: goal_waypoint received: [0.000, 5.500, 1.500] (overrides waypoint_x/y/z params)
[autopilot_sv_cbf_rate_node-3] [INFO] [1788156668.067213014] [uav_0.autopilot_sv_cbf_rate_node]: pos=[0.00 5.63 1.45]  T=22.937N  omega=[0.013 -0.014 0.000]  certified=3 uncertified=0  delta=0.0000  gamma=7.921(PENN)  feasible=1
[autopilot_sv_cbf_rate_node-3] [INFO] [1788156668.110045314] [uav_0.autopilot_sv_cbf_rate_node]: goal_waypoint received: [0.000, 5.500, 1.500] (overrides waypoint_x/y/z params)
[autopilot_sv_cbf_rate_node-3] [INFO] [1788156668.210098782] [uav_0.autopilot_sv_cbf_rate_node]: goal_waypoint received: [0.000, 5.500, 1.500] (overrides waypoint_x/y/z params)
[autopilot_sv_cbf_rate_node-3] [INFO] [1788156668.310339748] [uav_0.autopilot_sv_cbf_rate_node]: goal_waypoint received: [0.000, 5.500, 1.500] (overrides waypoint_x/y/z params)
[autopilot_sv_cbf_rate_node-3] [INFO] [1788156668.410262016] [uav_0.autopilot_sv_cbf_rate_node]: goal_waypoint received: [0.000, 5.500, 1.500] (overrides waypoint_x/y/z params)
[autopilot_sv_cbf_rate_node-3] [INFO] [1788156668.510059086] [uav_0.autopilot_sv_cbf_rate_node]: goal_waypoint received: [0.000, 5.500, 1.500] (overrides waypoint_x/y/z params)
[autopilot_sv_cbf_rate_node-3] [INFO] [1788156668.610167653] [uav_0.autopilot_sv_cbf_rate_node]: goal_waypoint received: [0.000, 5.500, 1.500] (overrides waypoint_x/y/z params)
[autopilot_sv_cbf_rate_node-3] [INFO] [1788156668.710129422] [uav_0.autopilot_sv_cbf_rate_node]: goal_waypoint received: [0.000, 5.500, 1.500] (overrides waypoint_x/y/z params)
[autopilot_sv_cbf_rate_node-3] [INFO] [1788156668.810033790] [uav_0.autopilot_sv_cbf_rate_node]: goal_waypoint received: [0.000, 5.500, 1.500] (overrides waypoint_x/y/z params)
[autopilot_sv_cbf_rate_node-3] [INFO] [1788156668.910103507] [uav_0.autopilot_sv_cbf_rate_node]: goal_waypoint received: [0.000, 5.500, 1.500] (overrides waypoint_x/y/z params)
[autopilot_sv_cbf_rate_node-3] [INFO] [1788156669.010272223] [uav_0.autopilot_sv_cbf_rate_node]: goal_waypoint received: [0.000, 5.500, 1.500] (overrides waypoint_x/y/z params)
[autopilot_sv_cbf_rate_node-3] [INFO] [1788156669.066946887] [uav_0.autopilot_sv_cbf_rate_node]: pos=[0.02 5.63 1.45]  T=23.052N  omega=[0.008 0.006 0.000]  certified=3 uncertified=0  delta=0.0000  gamma=7.921(PENN)  feasible=1
[autopilot_sv_cbf_rate_node-3] [INFO] [1788156669.110109651] [uav_0.autopilot_sv_cbf_rate_node]: goal_waypoint received: [0.000, 5.500, 1.500] (overrides waypoint_x/y/z params)
[autopilot_sv_cbf_rate_node-3] [INFO] [1788156669.210040877] [uav_0.autopilot_sv_cbf_rate_node]: goal_waypoint received: [0.000, 5.500, 1.500] (overrides waypoint_x/y/z params)
[autopilot_sv_cbf_rate_node-3] [INFO] [1788156669.310077502] [uav_0.autopilot_sv_cbf_rate_node]: goal_waypoint received: [0.000, 5.500, 1.500] (overrides waypoint_x/y/z params)
[autopilot_sv_cbf_rate_node-3] [INFO] [1788156669.410051328] [uav_0.autopilot_sv_cbf_rate_node]: goal_waypoint received: [0.000, 5.500, 1.500] (overrides waypoint_x/y/z params)
[autopilot_sv_cbf_rate_node-3] [INFO] [1788156669.510125952] [uav_0.autopilot_sv_cbf_rate_node]: goal_waypoint received: [0.000, 5.500, 1.500] (overrides waypoint_x/y/z params)
[autopilot_sv_cbf_rate_node-3] [INFO] [1788156669.610040878] [uav_0.autopilot_sv_cbf_rate_node]: goal_waypoint received: [0.000, 5.500, 1.500] (overrides waypoint_x/y/z params)
[autopilot_sv_cbf_rate_node-3] [INFO] [1788156669.710025004] [uav_0.autopilot_sv_cbf_rate_node]: goal_waypoint received: [0.000, 5.500, 1.500] (overrides waypoint_x/y/z params)
[autopilot_sv_cbf_rate_node-3] [INFO] [1788156669.810051129] [uav_0.autopilot_sv_cbf_rate_node]: goal_waypoint received: [0.000, 5.500, 1.500] (overrides waypoint_x/y/z params)
[autopilot_sv_cbf_rate_node-3] [INFO] [1788156669.910036654] [uav_0.autopilot_sv_cbf_rate_node]: goal_waypoint received: [0.000, 5.500, 1.500] (overrides waypoint_x/y/z params)
[autopilot_sv_cbf_rate_node-3] [INFO] [1788156670.010039280] [uav_0.autopilot_sv_cbf_rate_node]: goal_waypoint received: [0.000, 5.500, 1.500] (overrides waypoint_x/y/z params)
[autopilot_sv_cbf_rate_node-3] [INFO] [1788156670.067087243] [uav_0.autopilot_sv_cbf_rate_node]: pos=[0.02 5.63 1.45]  T=23.006N  omega=[-0.004 -0.018 0.000]  certified=3 uncertified=0  delta=0.0000  gamma=8.316(PENN)  feasible=1
[autopilot_sv_cbf_rate_node-3] [INFO] [1788156670.110235109] [uav_0.autopilot_sv_cbf_rate_node]: goal_waypoint received: [0.000, 5.500, 1.500] (overrides waypoint_x/y/z params)
[autopilot_sv_cbf_rate_node-3] [INFO] [1788156670.210087044] [uav_0.autopilot_sv_cbf_rate_node]: goal_waypoint received: [0.000, 5.500, 1.500] (overrides waypoint_x/y/z params)
[autopilot_sv_cbf_rate_node-3] [INFO] [1788156670.310037277] [uav_0.autopilot_sv_cbf_rate_node]: goal_waypoint received: [0.000, 5.500, 1.500] (overrides waypoint_x/y/z params)
[autopilot_sv_cbf_rate_node-3] [INFO] [1788156670.410136207] [uav_0.autopilot_sv_cbf_rate_node]: goal_waypoint received: [0.000, 5.500, 1.500] (overrides waypoint_x/y/z params)
[autopilot_sv_cbf_rate_node-3] [INFO] [1788156670.510184839] [uav_0.autopilot_sv_cbf_rate_node]: goal_waypoint received: [0.000, 5.500, 1.500] (overrides waypoint_x/y/z params)
[autopilot_sv_cbf_rate_node-3] [INFO] [1788156670.610203171] [uav_0.autopilot_sv_cbf_rate_node]: goal_waypoint received: [0.000, 5.500, 1.500] (overrides waypoint_x/y/z params)
[autopilot_sv_cbf_rate_node-3] [INFO] [1788156670.710110005] [uav_0.autopilot_sv_cbf_rate_node]: goal_waypoint received: [0.000, 5.500, 1.500] (overrides waypoint_x/y/z params)
[autopilot_sv_cbf_rate_node-3] [INFO] [1788156670.810096537] [uav_0.autopilot_sv_cbf_rate_node]: goal_waypoint received: [0.000, 5.500, 1.500] (overrides waypoint_x/y/z params)
[autopilot_sv_cbf_rate_node-3] [INFO] [1788156670.910106869] [uav_0.autopilot_sv_cbf_rate_node]: goal_waypoint received: [0.000, 5.500, 1.500] (overrides waypoint_x/y/z params)
[autopilot_sv_cbf_rate_node-3] [INFO] [1788156671.010230500] [uav_0.autopilot_sv_cbf_rate_node]: goal_waypoint received: [0.000, 5.500, 1.500] (overrides waypoint_x/y/z params)
[autopilot_sv_cbf_rate_node-3] [INFO] [1788156671.067083569] [uav_0.autopilot_sv_cbf_rate_node]: pos=[0.03 5.61 1.46]  T=22.970N  omega=[-0.010 -0.003 0.000]  certified=3 uncertified=0  delta=0.0000  gamma=8.711(PENN)  feasible=1
[autopilot_sv_cbf_rate_node-3] [INFO] [1788156671.110209539] [uav_0.autopilot_sv_cbf_rate_node]: goal_waypoint received: [0.000, 5.500, 1.500] (overrides waypoint_x/y/z params)
[autopilot_sv_cbf_rate_node-3] [INFO] [1788156671.210022781] [uav_0.autopilot_sv_cbf_rate_node]: goal_waypoint received: [0.000, 5.500, 1.500] (overrides waypoint_x/y/z params)
[autopilot_sv_cbf_rate_node-3] [INFO] [1788156671.310044420] [uav_0.autopilot_sv_cbf_rate_node]: goal_waypoint received: [0.000, 5.500, 1.500] (overrides waypoint_x/y/z params)
[autopilot_sv_cbf_rate_node-3] [INFO] [1788156671.410254756] [uav_0.autopilot_sv_cbf_rate_node]: goal_waypoint received: [0.000, 5.500, 1.500] (overrides waypoint_x/y/z params)
[autopilot_sv_cbf_rate_node-3] [INFO] [1788156671.510065898] [uav_0.autopilot_sv_cbf_rate_node]: goal_waypoint received: [0.000, 5.500, 1.500] (overrides waypoint_x/y/z params)
[autopilot_sv_cbf_rate_node-3] [INFO] [1788156671.610055937] [uav_0.autopilot_sv_cbf_rate_node]: goal_waypoint received: [0.000, 5.500, 1.500] (overrides waypoint_x/y/z params)
[autopilot_sv_cbf_rate_node-3] [INFO] [1788156671.710054677] [uav_0.autopilot_sv_cbf_rate_node]: goal_waypoint received: [0.000, 5.500, 1.500] (overrides waypoint_x/y/z params)
[autopilot_sv_cbf_rate_node-3] [INFO] [1788156671.810033516] [uav_0.autopilot_sv_cbf_rate_node]: goal_waypoint received: [0.000, 5.500, 1.500] (overrides waypoint_x/y/z params)
[autopilot_sv_cbf_rate_node-3] [INFO] [1788156671.910074055] [uav_0.autopilot_sv_cbf_rate_node]: goal_waypoint received: [0.000, 5.500, 1.500] (overrides waypoint_x/y/z params)
[autopilot_sv_cbf_rate_node-3] [INFO] [1788156672.010040995] [uav_0.autopilot_sv_cbf_rate_node]: goal_waypoint received: [0.000, 5.500, 1.500] (overrides waypoint_x/y/z params)
[autopilot_sv_cbf_rate_node-3] [INFO] [1788156672.067186164] [uav_0.autopilot_sv_cbf_rate_node]: pos=[0.01 5.58 1.46]  T=23.046N  omega=[0.007 0.007 0.000]  certified=3 uncertified=0  delta=0.0000  gamma=8.711(PENN)  feasible=1
[autopilot_sv_cbf_rate_node-3] [INFO] [1788156672.110388836] [uav_0.autopilot_sv_cbf_rate_node]: goal_waypoint received: [0.000, 5.500, 1.500] (overrides waypoint_x/y/z params)
[autopilot_sv_cbf_rate_node-3] [INFO] [1788156672.210053687] [uav_0.autopilot_sv_cbf_rate_node]: goal_waypoint received: [0.000, 5.500, 1.500] (overrides waypoint_x/y/z params)
[autopilot_sv_cbf_rate_node-3] [INFO] [1788156672.310067532] [uav_0.autopilot_sv_cbf_rate_node]: goal_waypoint received: [0.000, 5.500, 1.500] (overrides waypoint_x/y/z params)
[autopilot_sv_cbf_rate_node-3] [INFO] [1788156672.410167877] [uav_0.autopilot_sv_cbf_rate_node]: goal_waypoint received: [0.000, 5.500, 1.500] (overrides waypoint_x/y/z params)
[autopilot_sv_cbf_rate_node-3] [INFO] [1788156672.510072225] [uav_0.autopilot_sv_cbf_rate_node]: goal_waypoint received: [0.000, 5.500, 1.500] (overrides waypoint_x/y/z params)
[autopilot_sv_cbf_rate_node-3] [INFO] [1788156672.610075471] [uav_0.autopilot_sv_cbf_rate_node]: goal_waypoint received: [0.000, 5.500, 1.500] (overrides waypoint_x/y/z params)
[autopilot_sv_cbf_rate_node-3] [INFO] [1788156672.710105816] [uav_0.autopilot_sv_cbf_rate_node]: goal_waypoint received: [0.000, 5.500, 1.500] (overrides waypoint_x/y/z params)
[autopilot_sv_cbf_rate_node-3] [INFO] [1788156672.810112262] [uav_0.autopilot_sv_cbf_rate_node]: goal_waypoint received: [0.000, 5.500, 1.500] (overrides waypoint_x/y/z params)
[autopilot_sv_cbf_rate_node-3] [INFO] [1788156672.910266209] [uav_0.autopilot_sv_cbf_rate_node]: goal_waypoint received: [0.000, 5.500, 1.500] (overrides waypoint_x/y/z params)
[autopilot_sv_cbf_rate_node-3] [INFO] [1788156673.010129346] [uav_0.autopilot_sv_cbf_rate_node]: goal_waypoint received: [0.000, 5.500, 1.500] (overrides waypoint_x/y/z params)
[autopilot_sv_cbf_rate_node-3] [INFO] [1788156673.066935602] [uav_0.autopilot_sv_cbf_rate_node]: pos=[-0.01 5.55 1.46]  T=22.974N  omega=[0.018 -0.000 0.000]  certified=3 uncertified=0  delta=0.0000  gamma=3.632(PENN)  feasible=1
[autopilot_sv_cbf_rate_node-3] [INFO] [1788156673.110096989] [uav_0.autopilot_sv_cbf_rate_node]: goal_waypoint received: [0.000, 5.500, 1.500] (overrides waypoint_x/y/z params)
[autopilot_sv_cbf_rate_node-3] [INFO] [1788156673.210136031] [uav_0.autopilot_sv_cbf_rate_node]: goal_waypoint received: [0.000, 5.500, 1.500] (overrides waypoint_x/y/z params)
[autopilot_sv_cbf_rate_node-3] [INFO] [1788156673.310064774] [uav_0.autopilot_sv_cbf_rate_node]: goal_waypoint received: [0.000, 5.500, 1.500] (overrides waypoint_x/y/z params)
[autopilot_sv_cbf_rate_node-3] [INFO] [1788156673.410124316] [uav_0.autopilot_sv_cbf_rate_node]: goal_waypoint received: [0.000, 5.500, 1.500] (overrides waypoint_x/y/z params)
[autopilot_sv_cbf_rate_node-3] [INFO] [1788156673.510140958] [uav_0.autopilot_sv_cbf_rate_node]: goal_waypoint received: [0.000, 5.500, 1.500] (overrides waypoint_x/y/z params)
[autopilot_sv_cbf_rate_node-3] [INFO] [1788156673.610042401] [uav_0.autopilot_sv_cbf_rate_node]: goal_waypoint received: [0.000, 5.500, 1.500] (overrides waypoint_x/y/z params)
[autopilot_sv_cbf_rate_node-3] [INFO] [1788156673.710045844] [uav_0.autopilot_sv_cbf_rate_node]: goal_waypoint received: [0.000, 5.500, 1.500] (overrides waypoint_x/y/z params)
[autopilot_sv_cbf_rate_node-3] [INFO] [1788156673.810044086] [uav_0.autopilot_sv_cbf_rate_node]: goal_waypoint received: [0.000, 5.500, 1.500] (overrides waypoint_x/y/z params)
[autopilot_sv_cbf_rate_node-3] [INFO] [1788156673.910126128] [uav_0.autopilot_sv_cbf_rate_node]: goal_waypoint received: [0.000, 5.500, 1.500] (overrides waypoint_x/y/z params)
[autopilot_sv_cbf_rate_node-3] [INFO] [1788156674.010088771] [uav_0.autopilot_sv_cbf_rate_node]: goal_waypoint received: [0.000, 5.500, 1.500] (overrides waypoint_x/y/z params)
[autopilot_sv_cbf_rate_node-3] [INFO] [1788156674.066942730] [uav_0.autopilot_sv_cbf_rate_node]: pos=[-0.02 5.56 1.47]  T=22.988N  omega=[0.008 0.015 0.000]  certified=3 uncertified=0  delta=0.0000  gamma=2.000(PENN)  feasible=1
[autopilot_sv_cbf_rate_node-3] [INFO] [1788156674.110036820] [uav_0.autopilot_sv_cbf_rate_node]: goal_waypoint received: [0.000, 5.500, 1.500] (overrides waypoint_x/y/z params)
[autopilot_sv_cbf_rate_node-3] [INFO] [1788156674.210039570] [uav_0.autopilot_sv_cbf_rate_node]: goal_waypoint received: [0.000, 5.500, 1.500] (overrides waypoint_x/y/z params)
[autopilot_sv_cbf_rate_node-3] [INFO] [1788156674.310034719] [uav_0.autopilot_sv_cbf_rate_node]: goal_waypoint received: [0.000, 5.500, 1.500] (overrides waypoint_x/y/z params)
[autopilot_sv_cbf_rate_node-3] [INFO] [1788156674.410195667] [uav_0.autopilot_sv_cbf_rate_node]: goal_waypoint received: [0.000, 5.500, 1.500] (overrides waypoint_x/y/z params)
[autopilot_sv_cbf_rate_node-3] [INFO] [1788156674.510161216] [uav_0.autopilot_sv_cbf_rate_node]: goal_waypoint received: [0.000, 5.500, 1.500] (overrides waypoint_x/y/z params)
[autopilot_sv_cbf_rate_node-3] [INFO] [1788156674.610035867] [uav_0.autopilot_sv_cbf_rate_node]: goal_waypoint received: [0.000, 5.500, 1.500] (overrides waypoint_x/y/z params)
[autopilot_sv_cbf_rate_node-3] [INFO] [1788156674.710035816] [uav_0.autopilot_sv_cbf_rate_node]: goal_waypoint received: [0.000, 5.500, 1.500] (overrides waypoint_x/y/z params)
[autopilot_sv_cbf_rate_node-3] [INFO] [1788156674.810074065] [uav_0.autopilot_sv_cbf_rate_node]: goal_waypoint received: [0.000, 5.500, 1.500] (overrides waypoint_x/y/z params)
[autopilot_sv_cbf_rate_node-3] [INFO] [1788156674.910038614] [uav_0.autopilot_sv_cbf_rate_node]: goal_waypoint received: [0.000, 5.500, 1.500] (overrides waypoint_x/y/z params)
[autopilot_sv_cbf_rate_node-3] [INFO] [1788156675.010239762] [uav_0.autopilot_sv_cbf_rate_node]: goal_waypoint received: [0.000, 5.500, 1.500] (overrides waypoint_x/y/z params)
[autopilot_sv_cbf_rate_node-3] [INFO] [1788156675.066907527] [uav_0.autopilot_sv_cbf_rate_node]: pos=[-0.03 5.55 1.47]  T=23.018N  omega=[0.011 -0.012 0.000]  certified=3 uncertified=0  delta=0.0000  gamma=2.000(PENN)  feasible=1
[autopilot_sv_cbf_rate_node-3] [INFO] [1788156675.110181719] [uav_0.autopilot_sv_cbf_rate_node]: goal_waypoint received: [0.000, 5.500, 1.500] (overrides waypoint_x/y/z params)
[autopilot_sv_cbf_rate_node-3] [INFO] [1788156675.210329473] [uav_0.autopilot_sv_cbf_rate_node]: goal_waypoint received: [0.000, 5.500, 1.500] (overrides waypoint_x/y/z params)
[autopilot_sv_cbf_rate_node-3] [INFO] [1788156675.310151731] [uav_0.autopilot_sv_cbf_rate_node]: goal_waypoint received: [0.000, 5.500, 1.500] (overrides waypoint_x/y/z params)
[autopilot_sv_cbf_rate_node-3] [INFO] [1788156675.410445285] [uav_0.autopilot_sv_cbf_rate_node]: goal_waypoint received: [0.000, 5.500, 1.500] (overrides waypoint_x/y/z params)
[autopilot_sv_cbf_rate_node-3] [INFO] [1788156675.510193743] [uav_0.autopilot_sv_cbf_rate_node]: goal_waypoint received: [0.000, 5.500, 1.500] (overrides waypoint_x/y/z params)
[autopilot_sv_cbf_rate_node-3] [INFO] [1788156675.610090400] [uav_0.autopilot_sv_cbf_rate_node]: goal_waypoint received: [0.000, 5.500, 1.500] (overrides waypoint_x/y/z params)
[autopilot_sv_cbf_rate_node-3] [INFO] [1788156675.710037457] [uav_0.autopilot_sv_cbf_rate_node]: goal_waypoint received: [0.000, 5.500, 1.500] (overrides waypoint_x/y/z params)
[autopilot_sv_cbf_rate_node-3] [INFO] [1788156675.810057113] [uav_0.autopilot_sv_cbf_rate_node]: goal_waypoint received: [0.000, 5.500, 1.500] (overrides waypoint_x/y/z params)
[autopilot_sv_cbf_rate_node-3] [INFO] [1788156675.910045769] [uav_0.autopilot_sv_cbf_rate_node]: goal_waypoint received: [0.000, 5.500, 1.500] (overrides waypoint_x/y/z params)
[autopilot_sv_cbf_rate_node-3] [INFO] [1788156676.010103025] [uav_0.autopilot_sv_cbf_rate_node]: goal_waypoint received: [0.000, 5.500, 1.500] (overrides waypoint_x/y/z params)
[autopilot_sv_cbf_rate_node-3] [INFO] [1788156676.067010692] [uav_0.autopilot_sv_cbf_rate_node]: pos=[-0.01 5.55 1.49]  T=22.944N  omega=[-0.002 0.009 0.000]  certified=3 uncertified=0  delta=0.0000  gamma=2.000(PENN)  feasible=1
[autopilot_sv_cbf_rate_node-3] [INFO] [1788156676.110038489] [uav_0.autopilot_sv_cbf_rate_node]: goal_waypoint received: [0.000, 5.500, 1.500] (overrides waypoint_x/y/z params)
[autopilot_sv_cbf_rate_node-3] [INFO] [1788156676.210081951] [uav_0.autopilot_sv_cbf_rate_node]: goal_waypoint received: [0.000, 5.500, 1.500] (overrides waypoint_x/y/z params)
[autopilot_sv_cbf_rate_node-3] [INFO] [1788156676.310051414] [uav_0.autopilot_sv_cbf_rate_node]: goal_waypoint received: [0.000, 5.500, 1.500] (overrides waypoint_x/y/z params)
[autopilot_sv_cbf_rate_node-3] [INFO] [1788156676.410036778] [uav_0.autopilot_sv_cbf_rate_node]: goal_waypoint received: [0.000, 5.500, 1.500] (overrides waypoint_x/y/z params)
[autopilot_sv_cbf_rate_node-3] [INFO] [1788156676.510238639] [uav_0.autopilot_sv_cbf_rate_node]: goal_waypoint received: [0.000, 5.500, 1.500] (overrides waypoint_x/y/z params)
[autopilot_sv_cbf_rate_node-3] [INFO] [1788156676.610058403] [uav_0.autopilot_sv_cbf_rate_node]: goal_waypoint received: [0.000, 5.500, 1.500] (overrides waypoint_x/y/z params)
[autopilot_sv_cbf_rate_node-3] [INFO] [1788156676.710121166] [uav_0.autopilot_sv_cbf_rate_node]: goal_waypoint received: [0.000, 5.500, 1.500] (overrides waypoint_x/y/z params)
[autopilot_sv_cbf_rate_node-3] [INFO] [1788156676.810043029] [uav_0.autopilot_sv_cbf_rate_node]: goal_waypoint received: [0.000, 5.500, 1.500] (overrides waypoint_x/y/z params)
[autopilot_sv_cbf_rate_node-3] [INFO] [1788156676.910078292] [uav_0.autopilot_sv_cbf_rate_node]: goal_waypoint received: [0.000, 5.500, 1.500] (overrides waypoint_x/y/z params)
[autopilot_sv_cbf_rate_node-3] [INFO] [1788156677.010032155] [uav_0.autopilot_sv_cbf_rate_node]: goal_waypoint received: [0.000, 5.500, 1.500] (overrides waypoint_x/y/z params)
[autopilot_sv_cbf_rate_node-3] [INFO] [1788156677.066956311] [uav_0.autopilot_sv_cbf_rate_node]: pos=[-0.00 5.55 1.49]  T=22.981N  omega=[0.000 0.012 0.000]  certified=3 uncertified=0  delta=0.0000  gamma=6.737(PENN)  feasible=1
[autopilot_sv_cbf_rate_node-3] [INFO] [1788156677.110071623] [uav_0.autopilot_sv_cbf_rate_node]: goal_waypoint received: [0.000, 5.500, 1.500] (overrides waypoint_x/y/z params)
[autopilot_sv_cbf_rate_node-3] [INFO] [1788156677.210114690] [uav_0.autopilot_sv_cbf_rate_node]: goal_waypoint received: [0.000, 5.500, 1.500] (overrides waypoint_x/y/z params)
[autopilot_sv_cbf_rate_node-3] [INFO] [1788156677.310269256] [uav_0.autopilot_sv_cbf_rate_node]: goal_waypoint received: [0.000, 5.500, 1.500] (overrides waypoint_x/y/z params)
[autopilot_sv_cbf_rate_node-3] [INFO] [1788156677.410306424] [uav_0.autopilot_sv_cbf_rate_node]: goal_waypoint received: [0.000, 5.500, 1.500] (overrides waypoint_x/y/z params)
[autopilot_sv_cbf_rate_node-3] [INFO] [1788156677.510167493] [uav_0.autopilot_sv_cbf_rate_node]: goal_waypoint received: [0.000, 5.500, 1.500] (overrides waypoint_x/y/z params)
[autopilot_sv_cbf_rate_node-3] [INFO] [1788156677.610161261] [uav_0.autopilot_sv_cbf_rate_node]: goal_waypoint received: [0.000, 5.500, 1.500] (overrides waypoint_x/y/z params)
[autopilot_sv_cbf_rate_node-3] [INFO] [1788156677.710119229] [uav_0.autopilot_sv_cbf_rate_node]: goal_waypoint received: [0.000, 5.500, 1.500] (overrides waypoint_x/y/z params)
[autopilot_sv_cbf_rate_node-3] [INFO] [1788156677.810138397] [uav_0.autopilot_sv_cbf_rate_node]: goal_waypoint received: [0.000, 5.500, 1.500] (overrides waypoint_x/y/z params)
[autopilot_sv_cbf_rate_node-3] [INFO] [1788156677.910193364] [uav_0.autopilot_sv_cbf_rate_node]: goal_waypoint received: [0.000, 5.500, 1.500] (overrides waypoint_x/y/z params)
[autopilot_sv_cbf_rate_node-3] [INFO] [1788156678.010081933] [uav_0.autopilot_sv_cbf_rate_node]: goal_waypoint received: [0.000, 5.500, 1.500] (overrides waypoint_x/y/z params)
[autopilot_sv_cbf_rate_node-3] [INFO] [1788156678.067119792] [uav_0.autopilot_sv_cbf_rate_node]: pos=[0.01 5.55 1.48]  T=23.029N  omega=[0.005 0.002 0.000]  certified=3 uncertified=0  delta=0.0000  gamma=8.711(PENN)  feasible=1
[autopilot_sv_cbf_rate_node-3] [INFO] [1788156678.110129708] [uav_0.autopilot_sv_cbf_rate_node]: goal_waypoint received: [0.000, 5.500, 1.500] (overrides waypoint_x/y/z params)
[autopilot_sv_cbf_rate_node-3] [INFO] [1788156678.210057483] [uav_0.autopilot_sv_cbf_rate_node]: goal_waypoint received: [0.000, 5.500, 1.500] (overrides waypoint_x/y/z params)
[autopilot_sv_cbf_rate_node-3] [INFO] [1788156678.310031358] [uav_0.autopilot_sv_cbf_rate_node]: goal_waypoint received: [0.000, 5.500, 1.500] (overrides waypoint_x/y/z params)
[autopilot_sv_cbf_rate_node-3] [INFO] [1788156678.410122332] [uav_0.autopilot_sv_cbf_rate_node]: goal_waypoint received: [0.000, 5.500, 1.500] (overrides waypoint_x/y/z params)
[autopilot_sv_cbf_rate_node-3] [INFO] [1788156678.510435303] [uav_0.autopilot_sv_cbf_rate_node]: goal_waypoint received: [0.000, 5.500, 1.500] (overrides waypoint_x/y/z params)
[autopilot_sv_cbf_rate_node-3] [INFO] [1788156678.610142381] [uav_0.autopilot_sv_cbf_rate_node]: goal_waypoint received: [0.000, 5.500, 1.500] (overrides waypoint_x/y/z params)
[autopilot_sv_cbf_rate_node-3] [INFO] [1788156678.710030957] [uav_0.autopilot_sv_cbf_rate_node]: goal_waypoint received: [0.000, 5.500, 1.500] (overrides waypoint_x/y/z params)
[autopilot_sv_cbf_rate_node-3] [INFO] [1788156678.810053631] [uav_0.autopilot_sv_cbf_rate_node]: goal_waypoint received: [0.000, 5.500, 1.500] (overrides waypoint_x/y/z params)
[autopilot_sv_cbf_rate_node-3] [INFO] [1788156678.910053206] [uav_0.autopilot_sv_cbf_rate_node]: goal_waypoint received: [0.000, 5.500, 1.500] (overrides waypoint_x/y/z params)
[autopilot_sv_cbf_rate_node-3] [INFO] [1788156679.010073881] [uav_0.autopilot_sv_cbf_rate_node]: goal_waypoint received: [0.000, 5.500, 1.500] (overrides waypoint_x/y/z params)
[autopilot_sv_cbf_rate_node-3] [INFO] [1788156679.066885745] [uav_0.autopilot_sv_cbf_rate_node]: pos=[0.01 5.54 1.48]  T=23.000N  omega=[0.005 -0.011 0.000]  certified=3 uncertified=0  delta=0.0000  gamma=9.105(PENN)  feasible=1
[autopilot_sv_cbf_rate_node-3] [INFO] [1788156679.110199461] [uav_0.autopilot_sv_cbf_rate_node]: goal_waypoint received: [0.000, 5.500, 1.500] (overrides waypoint_x/y/z params)
[autopilot_sv_cbf_rate_node-3] [INFO] [1788156679.210107243] [uav_0.autopilot_sv_cbf_rate_node]: goal_waypoint received: [0.000, 5.500, 1.500] (overrides waypoint_x/y/z params)
[autopilot_sv_cbf_rate_node-3] [INFO] [1788156679.310091825] [uav_0.autopilot_sv_cbf_rate_node]: goal_waypoint received: [0.000, 5.500, 1.500] (overrides waypoint_x/y/z params)
[autopilot_sv_cbf_rate_node-3] [INFO] [1788156679.410046307] [uav_0.autopilot_sv_cbf_rate_node]: goal_waypoint received: [0.000, 5.500, 1.500] (overrides waypoint_x/y/z params)
[autopilot_sv_cbf_rate_node-3] [INFO] [1788156679.510094588] [uav_0.autopilot_sv_cbf_rate_node]: goal_waypoint received: [0.000, 5.500, 1.500] (overrides waypoint_x/y/z params)
[autopilot_sv_cbf_rate_node-3] [INFO] [1788156679.610211568] [uav_0.autopilot_sv_cbf_rate_node]: goal_waypoint received: [0.000, 5.500, 1.500] (overrides waypoint_x/y/z params)
[autopilot_sv_cbf_rate_node-3] [INFO] [1788156679.710104251] [uav_0.autopilot_sv_cbf_rate_node]: goal_waypoint received: [0.000, 5.500, 1.500] (overrides waypoint_x/y/z params)
[autopilot_sv_cbf_rate_node-3] [INFO] [1788156679.810129432] [uav_0.autopilot_sv_cbf_rate_node]: goal_waypoint received: [0.000, 5.500, 1.500] (overrides waypoint_x/y/z params)
[autopilot_sv_cbf_rate_node-3] [INFO] [1788156679.910303111] [uav_0.autopilot_sv_cbf_rate_node]: goal_waypoint received: [0.000, 5.500, 1.500] (overrides waypoint_x/y/z params)
[autopilot_sv_cbf_rate_node-3] [INFO] [1788156680.010128595] [uav_0.autopilot_sv_cbf_rate_node]: goal_waypoint received: [0.000, 5.500, 1.500] (overrides waypoint_x/y/z params)
[autopilot_sv_cbf_rate_node-3] [INFO] [1788156680.066870064] [uav_0.autopilot_sv_cbf_rate_node]: pos=[-0.00 5.54 1.48]  T=22.947N  omega=[-0.007 -0.005 0.000]  certified=3 uncertified=0  delta=0.0000  gamma=6.342(PENN)  feasible=1
[autopilot_sv_cbf_rate_node-3] [INFO] [1788156680.110308181] [uav_0.autopilot_sv_cbf_rate_node]: goal_waypoint received: [0.000, 5.500, 1.500] (overrides waypoint_x/y/z params)
[autopilot_sv_cbf_rate_node-3] [INFO] [1788156680.210045773] [uav_0.autopilot_sv_cbf_rate_node]: goal_waypoint received: [0.000, 5.500, 1.500] (overrides waypoint_x/y/z params)
[autopilot_sv_cbf_rate_node-3] [INFO] [1788156680.310088160] [uav_0.autopilot_sv_cbf_rate_node]: goal_waypoint received: [0.000, 5.500, 1.500] (overrides waypoint_x/y/z params)
[autopilot_sv_cbf_rate_node-3] [INFO] [1788156680.410124248] [uav_0.autopilot_sv_cbf_rate_node]: goal_waypoint received: [0.000, 5.500, 1.500] (overrides waypoint_x/y/z params)
[autopilot_sv_cbf_rate_node-3] [INFO] [1788156680.510110337] [uav_0.autopilot_sv_cbf_rate_node]: goal_waypoint received: [0.000, 5.500, 1.500] (overrides waypoint_x/y/z params)
[autopilot_sv_cbf_rate_node-3] [INFO] [1788156680.610024826] [uav_0.autopilot_sv_cbf_rate_node]: goal_waypoint received: [0.000, 5.500, 1.500] (overrides waypoint_x/y/z params)
[autopilot_sv_cbf_rate_node-3] [INFO] [1788156680.710039514] [uav_0.autopilot_sv_cbf_rate_node]: goal_waypoint received: [0.000, 5.500, 1.500] (overrides waypoint_x/y/z params)
[autopilot_sv_cbf_rate_node-3] [INFO] [1788156680.810079002] [uav_0.autopilot_sv_cbf_rate_node]: goal_waypoint received: [0.000, 5.500, 1.500] (overrides waypoint_x/y/z params)
[autopilot_sv_cbf_rate_node-3] [INFO] [1788156680.910152589] [uav_0.autopilot_sv_cbf_rate_node]: goal_waypoint received: [0.000, 5.500, 1.500] (overrides waypoint_x/y/z params)
[autopilot_sv_cbf_rate_node-3] [INFO] [1788156681.010028079] [uav_0.autopilot_sv_cbf_rate_node]: goal_waypoint received: [0.000, 5.500, 1.500] (overrides waypoint_x/y/z params)
[autopilot_sv_cbf_rate_node-3] [INFO] [1788156681.067036349] [uav_0.autopilot_sv_cbf_rate_node]: pos=[-0.00 5.53 1.50]  T=22.930N  omega=[-0.000 0.018 0.000]  certified=3 uncertified=0  delta=0.0000  gamma=2.974(PENN)  feasible=1
[autopilot_sv_cbf_rate_node-3] [INFO] [1788156681.110103074] [uav_0.autopilot_sv_cbf_rate_node]: goal_waypoint received: [0.000, 5.500, 1.500] (overrides waypoint_x/y/z params)
[autopilot_sv_cbf_rate_node-3] [INFO] [1788156681.210088369] [uav_0.autopilot_sv_cbf_rate_node]: goal_waypoint received: [0.000, 5.500, 1.500] (overrides waypoint_x/y/z params)
[autopilot_sv_cbf_rate_node-3] [INFO] [1788156681.310022265] [uav_0.autopilot_sv_cbf_rate_node]: goal_waypoint received: [0.000, 5.500, 1.500] (overrides waypoint_x/y/z params)
[autopilot_sv_cbf_rate_node-3] [INFO] [1788156681.410136058] [uav_0.autopilot_sv_cbf_rate_node]: goal_waypoint received: [0.000, 5.500, 1.500] (overrides waypoint_x/y/z params)
[autopilot_sv_cbf_rate_node-3] [INFO] [1788156681.510091954] [uav_0.autopilot_sv_cbf_rate_node]: goal_waypoint received: [0.000, 5.500, 1.500] (overrides waypoint_x/y/z params)
[autopilot_sv_cbf_rate_node-3] [INFO] [1788156681.610060749] [uav_0.autopilot_sv_cbf_rate_node]: goal_waypoint received: [0.000, 5.500, 1.500] (overrides waypoint_x/y/z params)
[autopilot_sv_cbf_rate_node-3] [INFO] [1788156681.710155543] [uav_0.autopilot_sv_cbf_rate_node]: goal_waypoint received: [0.000, 5.500, 1.500] (overrides waypoint_x/y/z params)
[autopilot_sv_cbf_rate_node-3] [INFO] [1788156681.810052040] [uav_0.autopilot_sv_cbf_rate_node]: goal_waypoint received: [0.000, 5.500, 1.500] (overrides waypoint_x/y/z params)
[autopilot_sv_cbf_rate_node-3] [INFO] [1788156681.910031535] [uav_0.autopilot_sv_cbf_rate_node]: goal_waypoint received: [0.000, 5.500, 1.500] (overrides waypoint_x/y/z params)
[autopilot_sv_cbf_rate_node-3] [INFO] [1788156682.010096529] [uav_0.autopilot_sv_cbf_rate_node]: goal_waypoint received: [0.000, 5.500, 1.500] (overrides waypoint_x/y/z params)
[autopilot_sv_cbf_rate_node-3] [INFO] [1788156682.066868906] [uav_0.autopilot_sv_cbf_rate_node]: pos=[-0.01 5.56 1.49]  T=23.014N  omega=[-0.004 -0.010 0.000]  certified=3 uncertified=0  delta=0.0000  gamma=2.000(PENN)  feasible=1
[autopilot_sv_cbf_rate_node-3] [INFO] [1788156682.110237730] [uav_0.autopilot_sv_cbf_rate_node]: goal_waypoint received: [0.000, 5.500, 1.500] (overrides waypoint_x/y/z params)
[autopilot_sv_cbf_rate_node-3] [INFO] [1788156682.210288131] [uav_0.autopilot_sv_cbf_rate_node]: goal_waypoint received: [0.000, 5.500, 1.500] (overrides waypoint_x/y/z params)
[autopilot_sv_cbf_rate_node-3] [INFO] [1788156682.310211434] [uav_0.autopilot_sv_cbf_rate_node]: goal_waypoint received: [0.000, 5.500, 1.500] (overrides waypoint_x/y/z params)
[autopilot_sv_cbf_rate_node-3] [INFO] [1788156682.410165236] [uav_0.autopilot_sv_cbf_rate_node]: goal_waypoint received: [0.000, 5.500, 1.500] (overrides waypoint_x/y/z params)
[autopilot_sv_cbf_rate_node-3] [INFO] [1788156682.510087839] [uav_0.autopilot_sv_cbf_rate_node]: goal_waypoint received: [0.000, 5.500, 1.500] (overrides waypoint_x/y/z params)
[autopilot_sv_cbf_rate_node-3] [INFO] [1788156682.610123840] [uav_0.autopilot_sv_cbf_rate_node]: goal_waypoint received: [0.000, 5.500, 1.500] (overrides waypoint_x/y/z params)
[autopilot_sv_cbf_rate_node-3] [INFO] [1788156682.710035143] [uav_0.autopilot_sv_cbf_rate_node]: goal_waypoint received: [0.000, 5.500, 1.500] (overrides waypoint_x/y/z params)
[autopilot_sv_cbf_rate_node-3] [INFO] [1788156682.810111544] [uav_0.autopilot_sv_cbf_rate_node]: goal_waypoint received: [0.000, 5.500, 1.500] (overrides waypoint_x/y/z params)
[autopilot_sv_cbf_rate_node-3] [INFO] [1788156682.910038247] [uav_0.autopilot_sv_cbf_rate_node]: goal_waypoint received: [0.000, 5.500, 1.500] (overrides waypoint_x/y/z params)
[autopilot_sv_cbf_rate_node-3] [INFO] [1788156683.010206847] [uav_0.autopilot_sv_cbf_rate_node]: goal_waypoint received: [0.000, 5.500, 1.500] (overrides waypoint_x/y/z params)
[autopilot_sv_cbf_rate_node-3] [INFO] [1788156683.066837829] [uav_0.autopilot_sv_cbf_rate_node]: pos=[-0.00 5.55 1.48]  T=23.034N  omega=[0.016 0.006 0.000]  certified=3 uncertified=0  delta=0.0000  gamma=2.000(PENN)  feasible=1
[autopilot_sv_cbf_rate_node-3] [INFO] [1788156683.110070857] [uav_0.autopilot_sv_cbf_rate_node]: goal_waypoint received: [0.000, 5.500, 1.500] (overrides waypoint_x/y/z params)
[autopilot_sv_cbf_rate_node-3] [INFO] [1788156683.210058066] [uav_0.autopilot_sv_cbf_rate_node]: goal_waypoint received: [0.000, 5.500, 1.500] (overrides waypoint_x/y/z params)
[autopilot_sv_cbf_rate_node-3] [INFO] [1788156683.310102674] [uav_0.autopilot_sv_cbf_rate_node]: goal_waypoint received: [0.000, 5.500, 1.500] (overrides waypoint_x/y/z params)
[autopilot_sv_cbf_rate_node-3] [INFO] [1788156683.410034183] [uav_0.autopilot_sv_cbf_rate_node]: goal_waypoint received: [0.000, 5.500, 1.500] (overrides waypoint_x/y/z params)
[autopilot_sv_cbf_rate_node-3] [INFO] [1788156683.510104091] [uav_0.autopilot_sv_cbf_rate_node]: goal_waypoint received: [0.000, 5.500, 1.500] (overrides waypoint_x/y/z params)
[autopilot_sv_cbf_rate_node-3] [INFO] [1788156683.610098000] [uav_0.autopilot_sv_cbf_rate_node]: goal_waypoint received: [0.000, 5.500, 1.500] (overrides waypoint_x/y/z params)
[autopilot_sv_cbf_rate_node-3] [INFO] [1788156683.710037009] [uav_0.autopilot_sv_cbf_rate_node]: goal_waypoint received: [0.000, 5.500, 1.500] (overrides waypoint_x/y/z params)
[autopilot_sv_cbf_rate_node-3] [INFO] [1788156683.810072317] [uav_0.autopilot_sv_cbf_rate_node]: goal_waypoint received: [0.000, 5.500, 1.500] (overrides waypoint_x/y/z params)
[autopilot_sv_cbf_rate_node-3] [INFO] [1788156683.910026526] [uav_0.autopilot_sv_cbf_rate_node]: goal_waypoint received: [0.000, 5.500, 1.500] (overrides waypoint_x/y/z params)
[autopilot_sv_cbf_rate_node-3] [INFO] [1788156684.010021535] [uav_0.autopilot_sv_cbf_rate_node]: goal_waypoint received: [0.000, 5.500, 1.500] (overrides waypoint_x/y/z params)
[autopilot_sv_cbf_rate_node-3] [INFO] [1788156684.066850319] [uav_0.autopilot_sv_cbf_rate_node]: pos=[0.01 5.55 1.47]  T=23.004N  omega=[-0.002 0.012 0.000]  certified=3 uncertified=0  delta=0.0000  gamma=9.105(PENN)  feasible=1
[autopilot_sv_cbf_rate_node-3] [INFO] [1788156684.110077450] [uav_0.autopilot_sv_cbf_rate_node]: goal_waypoint received: [0.000, 5.500, 1.500] (overrides waypoint_x/y/z params)
[autopilot_sv_cbf_rate_node-3] [INFO] [1788156684.210100765] [uav_0.autopilot_sv_cbf_rate_node]: goal_waypoint received: [0.000, 5.500, 1.500] (overrides waypoint_x/y/z params)
[autopilot_sv_cbf_rate_node-3] [INFO] [1788156684.310084481] [uav_0.autopilot_sv_cbf_rate_node]: goal_waypoint received: [0.000, 5.500, 1.500] (overrides waypoint_x/y/z params)
[autopilot_sv_cbf_rate_node-3] [INFO] [1788156684.410075196] [uav_0.autopilot_sv_cbf_rate_node]: goal_waypoint received: [0.000, 5.500, 1.500] (overrides waypoint_x/y/z params)
[autopilot_sv_cbf_rate_node-3] [INFO] [1788156684.510192440] [uav_0.autopilot_sv_cbf_rate_node]: goal_waypoint received: [0.000, 5.500, 1.500] (overrides waypoint_x/y/z params)
[autopilot_sv_cbf_rate_node-3] [INFO] [1788156684.610205403] [uav_0.autopilot_sv_cbf_rate_node]: goal_waypoint received: [0.000, 5.500, 1.500] (overrides waypoint_x/y/z params)
[autopilot_sv_cbf_rate_node-3] [INFO] [1788156684.710195168] [uav_0.autopilot_sv_cbf_rate_node]: goal_waypoint received: [0.000, 5.500, 1.500] (overrides waypoint_x/y/z params)
[autopilot_sv_cbf_rate_node-3] [INFO] [1788156684.810188932] [uav_0.autopilot_sv_cbf_rate_node]: goal_waypoint received: [0.000, 5.500, 1.500] (overrides waypoint_x/y/z params)
[autopilot_sv_cbf_rate_node-3] [INFO] [1788156684.910116896] [uav_0.autopilot_sv_cbf_rate_node]: goal_waypoint received: [0.000, 5.500, 1.500] (overrides waypoint_x/y/z params)
[autopilot_sv_cbf_rate_node-3] [INFO] [1788156685.010115528] [uav_0.autopilot_sv_cbf_rate_node]: goal_waypoint received: [0.000, 5.500, 1.500] (overrides waypoint_x/y/z params)
[autopilot_sv_cbf_rate_node-3] [INFO] [1788156685.066848267] [uav_0.autopilot_sv_cbf_rate_node]: pos=[-0.00 5.54 1.48]  T=22.989N  omega=[-0.005 -0.012 0.000]  certified=3 uncertified=0  delta=0.0000  gamma=4.737(PENN)  feasible=1
[autopilot_sv_cbf_rate_node-3] [INFO] [1788156685.110087058] [uav_0.autopilot_sv_cbf_rate_node]: goal_waypoint received: [0.000, 5.500, 1.500] (overrides waypoint_x/y/z params)
[autopilot_sv_cbf_rate_node-3] [INFO] [1788156685.210123588] [uav_0.autopilot_sv_cbf_rate_node]: goal_waypoint received: [0.000, 5.500, 1.500] (overrides waypoint_x/y/z params)
[autopilot_sv_cbf_rate_node-3] [INFO] [1788156685.310031719] [uav_0.autopilot_sv_cbf_rate_node]: goal_waypoint received: [0.000, 5.500, 1.500] (overrides waypoint_x/y/z params)
[autopilot_sv_cbf_rate_node-3] [INFO] [1788156685.410185647] [uav_0.autopilot_sv_cbf_rate_node]: goal_waypoint received: [0.000, 5.500, 1.500] (overrides waypoint_x/y/z params)
[autopilot_sv_cbf_rate_node-3] [INFO] [1788156685.510031279] [uav_0.autopilot_sv_cbf_rate_node]: goal_waypoint received: [0.000, 5.500, 1.500] (overrides waypoint_x/y/z params)
[autopilot_sv_cbf_rate_node-3] [INFO] [1788156685.610109508] [uav_0.autopilot_sv_cbf_rate_node]: goal_waypoint received: [0.000, 5.500, 1.500] (overrides waypoint_x/y/z params)
[autopilot_sv_cbf_rate_node-3] [INFO] [1788156685.710071039] [uav_0.autopilot_sv_cbf_rate_node]: goal_waypoint received: [0.000, 5.500, 1.500] (overrides waypoint_x/y/z params)
[autopilot_sv_cbf_rate_node-3] [INFO] [1788156685.810061369] [uav_0.autopilot_sv_cbf_rate_node]: goal_waypoint received: [0.000, 5.500, 1.500] (overrides waypoint_x/y/z params)
[autopilot_sv_cbf_rate_node-3] [INFO] [1788156685.910065599] [uav_0.autopilot_sv_cbf_rate_node]: goal_waypoint received: [0.000, 5.500, 1.500] (overrides waypoint_x/y/z params)
[autopilot_sv_cbf_rate_node-3] [INFO] [1788156686.010034130] [uav_0.autopilot_sv_cbf_rate_node]: goal_waypoint received: [0.000, 5.500, 1.500] (overrides waypoint_x/y/z params)
[autopilot_sv_cbf_rate_node-3] [INFO] [1788156686.066831771] [uav_0.autopilot_sv_cbf_rate_node]: pos=[0.01 5.53 1.48]  T=22.999N  omega=[-0.008 0.009 0.000]  certified=3 uncertified=0  delta=0.0000  gamma=9.105(PENN)  feasible=1
[autopilot_sv_cbf_rate_node-3] [INFO] [1788156686.110165964] [uav_0.autopilot_sv_cbf_rate_node]: goal_waypoint received: [0.000, 5.500, 1.500] (overrides waypoint_x/y/z params)
[autopilot_sv_cbf_rate_node-3] [INFO] [1788156686.210087402] [uav_0.autopilot_sv_cbf_rate_node]: goal_waypoint received: [0.000, 5.500, 1.500] (overrides waypoint_x/y/z params)
[autopilot_sv_cbf_rate_node-3] [INFO] [1788156686.310028240] [uav_0.autopilot_sv_cbf_rate_node]: goal_waypoint received: [0.000, 5.500, 1.500] (overrides waypoint_x/y/z params)
[autopilot_sv_cbf_rate_node-3] [INFO] [1788156686.410123975] [uav_0.autopilot_sv_cbf_rate_node]: goal_waypoint received: [0.000, 5.500, 1.500] (overrides waypoint_x/y/z params)
[autopilot_sv_cbf_rate_node-3] [INFO] [1788156686.510078812] [uav_0.autopilot_sv_cbf_rate_node]: goal_waypoint received: [0.000, 5.500, 1.500] (overrides waypoint_x/y/z params)
[autopilot_sv_cbf_rate_node-3] [INFO] [1788156686.610046650] [uav_0.autopilot_sv_cbf_rate_node]: goal_waypoint received: [0.000, 5.500, 1.500] (overrides waypoint_x/y/z params)
[autopilot_sv_cbf_rate_node-3] [INFO] [1788156686.710169084] [uav_0.autopilot_sv_cbf_rate_node]: goal_waypoint received: [0.000, 5.500, 1.500] (overrides waypoint_x/y/z params)
[autopilot_sv_cbf_rate_node-3] [INFO] [1788156686.810191620] [uav_0.autopilot_sv_cbf_rate_node]: goal_waypoint received: [0.000, 5.500, 1.500] (overrides waypoint_x/y/z params)
[autopilot_sv_cbf_rate_node-3] [INFO] [1788156686.910144758] [uav_0.autopilot_sv_cbf_rate_node]: goal_waypoint received: [0.000, 5.500, 1.500] (overrides waypoint_x/y/z params)
[autopilot_sv_cbf_rate_node-3] [INFO] [1788156687.010116396] [uav_0.autopilot_sv_cbf_rate_node]: goal_waypoint received: [0.000, 5.500, 1.500] (overrides waypoint_x/y/z params)
[autopilot_sv_cbf_rate_node-3] [INFO] [1788156687.066696145] [uav_0.autopilot_sv_cbf_rate_node]: pos=[0.02 5.52 1.49]  T=22.946N  omega=[0.007 -0.008 0.000]  certified=3 uncertified=0  delta=0.0000  gamma=9.105(PENN)  feasible=1
[autopilot_sv_cbf_rate_node-3] [INFO] [1788156687.110119139] [uav_0.autopilot_sv_cbf_rate_node]: goal_waypoint received: [0.000, 5.500, 1.500] (overrides waypoint_x/y/z params)
[autopilot_sv_cbf_rate_node-3] [INFO] [1788156687.210078883] [uav_0.autopilot_sv_cbf_rate_node]: goal_waypoint received: [0.000, 5.500, 1.500] (overrides waypoint_x/y/z params)
[autopilot_sv_cbf_rate_node-3] [INFO] [1788156687.310060127] [uav_0.autopilot_sv_cbf_rate_node]: goal_waypoint received: [0.000, 5.500, 1.500] (overrides waypoint_x/y/z params)
[autopilot_sv_cbf_rate_node-3] [INFO] [1788156687.410171668] [uav_0.autopilot_sv_cbf_rate_node]: goal_waypoint received: [0.000, 5.500, 1.500] (overrides waypoint_x/y/z params)
[autopilot_sv_cbf_rate_node-3] [INFO] [1788156687.510121913] [uav_0.autopilot_sv_cbf_rate_node]: goal_waypoint received: [0.000, 5.500, 1.500] (overrides waypoint_x/y/z params)
[autopilot_sv_cbf_rate_node-3] [INFO] [1788156687.610077676] [uav_0.autopilot_sv_cbf_rate_node]: goal_waypoint received: [0.000, 5.500, 1.500] (overrides waypoint_x/y/z params)
[autopilot_sv_cbf_rate_node-3] [INFO] [1788156687.710084784] [uav_0.autopilot_sv_cbf_rate_node]: goal_waypoint received: [0.000, 5.500, 1.500] (overrides waypoint_x/y/z params)
[autopilot_sv_cbf_rate_node-3] [INFO] [1788156687.810071494] [uav_0.autopilot_sv_cbf_rate_node]: goal_waypoint received: [0.000, 5.500, 1.500] (overrides waypoint_x/y/z params)
[autopilot_sv_cbf_rate_node-3] [INFO] [1788156687.910113702] [uav_0.autopilot_sv_cbf_rate_node]: goal_waypoint received: [0.000, 5.500, 1.500] (overrides waypoint_x/y/z params)
[autopilot_sv_cbf_rate_node-3] [INFO] [1788156688.010029912] [uav_0.autopilot_sv_cbf_rate_node]: goal_waypoint received: [0.000, 5.500, 1.500] (overrides waypoint_x/y/z params)
[autopilot_sv_cbf_rate_node-3] [INFO] [1788156688.066853553] [uav_0.autopilot_sv_cbf_rate_node]: pos=[0.02 5.54 1.49]  T=23.016N  omega=[-0.008 0.007 0.000]  certified=3 uncertified=0  delta=0.0000  gamma=9.105(PENN)  feasible=1
[autopilot_sv_cbf_rate_node-3] [INFO] [1788156688.110051128] [uav_0.autopilot_sv_cbf_rate_node]: goal_waypoint received: [0.000, 5.500, 1.500] (overrides waypoint_x/y/z params)
[autopilot_sv_cbf_rate_node-3] [INFO] [1788156688.210025544] [uav_0.autopilot_sv_cbf_rate_node]: goal_waypoint received: [0.000, 5.500, 1.500] (overrides waypoint_x/y/z params)
[autopilot_sv_cbf_rate_node-3] [INFO] [1788156688.310026659] [uav_0.autopilot_sv_cbf_rate_node]: goal_waypoint received: [0.000, 5.500, 1.500] (overrides waypoint_x/y/z params)
[autopilot_sv_cbf_rate_node-3] [INFO] [1788156688.410079975] [uav_0.autopilot_sv_cbf_rate_node]: goal_waypoint received: [0.000, 5.500, 1.500] (overrides waypoint_x/y/z params)
[autopilot_sv_cbf_rate_node-3] [INFO] [1788156688.510093290] [uav_0.autopilot_sv_cbf_rate_node]: goal_waypoint received: [0.000, 5.500, 1.500] (overrides waypoint_x/y/z params)
[autopilot_sv_cbf_rate_node-3] [INFO] [1788156688.610239604] [uav_0.autopilot_sv_cbf_rate_node]: goal_waypoint received: [0.000, 5.500, 1.500] (overrides waypoint_x/y/z params)
[autopilot_sv_cbf_rate_node-3] [INFO] [1788156688.710294020] [uav_0.autopilot_sv_cbf_rate_node]: goal_waypoint received: [0.000, 5.500, 1.500] (overrides waypoint_x/y/z params)
[autopilot_sv_cbf_rate_node-3] [INFO] [1788156688.810145437] [uav_0.autopilot_sv_cbf_rate_node]: goal_waypoint received: [0.000, 5.500, 1.500] (overrides waypoint_x/y/z params)
[autopilot_sv_cbf_rate_node-3] [INFO] [1788156688.910070853] [uav_0.autopilot_sv_cbf_rate_node]: goal_waypoint received: [0.000, 5.500, 1.500] (overrides waypoint_x/y/z params)
[autopilot_sv_cbf_rate_node-3] [INFO] [1788156689.010208468] [uav_0.autopilot_sv_cbf_rate_node]: goal_waypoint received: [0.000, 5.500, 1.500] (overrides waypoint_x/y/z params)
[autopilot_sv_cbf_rate_node-3] [INFO] [1788156689.066800514] [uav_0.autopilot_sv_cbf_rate_node]: pos=[0.02 5.52 1.49]  T=22.994N  omega=[0.008 -0.006 0.000]  certified=3 uncertified=0  delta=0.0000  gamma=9.105(PENN)  feasible=1
[autopilot_sv_cbf_rate_node-3] [INFO] [1788156689.110291889] [uav_0.autopilot_sv_cbf_rate_node]: goal_waypoint received: [0.000, 5.500, 1.500] (overrides waypoint_x/y/z params)
[autopilot_sv_cbf_rate_node-3] [INFO] [1788156689.210106614] [uav_0.autopilot_sv_cbf_rate_node]: goal_waypoint received: [0.000, 5.500, 1.500] (overrides waypoint_x/y/z params)
[autopilot_sv_cbf_rate_node-3] [INFO] [1788156689.310153135] [uav_0.autopilot_sv_cbf_rate_node]: goal_waypoint received: [0.000, 5.500, 1.500] (overrides waypoint_x/y/z params)
[autopilot_sv_cbf_rate_node-3] [INFO] [1788156689.410112458] [uav_0.autopilot_sv_cbf_rate_node]: goal_waypoint received: [0.000, 5.500, 1.500] (overrides waypoint_x/y/z params)
[autopilot_sv_cbf_rate_node-3] [INFO] [1788156689.510049781] [uav_0.autopilot_sv_cbf_rate_node]: goal_waypoint received: [0.000, 5.500, 1.500] (overrides waypoint_x/y/z params)
[autopilot_sv_cbf_rate_node-3] [INFO] [1788156689.610078503] [uav_0.autopilot_sv_cbf_rate_node]: goal_waypoint received: [0.000, 5.500, 1.500] (overrides waypoint_x/y/z params)
[autopilot_sv_cbf_rate_node-3] [INFO] [1788156689.710080526] [uav_0.autopilot_sv_cbf_rate_node]: goal_waypoint received: [0.000, 5.500, 1.500] (overrides waypoint_x/y/z params)
[autopilot_sv_cbf_rate_node-3] [INFO] [1788156689.810057548] [uav_0.autopilot_sv_cbf_rate_node]: goal_waypoint received: [0.000, 5.500, 1.500] (overrides waypoint_x/y/z params)
[autopilot_sv_cbf_rate_node-3] [INFO] [1788156689.910065971] [uav_0.autopilot_sv_cbf_rate_node]: goal_waypoint received: [0.000, 5.500, 1.500] (overrides waypoint_x/y/z params)
[autopilot_sv_cbf_rate_node-3] [INFO] [1788156690.010146892] [uav_0.autopilot_sv_cbf_rate_node]: goal_waypoint received: [0.000, 5.500, 1.500] (overrides waypoint_x/y/z params)
[autopilot_sv_cbf_rate_node-3] [INFO] [1788156690.066758943] [uav_0.autopilot_sv_cbf_rate_node]: pos=[0.00 5.52 1.49]  T=22.985N  omega=[0.000 0.000 0.000]  certified=3 uncertified=0  delta=0.0000  gamma=6.737(PENN)  feasible=1
[autopilot_sv_cbf_rate_node-3] [INFO] [1788156690.110060422] [uav_0.autopilot_sv_cbf_rate_node]: goal_waypoint received: [0.000, 5.500, 1.500] (overrides waypoint_x/y/z params)
[autopilot_sv_cbf_rate_node-3] [INFO] [1788156690.210085251] [uav_0.autopilot_sv_cbf_rate_node]: goal_waypoint received: [0.000, 5.500, 1.500] (overrides waypoint_x/y/z params)
[autopilot_sv_cbf_rate_node-3] [INFO] [1788156690.310040581] [uav_0.autopilot_sv_cbf_rate_node]: goal_waypoint received: [0.000, 5.500, 1.500] (overrides waypoint_x/y/z params)
[autopilot_sv_cbf_rate_node-3] [INFO] [1788156690.410056110] [uav_0.autopilot_sv_cbf_rate_node]: goal_waypoint received: [0.000, 5.500, 1.500] (overrides waypoint_x/y/z params)
[autopilot_sv_cbf_rate_node-3] [INFO] [1788156690.510108138] [uav_0.autopilot_sv_cbf_rate_node]: goal_waypoint received: [0.000, 5.500, 1.500] (overrides waypoint_x/y/z params)
[autopilot_sv_cbf_rate_node-3] [INFO] [1788156690.610045068] [uav_0.autopilot_sv_cbf_rate_node]: goal_waypoint received: [0.000, 5.500, 1.500] (overrides waypoint_x/y/z params)
[autopilot_sv_cbf_rate_node-3] [INFO] [1788156690.710153196] [uav_0.autopilot_sv_cbf_rate_node]: goal_waypoint received: [0.000, 5.500, 1.500] (overrides waypoint_x/y/z params)
[autopilot_sv_cbf_rate_node-3] [INFO] [1788156690.810056626] [uav_0.autopilot_sv_cbf_rate_node]: goal_waypoint received: [0.000, 5.500, 1.500] (overrides waypoint_x/y/z params)
[autopilot_sv_cbf_rate_node-3] [INFO] [1788156690.910089954] [uav_0.autopilot_sv_cbf_rate_node]: goal_waypoint received: [0.000, 5.500, 1.500] (overrides waypoint_x/y/z params)
[autopilot_sv_cbf_rate_node-3] [INFO] [1788156691.010110384] [uav_0.autopilot_sv_cbf_rate_node]: goal_waypoint received: [0.000, 5.500, 1.500] (overrides waypoint_x/y/z params)
[autopilot_sv_cbf_rate_node-3] [INFO] [1788156691.066752537] [uav_0.autopilot_sv_cbf_rate_node]: pos=[0.00 5.54 1.48]  T=23.002N  omega=[-0.007 -0.006 0.000]  certified=3 uncertified=0  delta=0.0000  gamma=8.316(PENN)  feasible=1
[autopilot_sv_cbf_rate_node-3] [INFO] [1788156691.110008120] [uav_0.autopilot_sv_cbf_rate_node]: goal_waypoint received: [0.000, 5.500, 1.500] (overrides waypoint_x/y/z params)
[autopilot_sv_cbf_rate_node-3] [INFO] [1788156691.210173854] [uav_0.autopilot_sv_cbf_rate_node]: goal_waypoint received: [0.000, 5.500, 1.500] (overrides waypoint_x/y/z params)
[autopilot_sv_cbf_rate_node-3] [INFO] [1788156691.310256489] [uav_0.autopilot_sv_cbf_rate_node]: goal_waypoint received: [0.000, 5.500, 1.500] (overrides waypoint_x/y/z params)
[autopilot_sv_cbf_rate_node-3] [INFO] [1788156691.410131326] [uav_0.autopilot_sv_cbf_rate_node]: goal_waypoint received: [0.000, 5.500, 1.500] (overrides waypoint_x/y/z params)
[autopilot_sv_cbf_rate_node-3] [INFO] [1788156691.510134562] [uav_0.autopilot_sv_cbf_rate_node]: goal_waypoint received: [0.000, 5.500, 1.500] (overrides waypoint_x/y/z params)
[autopilot_sv_cbf_rate_node-3] [INFO] [1788156691.610129998] [uav_0.autopilot_sv_cbf_rate_node]: goal_waypoint received: [0.000, 5.500, 1.500] (overrides waypoint_x/y/z params)
[autopilot_sv_cbf_rate_node-3] [INFO] [1788156691.710089234] [uav_0.autopilot_sv_cbf_rate_node]: goal_waypoint received: [0.000, 5.500, 1.500] (overrides waypoint_x/y/z params)
[autopilot_sv_cbf_rate_node-3] [INFO] [1788156691.810064770] [uav_0.autopilot_sv_cbf_rate_node]: goal_waypoint received: [0.000, 5.500, 1.500] (overrides waypoint_x/y/z params)
[autopilot_sv_cbf_rate_node-3] [INFO] [1788156691.910076205] [uav_0.autopilot_sv_cbf_rate_node]: goal_waypoint received: [0.000, 5.500, 1.500] (overrides waypoint_x/y/z params)
[autopilot_sv_cbf_rate_node-3] [INFO] [1788156692.010059341] [uav_0.autopilot_sv_cbf_rate_node]: goal_waypoint received: [0.000, 5.500, 1.500] (overrides waypoint_x/y/z params)
[autopilot_sv_cbf_rate_node-3] [INFO] [1788156692.066831898] [uav_0.autopilot_sv_cbf_rate_node]: pos=[-0.01 5.51 1.50]  T=22.930N  omega=[0.005 0.005 0.000]  certified=3 uncertified=0  delta=0.0000  gamma=4.237(PENN)  feasible=1
[autopilot_sv_cbf_rate_node-3] [INFO] [1788156692.110063384] [uav_0.autopilot_sv_cbf_rate_node]: goal_waypoint received: [0.000, 5.500, 1.500] (overrides waypoint_x/y/z params)
[autopilot_sv_cbf_rate_node-3] [INFO] [1788156692.210144425] [uav_0.autopilot_sv_cbf_rate_node]: goal_waypoint received: [0.000, 5.500, 1.500] (overrides waypoint_x/y/z params)
[autopilot_sv_cbf_rate_node-3] [INFO] [1788156692.310051268] [uav_0.autopilot_sv_cbf_rate_node]: goal_waypoint received: [0.000, 5.500, 1.500] (overrides waypoint_x/y/z params)
[autopilot_sv_cbf_rate_node-3] [INFO] [1788156692.410058011] [uav_0.autopilot_sv_cbf_rate_node]: goal_waypoint received: [0.000, 5.500, 1.500] (overrides waypoint_x/y/z params)
[autopilot_sv_cbf_rate_node-3] [INFO] [1788156692.510029653] [uav_0.autopilot_sv_cbf_rate_node]: goal_waypoint received: [0.000, 5.500, 1.500] (overrides waypoint_x/y/z params)
[autopilot_sv_cbf_rate_node-3] [INFO] [1788156692.610018696] [uav_0.autopilot_sv_cbf_rate_node]: goal_waypoint received: [0.000, 5.500, 1.500] (overrides waypoint_x/y/z params)
[autopilot_sv_cbf_rate_node-3] [INFO] [1788156692.710034338] [uav_0.autopilot_sv_cbf_rate_node]: goal_waypoint received: [0.000, 5.500, 1.500] (overrides waypoint_x/y/z params)
[autopilot_sv_cbf_rate_node-3] [INFO] [1788156692.810023480] [uav_0.autopilot_sv_cbf_rate_node]: goal_waypoint received: [0.000, 5.500, 1.500] (overrides waypoint_x/y/z params)
[autopilot_sv_cbf_rate_node-3] [INFO] [1788156692.910018023] [uav_0.autopilot_sv_cbf_rate_node]: goal_waypoint received: [0.000, 5.500, 1.500] (overrides waypoint_x/y/z params)
[autopilot_sv_cbf_rate_node-3] [INFO] [1788156693.010165126] [uav_0.autopilot_sv_cbf_rate_node]: goal_waypoint received: [0.000, 5.500, 1.500] (overrides waypoint_x/y/z params)
[autopilot_sv_cbf_rate_node-3] [INFO] [1788156693.066782173] [uav_0.autopilot_sv_cbf_rate_node]: pos=[0.01 5.50 1.51]  T=22.975N  omega=[0.008 0.003 0.000]  certified=3 uncertified=0  delta=0.0000  gamma=7.105(PENN)  feasible=1
[autopilot_sv_cbf_rate_node-3] [INFO] [1788156693.110022221] [uav_0.autopilot_sv_cbf_rate_node]: goal_waypoint received: [0.000, 5.500, 1.500] (overrides waypoint_x/y/z params)
[autopilot_sv_cbf_rate_node-3] [INFO] [1788156693.210068512] [uav_0.autopilot_sv_cbf_rate_node]: goal_waypoint received: [0.000, 5.500, 1.500] (overrides waypoint_x/y/z params)
[autopilot_sv_cbf_rate_node-3] [INFO] [1788156693.310354700] [uav_0.autopilot_sv_cbf_rate_node]: goal_waypoint received: [0.000, 5.500, 1.500] (overrides waypoint_x/y/z params)
[autopilot_sv_cbf_rate_node-3] [INFO] [1788156693.410211095] [uav_0.autopilot_sv_cbf_rate_node]: goal_waypoint received: [0.000, 5.500, 1.500] (overrides waypoint_x/y/z params)
[autopilot_sv_cbf_rate_node-3] [INFO] [1788156693.510236387] [uav_0.autopilot_sv_cbf_rate_node]: goal_waypoint received: [0.000, 5.500, 1.500] (overrides waypoint_x/y/z params)
[autopilot_sv_cbf_rate_node-3] [INFO] [1788156693.610128881] [uav_0.autopilot_sv_cbf_rate_node]: goal_waypoint received: [0.000, 5.500, 1.500] (overrides waypoint_x/y/z params)
[autopilot_sv_cbf_rate_node-3] [INFO] [1788156693.710009275] [uav_0.autopilot_sv_cbf_rate_node]: goal_waypoint received: [0.000, 5.500, 1.500] (overrides waypoint_x/y/z params)
[autopilot_sv_cbf_rate_node-3] [INFO] [1788156693.810138465] [uav_0.autopilot_sv_cbf_rate_node]: goal_waypoint received: [0.000, 5.500, 1.500] (overrides waypoint_x/y/z params)
[autopilot_sv_cbf_rate_node-3] [INFO] [1788156693.910108958] [uav_0.autopilot_sv_cbf_rate_node]: goal_waypoint received: [0.000, 5.500, 1.500] (overrides waypoint_x/y/z params)
[autopilot_sv_cbf_rate_node-3] [INFO] [1788156694.010196150] [uav_0.autopilot_sv_cbf_rate_node]: goal_waypoint received: [0.000, 5.500, 1.500] (overrides waypoint_x/y/z params)
[autopilot_sv_cbf_rate_node-3] [INFO] [1788156694.068105180] [uav_0.autopilot_sv_cbf_rate_node]: pos=[-0.02 5.51 1.49]  T=23.034N  omega=[0.002 -0.005 0.000]  certified=3 uncertified=0  delta=0.0000  gamma=4.368(PENN)  feasible=1
[autopilot_sv_cbf_rate_node-3] [INFO] [1788156694.110076050] [uav_0.autopilot_sv_cbf_rate_node]: goal_waypoint received: [0.000, 5.500, 1.500] (overrides waypoint_x/y/z params)
[autopilot_sv_cbf_rate_node-3] [INFO] [1788156694.210098449] [uav_0.autopilot_sv_cbf_rate_node]: goal_waypoint received: [0.000, 5.500, 1.500] (overrides waypoint_x/y/z params)
[autopilot_sv_cbf_rate_node-3] [INFO] [1788156694.310067948] [uav_0.autopilot_sv_cbf_rate_node]: goal_waypoint received: [0.000, 5.500, 1.500] (overrides waypoint_x/y/z params)
[autopilot_sv_cbf_rate_node-3] [INFO] [1788156694.410176146] [uav_0.autopilot_sv_cbf_rate_node]: goal_waypoint received: [0.000, 5.500, 1.500] (overrides waypoint_x/y/z params)
[autopilot_sv_cbf_rate_node-3] [INFO] [1788156694.510287743] [uav_0.autopilot_sv_cbf_rate_node]: goal_waypoint received: [0.000, 5.500, 1.500] (overrides waypoint_x/y/z params)
[autopilot_sv_cbf_rate_node-3] [INFO] [1788156694.610094445] [uav_0.autopilot_sv_cbf_rate_node]: goal_waypoint received: [0.000, 5.500, 1.500] (overrides waypoint_x/y/z params)
[autopilot_sv_cbf_rate_node-3] [INFO] [1788156694.710084844] [uav_0.autopilot_sv_cbf_rate_node]: goal_waypoint received: [0.000, 5.500, 1.500] (overrides waypoint_x/y/z params)
[autopilot_sv_cbf_rate_node-3] [INFO] [1788156694.810124842] [uav_0.autopilot_sv_cbf_rate_node]: goal_waypoint received: [0.000, 5.500, 1.500] (overrides waypoint_x/y/z params)
[autopilot_sv_cbf_rate_node-3] [INFO] [1788156694.910054142] [uav_0.autopilot_sv_cbf_rate_node]: goal_waypoint received: [0.000, 5.500, 1.500] (overrides waypoint_x/y/z params)
[autopilot_sv_cbf_rate_node-3] [INFO] [1788156695.010037842] [uav_0.autopilot_sv_cbf_rate_node]: goal_waypoint received: [0.000, 5.500, 1.500] (overrides waypoint_x/y/z params)
[autopilot_sv_cbf_rate_node-3] [INFO] [1788156695.066838693] [uav_0.autopilot_sv_cbf_rate_node]: pos=[-0.01 5.50 1.49]  T=23.008N  omega=[0.003 -0.012 0.000]  certified=3 uncertified=0  delta=0.0000  gamma=7.526(PENN)  feasible=1
[autopilot_sv_cbf_rate_node-3] [INFO] [1788156695.110019748] [uav_0.autopilot_sv_cbf_rate_node]: goal_waypoint received: [0.000, 5.500, 1.500] (overrides waypoint_x/y/z params)
[autopilot_sv_cbf_rate_node-3] [INFO] [1788156695.210078952] [uav_0.autopilot_sv_cbf_rate_node]: goal_waypoint received: [0.000, 5.500, 1.500] (overrides waypoint_x/y/z params)
[autopilot_sv_cbf_rate_node-3] [INFO] [1788156695.310107458] [uav_0.autopilot_sv_cbf_rate_node]: goal_waypoint received: [0.000, 5.500, 1.500] (overrides waypoint_x/y/z params)
[autopilot_sv_cbf_rate_node-3] [INFO] [1788156695.410060364] [uav_0.autopilot_sv_cbf_rate_node]: goal_waypoint received: [0.000, 5.500, 1.500] (overrides waypoint_x/y/z params)
[autopilot_sv_cbf_rate_node-3] [INFO] [1788156695.510031270] [uav_0.autopilot_sv_cbf_rate_node]: goal_waypoint received: [0.000, 5.500, 1.500] (overrides waypoint_x/y/z params)
[autopilot_sv_cbf_rate_node-3] [INFO] [1788156695.610185073] [uav_0.autopilot_sv_cbf_rate_node]: goal_waypoint received: [0.000, 5.500, 1.500] (overrides waypoint_x/y/z params)
[autopilot_sv_cbf_rate_node-3] [INFO] [1788156695.710200179] [uav_0.autopilot_sv_cbf_rate_node]: goal_waypoint received: [0.000, 5.500, 1.500] (overrides waypoint_x/y/z params)
[autopilot_sv_cbf_rate_node-3] [INFO] [1788156695.810210984] [uav_0.autopilot_sv_cbf_rate_node]: goal_waypoint received: [0.000, 5.500, 1.500] (overrides waypoint_x/y/z params)
[autopilot_sv_cbf_rate_node-3] [INFO] [1788156695.910100891] [uav_0.autopilot_sv_cbf_rate_node]: goal_waypoint received: [0.000, 5.500, 1.500] (overrides waypoint_x/y/z params)
[autopilot_sv_cbf_rate_node-3] [INFO] [1788156696.010216895] [uav_0.autopilot_sv_cbf_rate_node]: goal_waypoint received: [0.000, 5.500, 1.500] (overrides waypoint_x/y/z params)
[autopilot_sv_cbf_rate_node-3] [INFO] [1788156696.066712355] [uav_0.autopilot_sv_cbf_rate_node]: pos=[-0.02 5.50 1.51]  T=22.938N  omega=[0.005 0.006 0.000]  certified=3 uncertified=0  delta=0.0000  gamma=9.105(PENN)  feasible=1
[autopilot_sv_cbf_rate_node-3] [INFO] [1788156696.110218907] [uav_0.autopilot_sv_cbf_rate_node]: goal_waypoint received: [0.000, 5.500, 1.500] (overrides waypoint_x/y/z params)
[autopilot_sv_cbf_rate_node-3] [INFO] [1788156696.210176620] [uav_0.autopilot_sv_cbf_rate_node]: goal_waypoint received: [0.000, 5.500, 1.500] (overrides waypoint_x/y/z params)
[autopilot_sv_cbf_rate_node-3] [INFO] [1788156696.310221832] [uav_0.autopilot_sv_cbf_rate_node]: goal_waypoint received: [0.000, 5.500, 1.500] (overrides waypoint_x/y/z params)
[autopilot_sv_cbf_rate_node-3] [INFO] [1788156696.410125045] [uav_0.autopilot_sv_cbf_rate_node]: goal_waypoint received: [0.000, 5.500, 1.500] (overrides waypoint_x/y/z params)
[autopilot_sv_cbf_rate_node-3] [INFO] [1788156696.510169057] [uav_0.autopilot_sv_cbf_rate_node]: goal_waypoint received: [0.000, 5.500, 1.500] (overrides waypoint_x/y/z params)
[autopilot_sv_cbf_rate_node-3] [INFO] [1788156696.610077470] [uav_0.autopilot_sv_cbf_rate_node]: goal_waypoint received: [0.000, 5.500, 1.500] (overrides waypoint_x/y/z params)
[autopilot_sv_cbf_rate_node-3] [INFO] [1788156696.710023283] [uav_0.autopilot_sv_cbf_rate_node]: goal_waypoint received: [0.000, 5.500, 1.500] (overrides waypoint_x/y/z params)
[autopilot_sv_cbf_rate_node-3] [INFO] [1788156696.810086728] [uav_0.autopilot_sv_cbf_rate_node]: goal_waypoint received: [0.000, 5.500, 1.500] (overrides waypoint_x/y/z params)
[autopilot_sv_cbf_rate_node-3] [INFO] [1788156696.910198144] [uav_0.autopilot_sv_cbf_rate_node]: goal_waypoint received: [0.000, 5.500, 1.500] (overrides waypoint_x/y/z params)
[autopilot_sv_cbf_rate_node-3] [INFO] [1788156697.010068162] [uav_0.autopilot_sv_cbf_rate_node]: goal_waypoint received: [0.000, 5.500, 1.500] (overrides waypoint_x/y/z params)
[autopilot_sv_cbf_rate_node-3] [INFO] [1788156697.066774608] [uav_0.autopilot_sv_cbf_rate_node]: pos=[-0.02 5.52 1.50]  T=23.033N  omega=[-0.000 -0.014 0.000]  certified=3 uncertified=0  delta=0.0000  gamma=2.000(PENN)  feasible=1
[autopilot_sv_cbf_rate_node-3] [INFO] [1788156697.110119185] [uav_0.autopilot_sv_cbf_rate_node]: goal_waypoint received: [0.000, 5.500, 1.500] (overrides waypoint_x/y/z params)
[autopilot_sv_cbf_rate_node-3] [INFO] [1788156697.210077908] [uav_0.autopilot_sv_cbf_rate_node]: goal_waypoint received: [0.000, 5.500, 1.500] (overrides waypoint_x/y/z params)
[autopilot_sv_cbf_rate_node-3] [INFO] [1788156697.310118531] [uav_0.autopilot_sv_cbf_rate_node]: goal_waypoint received: [0.000, 5.500, 1.500] (overrides waypoint_x/y/z params)
[autopilot_sv_cbf_rate_node-3] [INFO] [1788156697.410054755] [uav_0.autopilot_sv_cbf_rate_node]: goal_waypoint received: [0.000, 5.500, 1.500] (overrides waypoint_x/y/z params)
[autopilot_sv_cbf_rate_node-3] [INFO] [1788156697.510076578] [uav_0.autopilot_sv_cbf_rate_node]: goal_waypoint received: [0.000, 5.500, 1.500] (overrides waypoint_x/y/z params)
[autopilot_sv_cbf_rate_node-3] [INFO] [1788156697.610038402] [uav_0.autopilot_sv_cbf_rate_node]: goal_waypoint received: [0.000, 5.500, 1.500] (overrides waypoint_x/y/z params)
[autopilot_sv_cbf_rate_node-3] [INFO] [1788156697.710116424] [uav_0.autopilot_sv_cbf_rate_node]: goal_waypoint received: [0.000, 5.500, 1.500] (overrides waypoint_x/y/z params)
[autopilot_sv_cbf_rate_node-3] [INFO] [1788156697.810099648] [uav_0.autopilot_sv_cbf_rate_node]: goal_waypoint received: [0.000, 5.500, 1.500] (overrides waypoint_x/y/z params)
[autopilot_sv_cbf_rate_node-3] [INFO] [1788156697.910065871] [uav_0.autopilot_sv_cbf_rate_node]: goal_waypoint received: [0.000, 5.500, 1.500] (overrides waypoint_x/y/z params)
[autopilot_sv_cbf_rate_node-3] [INFO] [1788156698.010065495] [uav_0.autopilot_sv_cbf_rate_node]: goal_waypoint received: [0.000, 5.500, 1.500] (overrides waypoint_x/y/z params)
[autopilot_sv_cbf_rate_node-3] [INFO] [1788156698.066610346] [uav_0.autopilot_sv_cbf_rate_node]: pos=[0.01 5.52 1.49]  T=23.014N  omega=[-0.006 0.009 0.000]  certified=3 uncertified=0  delta=0.0000  gamma=9.105(PENN)  feasible=1
[autopilot_sv_cbf_rate_node-3] [INFO] [1788156698.110090124] [uav_0.autopilot_sv_cbf_rate_node]: goal_waypoint received: [0.000, 5.500, 1.500] (overrides waypoint_x/y/z params)
[autopilot_sv_cbf_rate_node-3] [INFO] [1788156698.210059754] [uav_0.autopilot_sv_cbf_rate_node]: goal_waypoint received: [0.000, 5.500, 1.500] (overrides waypoint_x/y/z params)
[autopilot_sv_cbf_rate_node-3] [INFO] [1788156698.310032385] [uav_0.autopilot_sv_cbf_rate_node]: goal_waypoint received: [0.000, 5.500, 1.500] (overrides waypoint_x/y/z params)
[autopilot_sv_cbf_rate_node-3] [INFO] [1788156698.410191913] [uav_0.autopilot_sv_cbf_rate_node]: goal_waypoint received: [0.000, 5.500, 1.500] (overrides waypoint_x/y/z params)
[autopilot_sv_cbf_rate_node-3] [INFO] [1788156698.510265742] [uav_0.autopilot_sv_cbf_rate_node]: goal_waypoint received: [0.000, 5.500, 1.500] (overrides waypoint_x/y/z params)
[autopilot_sv_cbf_rate_node-3] [INFO] [1788156698.610160673] [uav_0.autopilot_sv_cbf_rate_node]: goal_waypoint received: [0.000, 5.500, 1.500] (overrides waypoint_x/y/z params)
[autopilot_sv_cbf_rate_node-3] [INFO] [1788156698.710122003] [uav_0.autopilot_sv_cbf_rate_node]: goal_waypoint received: [0.000, 5.500, 1.500] (overrides waypoint_x/y/z params)
[autopilot_sv_cbf_rate_node-3] [INFO] [1788156698.810246832] [uav_0.autopilot_sv_cbf_rate_node]: goal_waypoint received: [0.000, 5.500, 1.500] (overrides waypoint_x/y/z params)
[autopilot_sv_cbf_rate_node-3] [INFO] [1788156698.910288861] [uav_0.autopilot_sv_cbf_rate_node]: goal_waypoint received: [0.000, 5.500, 1.500] (overrides waypoint_x/y/z params)
[autopilot_sv_cbf_rate_node-3] [INFO] [1788156699.010109393] [uav_0.autopilot_sv_cbf_rate_node]: goal_waypoint received: [0.000, 5.500, 1.500] (overrides waypoint_x/y/z params)
[autopilot_sv_cbf_rate_node-3] [INFO] [1788156699.066604948] [uav_0.autopilot_sv_cbf_rate_node]: pos=[0.00 5.50 1.49]  T=23.003N  omega=[0.010 0.005 0.000]  certified=3 uncertified=0  delta=0.0000  gamma=7.605(PENN)  feasible=1
[autopilot_sv_cbf_rate_node-3] [INFO] [1788156699.110094029] [uav_0.autopilot_sv_cbf_rate_node]: goal_waypoint received: [0.000, 5.500, 1.500] (overrides waypoint_x/y/z params)
[autopilot_sv_cbf_rate_node-3] [INFO] [1788156699.210026666] [uav_0.autopilot_sv_cbf_rate_node]: goal_waypoint received: [0.000, 5.500, 1.500] (overrides waypoint_x/y/z params)
[autopilot_sv_cbf_rate_node-3] [INFO] [1788156699.310055802] [uav_0.autopilot_sv_cbf_rate_node]: goal_waypoint received: [0.000, 5.500, 1.500] (overrides waypoint_x/y/z params)
[autopilot_sv_cbf_rate_node-3] [INFO] [1788156699.410076439] [uav_0.autopilot_sv_cbf_rate_node]: goal_waypoint received: [0.000, 5.500, 1.500] (overrides waypoint_x/y/z params)
[autopilot_sv_cbf_rate_node-3] [INFO] [1788156699.510068975] [uav_0.autopilot_sv_cbf_rate_node]: goal_waypoint received: [0.000, 5.500, 1.500] (overrides waypoint_x/y/z params)
[autopilot_sv_cbf_rate_node-3] [INFO] [1788156699.610091911] [uav_0.autopilot_sv_cbf_rate_node]: goal_waypoint received: [0.000, 5.500, 1.500] (overrides waypoint_x/y/z params)
[autopilot_sv_cbf_rate_node-3] [INFO] [1788156699.710067348] [uav_0.autopilot_sv_cbf_rate_node]: goal_waypoint received: [0.000, 5.500, 1.500] (overrides waypoint_x/y/z params)
[autopilot_sv_cbf_rate_node-3] [INFO] [1788156699.810091884] [uav_0.autopilot_sv_cbf_rate_node]: goal_waypoint received: [0.000, 5.500, 1.500] (overrides waypoint_x/y/z params)
[autopilot_sv_cbf_rate_node-3] [INFO] [1788156699.910179519] [uav_0.autopilot_sv_cbf_rate_node]: goal_waypoint received: [0.000, 5.500, 1.500] (overrides waypoint_x/y/z params)
[autopilot_sv_cbf_rate_node-3] [INFO] [1788156700.010017158] [uav_0.autopilot_sv_cbf_rate_node]: goal_waypoint received: [0.000, 5.500, 1.500] (overrides waypoint_x/y/z params)
[autopilot_sv_cbf_rate_node-3] [INFO] [1788156700.066754015] [uav_0.autopilot_sv_cbf_rate_node]: pos=[-0.00 5.50 1.49]  T=22.998N  omega=[-0.001 -0.006 0.000]  certified=3 uncertified=0  delta=0.0000  gamma=9.105(PENN)  feasible=1
[autopilot_sv_cbf_rate_node-3] [INFO] [1788156700.110101800] [uav_0.autopilot_sv_cbf_rate_node]: goal_waypoint received: [0.000, 5.500, 1.500] (overrides waypoint_x/y/z params)
[autopilot_sv_cbf_rate_node-3] [INFO] [1788156700.210115742] [uav_0.autopilot_sv_cbf_rate_node]: goal_waypoint received: [0.000, 5.500, 1.500] (overrides waypoint_x/y/z params)
[autopilot_sv_cbf_rate_node-3] [INFO] [1788156700.310149885] [uav_0.autopilot_sv_cbf_rate_node]: goal_waypoint received: [0.000, 5.500, 1.500] (overrides waypoint_x/y/z params)
[autopilot_sv_cbf_rate_node-3] [INFO] [1788156700.410052029] [uav_0.autopilot_sv_cbf_rate_node]: goal_waypoint received: [0.000, 5.500, 1.500] (overrides waypoint_x/y/z params)
[autopilot_sv_cbf_rate_node-3] [INFO] [1788156700.510090771] [uav_0.autopilot_sv_cbf_rate_node]: goal_waypoint received: [0.000, 5.500, 1.500] (overrides waypoint_x/y/z params)
[autopilot_sv_cbf_rate_node-3] [INFO] [1788156700.610074314] [uav_0.autopilot_sv_cbf_rate_node]: goal_waypoint received: [0.000, 5.500, 1.500] (overrides waypoint_x/y/z params)
[autopilot_sv_cbf_rate_node-3] [INFO] [1788156700.710193756] [uav_0.autopilot_sv_cbf_rate_node]: goal_waypoint received: [0.000, 5.500, 1.500] (overrides waypoint_x/y/z params)
[autopilot_sv_cbf_rate_node-3] [INFO] [1788156700.810138800] [uav_0.autopilot_sv_cbf_rate_node]: goal_waypoint received: [0.000, 5.500, 1.500] (overrides waypoint_x/y/z params)
[autopilot_sv_cbf_rate_node-3] [INFO] [1788156700.910101443] [uav_0.autopilot_sv_cbf_rate_node]: goal_waypoint received: [0.000, 5.500, 1.500] (overrides waypoint_x/y/z params)
[autopilot_sv_cbf_rate_node-3] [INFO] [1788156701.010268735] [uav_0.autopilot_sv_cbf_rate_node]: goal_waypoint received: [0.000, 5.500, 1.500] (overrides waypoint_x/y/z params)
[autopilot_sv_cbf_rate_node-3] [INFO] [1788156701.066670595] [uav_0.autopilot_sv_cbf_rate_node]: pos=[-0.01 5.50 1.50]  T=22.987N  omega=[-0.006 -0.013 0.000]  certified=3 uncertified=0  delta=0.0000  gamma=9.105(PENN)  feasible=1
[autopilot_sv_cbf_rate_node-3] [INFO] [1788156701.110071326] [uav_0.autopilot_sv_cbf_rate_node]: goal_waypoint received: [0.000, 5.500, 1.500] (overrides waypoint_x/y/z params)
[autopilot_sv_cbf_rate_node-3] [INFO] [1788156701.210060914] [uav_0.autopilot_sv_cbf_rate_node]: goal_waypoint received: [0.000, 5.500, 1.500] (overrides waypoint_x/y/z params)
[autopilot_sv_cbf_rate_node-3] [INFO] [1788156701.310134801] [uav_0.autopilot_sv_cbf_rate_node]: goal_waypoint received: [0.000, 5.500, 1.500] (overrides waypoint_x/y/z params)
[autopilot_sv_cbf_rate_node-3] [INFO] [1788156701.410246488] [uav_0.autopilot_sv_cbf_rate_node]: goal_waypoint received: [0.000, 5.500, 1.500] (overrides waypoint_x/y/z params)
[autopilot_sv_cbf_rate_node-3] [INFO] [1788156701.510031979] [uav_0.autopilot_sv_cbf_rate_node]: goal_waypoint received: [0.000, 5.500, 1.500] (overrides waypoint_x/y/z params)
[autopilot_sv_cbf_rate_node-3] [INFO] [1788156701.610041567] [uav_0.autopilot_sv_cbf_rate_node]: goal_waypoint received: [0.000, 5.500, 1.500] (overrides waypoint_x/y/z params)
[autopilot_sv_cbf_rate_node-3] [INFO] [1788156701.710040455] [uav_0.autopilot_sv_cbf_rate_node]: goal_waypoint received: [0.000, 5.500, 1.500] (overrides waypoint_x/y/z params)
[autopilot_sv_cbf_rate_node-3] [INFO] [1788156701.810085543] [uav_0.autopilot_sv_cbf_rate_node]: goal_waypoint received: [0.000, 5.500, 1.500] (overrides waypoint_x/y/z params)
[autopilot_sv_cbf_rate_node-3] [INFO] [1788156701.910041032] [uav_0.autopilot_sv_cbf_rate_node]: goal_waypoint received: [0.000, 5.500, 1.500] (overrides waypoint_x/y/z params)
[autopilot_sv_cbf_rate_node-3] [INFO] [1788156702.010071520] [uav_0.autopilot_sv_cbf_rate_node]: goal_waypoint received: [0.000, 5.500, 1.500] (overrides waypoint_x/y/z params)
[autopilot_sv_cbf_rate_node-3] [INFO] [1788156702.066662081] [uav_0.autopilot_sv_cbf_rate_node]: pos=[-0.00 5.50 1.50]  T=22.970N  omega=[-0.019 0.003 0.000]  certified=3 uncertified=0  delta=0.0000  gamma=2.658(PENN)  feasible=1
[autopilot_sv_cbf_rate_node-3] [INFO] [1788156702.110080914] [uav_0.autopilot_sv_cbf_rate_node]: goal_waypoint received: [0.000, 5.500, 1.500] (overrides waypoint_x/y/z params)
[autopilot_sv_cbf_rate_node-3] [INFO] [1788156702.210138208] [uav_0.autopilot_sv_cbf_rate_node]: goal_waypoint received: [0.000, 5.500, 1.500] (overrides waypoint_x/y/z params)
[autopilot_sv_cbf_rate_node-3] [INFO] [1788156702.310369100] [uav_0.autopilot_sv_cbf_rate_node]: goal_waypoint received: [0.000, 5.500, 1.500] (overrides waypoint_x/y/z params)
[autopilot_sv_cbf_rate_node-3] [INFO] [1788156702.410100398] [uav_0.autopilot_sv_cbf_rate_node]: goal_waypoint received: [0.000, 5.500, 1.500] (overrides waypoint_x/y/z params)
[autopilot_sv_cbf_rate_node-3] [INFO] [1788156702.510147592] [uav_0.autopilot_sv_cbf_rate_node]: goal_waypoint received: [0.000, 5.500, 1.500] (overrides waypoint_x/y/z params)
[autopilot_sv_cbf_rate_node-3] [INFO] [1788156702.610024488] [uav_0.autopilot_sv_cbf_rate_node]: goal_waypoint received: [0.000, 5.500, 1.500] (overrides waypoint_x/y/z params)
[autopilot_sv_cbf_rate_node-3] [INFO] [1788156702.710019983] [uav_0.autopilot_sv_cbf_rate_node]: goal_waypoint received: [0.000, 5.500, 1.500] (overrides waypoint_x/y/z params)
[autopilot_sv_cbf_rate_node-3] [INFO] [1788156702.810075877] [uav_0.autopilot_sv_cbf_rate_node]: goal_waypoint received: [0.000, 5.500, 1.500] (overrides waypoint_x/y/z params)
[autopilot_sv_cbf_rate_node-3] [INFO] [1788156702.910157271] [uav_0.autopilot_sv_cbf_rate_node]: goal_waypoint received: [0.000, 5.500, 1.500] (overrides waypoint_x/y/z params)
[autopilot_sv_cbf_rate_node-3] [INFO] [1788156703.010169365] [uav_0.autopilot_sv_cbf_rate_node]: goal_waypoint received: [0.000, 5.500, 1.500] (overrides waypoint_x/y/z params)
[autopilot_sv_cbf_rate_node-3] [INFO] [1788156703.066649732] [uav_0.autopilot_sv_cbf_rate_node]: pos=[0.00 5.50 1.50]  T=22.974N  omega=[0.006 0.013 0.000]  certified=3 uncertified=0  delta=0.0000  gamma=8.711(PENN)  feasible=1
[autopilot_sv_cbf_rate_node-3] [INFO] [1788156703.110116367] [uav_0.autopilot_sv_cbf_rate_node]: goal_waypoint received: [0.000, 5.500, 1.500] (overrides waypoint_x/y/z params)
[autopilot_sv_cbf_rate_node-3] [INFO] [1788156703.210063669] [uav_0.autopilot_sv_cbf_rate_node]: goal_waypoint received: [0.000, 5.500, 1.500] (overrides waypoint_x/y/z params)
[autopilot_sv_cbf_rate_node-3] [INFO] [1788156703.310157169] [uav_0.autopilot_sv_cbf_rate_node]: goal_waypoint received: [0.000, 5.500, 1.500] (overrides waypoint_x/y/z params)
[autopilot_sv_cbf_rate_node-3] [INFO] [1788156703.410173170] [uav_0.autopilot_sv_cbf_rate_node]: goal_waypoint received: [0.000, 5.500, 1.500] (overrides waypoint_x/y/z params)
[autopilot_sv_cbf_rate_node-3] [INFO] [1788156703.510129372] [uav_0.autopilot_sv_cbf_rate_node]: goal_waypoint received: [0.000, 5.500, 1.500] (overrides waypoint_x/y/z params)
[autopilot_sv_cbf_rate_node-3] [INFO] [1788156703.610057674] [uav_0.autopilot_sv_cbf_rate_node]: goal_waypoint received: [0.000, 5.500, 1.500] (overrides waypoint_x/y/z params)
[autopilot_sv_cbf_rate_node-3] [INFO] [1788156703.710042676] [uav_0.autopilot_sv_cbf_rate_node]: goal_waypoint received: [0.000, 5.500, 1.500] (overrides waypoint_x/y/z params)
[autopilot_sv_cbf_rate_node-3] [INFO] [1788156703.810053877] [uav_0.autopilot_sv_cbf_rate_node]: goal_waypoint received: [0.000, 5.500, 1.500] (overrides waypoint_x/y/z params)
[autopilot_sv_cbf_rate_node-3] [INFO] [1788156703.910042578] [uav_0.autopilot_sv_cbf_rate_node]: goal_waypoint received: [0.000, 5.500, 1.500] (overrides waypoint_x/y/z params)
[autopilot_sv_cbf_rate_node-3] [INFO] [1788156704.010040979] [uav_0.autopilot_sv_cbf_rate_node]: goal_waypoint received: [0.000, 5.500, 1.500] (overrides waypoint_x/y/z params)
[autopilot_sv_cbf_rate_node-3] [INFO] [1788156704.066599348] [uav_0.autopilot_sv_cbf_rate_node]: pos=[0.00 5.53 1.50]  T=23.017N  omega=[-0.002 0.001 0.000]  certified=3 uncertified=0  delta=0.0000  gamma=5.947(PENN)  feasible=1
[autopilot_sv_cbf_rate_node-3] [INFO] [1788156704.110064187] [uav_0.autopilot_sv_cbf_rate_node]: goal_waypoint received: [0.000, 5.500, 1.500] (overrides waypoint_x/y/z params)
[autopilot_sv_cbf_rate_node-3] [INFO] [1788156704.210083094] [uav_0.autopilot_sv_cbf_rate_node]: goal_waypoint received: [0.000, 5.500, 1.500] (overrides waypoint_x/y/z params)
[autopilot_sv_cbf_rate_node-3] [INFO] [1788156704.310007303] [uav_0.autopilot_sv_cbf_rate_node]: goal_waypoint received: [0.000, 5.500, 1.500] (overrides waypoint_x/y/z params)
[autopilot_sv_cbf_rate_node-3] [INFO] [1788156704.410078310] [uav_0.autopilot_sv_cbf_rate_node]: goal_waypoint received: [0.000, 5.500, 1.500] (overrides waypoint_x/y/z params)
[autopilot_sv_cbf_rate_node-3] [INFO] [1788156704.510093117] [uav_0.autopilot_sv_cbf_rate_node]: goal_waypoint received: [0.000, 5.500, 1.500] (overrides waypoint_x/y/z params)
[autopilot_sv_cbf_rate_node-3] [INFO] [1788156704.610067325] [uav_0.autopilot_sv_cbf_rate_node]: goal_waypoint received: [0.000, 5.500, 1.500] (overrides waypoint_x/y/z params)
[autopilot_sv_cbf_rate_node-3] [INFO] [1788156704.710050819] [uav_0.autopilot_sv_cbf_rate_node]: goal_waypoint received: [0.000, 5.500, 1.500] (overrides waypoint_x/y/z params)
[autopilot_sv_cbf_rate_node-3] [INFO] [1788156704.810060328] [uav_0.autopilot_sv_cbf_rate_node]: goal_waypoint received: [0.000, 5.500, 1.500] (overrides waypoint_x/y/z params)
[autopilot_sv_cbf_rate_node-3] [INFO] [1788156704.910146537] [uav_0.autopilot_sv_cbf_rate_node]: goal_waypoint received: [0.000, 5.500, 1.500] (overrides waypoint_x/y/z params)
[autopilot_sv_cbf_rate_node-3] [INFO] [1788156705.010024949] [uav_0.autopilot_sv_cbf_rate_node]: goal_waypoint received: [0.000, 5.500, 1.500] (overrides waypoint_x/y/z params)
[autopilot_sv_cbf_rate_node-3] [INFO] [1788156705.066578492] [uav_0.autopilot_sv_cbf_rate_node]: pos=[-0.00 5.52 1.50]  T=22.979N  omega=[0.007 0.001 0.000]  certified=3 uncertified=0  delta=0.0000  gamma=2.000(PENN)  feasible=1
[autopilot_sv_cbf_rate_node-3] [INFO] [1788156705.110234763] [uav_0.autopilot_sv_cbf_rate_node]: goal_waypoint received: [0.000, 5.500, 1.500] (overrides waypoint_x/y/z params)
[autopilot_sv_cbf_rate_node-3] [INFO] [1788156705.210201980] [uav_0.autopilot_sv_cbf_rate_node]: goal_waypoint received: [0.000, 5.500, 1.500] (overrides waypoint_x/y/z params)
[autopilot_sv_cbf_rate_node-3] [INFO] [1788156705.310366394] [uav_0.autopilot_sv_cbf_rate_node]: goal_waypoint received: [0.000, 5.500, 1.500] (overrides waypoint_x/y/z params)
[autopilot_sv_cbf_rate_node-3] [INFO] [1788156705.410150013] [uav_0.autopilot_sv_cbf_rate_node]: goal_waypoint received: [0.000, 5.500, 1.500] (overrides waypoint_x/y/z params)
[autopilot_sv_cbf_rate_node-3] [INFO] [1788156705.510158729] [uav_0.autopilot_sv_cbf_rate_node]: goal_waypoint received: [0.000, 5.500, 1.500] (overrides waypoint_x/y/z params)
[autopilot_sv_cbf_rate_node-3] [INFO] [1788156705.610075346] [uav_0.autopilot_sv_cbf_rate_node]: goal_waypoint received: [0.000, 5.500, 1.500] (overrides waypoint_x/y/z params)
[autopilot_sv_cbf_rate_node-3] [INFO] [1788156705.710085163] [uav_0.autopilot_sv_cbf_rate_node]: goal_waypoint received: [0.000, 5.500, 1.500] (overrides waypoint_x/y/z params)
[autopilot_sv_cbf_rate_node-3] [INFO] [1788156705.810077479] [uav_0.autopilot_sv_cbf_rate_node]: goal_waypoint received: [0.000, 5.500, 1.500] (overrides waypoint_x/y/z params)
[autopilot_sv_cbf_rate_node-3] [INFO] [1788156705.910037196] [uav_0.autopilot_sv_cbf_rate_node]: goal_waypoint received: [0.000, 5.500, 1.500] (overrides waypoint_x/y/z params)
[autopilot_sv_cbf_rate_node-3] [INFO] [1788156706.010071712] [uav_0.autopilot_sv_cbf_rate_node]: goal_waypoint received: [0.000, 5.500, 1.500] (overrides waypoint_x/y/z params)
[autopilot_sv_cbf_rate_node-3] [INFO] [1788156706.066597260] [uav_0.autopilot_sv_cbf_rate_node]: pos=[0.02 5.51 1.50]  T=23.000N  omega=[0.001 -0.002 0.000]  certified=3 uncertified=0  delta=0.0000  gamma=6.132(PENN)  feasible=1
[autopilot_sv_cbf_rate_node-3] [INFO] [1788156706.110082935] [uav_0.autopilot_sv_cbf_rate_node]: goal_waypoint received: [0.000, 5.500, 1.500] (overrides waypoint_x/y/z params)
[autopilot_sv_cbf_rate_node-3] [INFO] [1788156706.210221356] [uav_0.autopilot_sv_cbf_rate_node]: goal_waypoint received: [0.000, 5.500, 1.500] (overrides waypoint_x/y/z params)
[autopilot_sv_cbf_rate_node-3] [INFO] [1788156706.310021881] [uav_0.autopilot_sv_cbf_rate_node]: goal_waypoint received: [0.000, 5.500, 1.500] (overrides waypoint_x/y/z params)
[autopilot_sv_cbf_rate_node-3] [INFO] [1788156706.410080203] [uav_0.autopilot_sv_cbf_rate_node]: goal_waypoint received: [0.000, 5.500, 1.500] (overrides waypoint_x/y/z params)
[autopilot_sv_cbf_rate_node-3] [INFO] [1788156706.510102326] [uav_0.autopilot_sv_cbf_rate_node]: goal_waypoint received: [0.000, 5.500, 1.500] (overrides waypoint_x/y/z params)
[autopilot_sv_cbf_rate_node-3] [INFO] [1788156706.610092049] [uav_0.autopilot_sv_cbf_rate_node]: goal_waypoint received: [0.000, 5.500, 1.500] (overrides waypoint_x/y/z params)
[autopilot_sv_cbf_rate_node-3] [INFO] [1788156706.710342869] [uav_0.autopilot_sv_cbf_rate_node]: goal_waypoint received: [0.000, 5.500, 1.500] (overrides waypoint_x/y/z params)
[autopilot_sv_cbf_rate_node-3] [INFO] [1788156706.810163994] [uav_0.autopilot_sv_cbf_rate_node]: goal_waypoint received: [0.000, 5.500, 1.500] (overrides waypoint_x/y/z params)
[autopilot_sv_cbf_rate_node-3] [INFO] [1788156706.910172316] [uav_0.autopilot_sv_cbf_rate_node]: goal_waypoint received: [0.000, 5.500, 1.500] (overrides waypoint_x/y/z params)
[autopilot_sv_cbf_rate_node-3] [INFO] [1788156707.010205239] [uav_0.autopilot_sv_cbf_rate_node]: goal_waypoint received: [0.000, 5.500, 1.500] (overrides waypoint_x/y/z params)
[autopilot_sv_cbf_rate_node-3] [INFO] [1788156707.066575392] [uav_0.autopilot_sv_cbf_rate_node]: pos=[0.02 5.49 1.50]  T=22.959N  omega=[-0.009 0.001 0.000]  certified=3 uncertified=0  delta=0.0000  gamma=2.000(PENN)  feasible=1
[autopilot_sv_cbf_rate_node-3] [INFO] [1788156707.110144469] [uav_0.autopilot_sv_cbf_rate_node]: goal_waypoint received: [0.000, 5.500, 1.500] (overrides waypoint_x/y/z params)
[autopilot_sv_cbf_rate_node-3] [INFO] [1788156707.210079799] [uav_0.autopilot_sv_cbf_rate_node]: goal_waypoint received: [0.000, 5.500, 1.500] (overrides waypoint_x/y/z params)
[autopilot_sv_cbf_rate_node-3] [INFO] [1788156707.310141927] [uav_0.autopilot_sv_cbf_rate_node]: goal_waypoint received: [0.000, 5.500, 1.500] (overrides waypoint_x/y/z params)
[autopilot_sv_cbf_rate_node-3] [INFO] [1788156707.410098957] [uav_0.autopilot_sv_cbf_rate_node]: goal_waypoint received: [0.000, 5.500, 1.500] (overrides waypoint_x/y/z params)
[autopilot_sv_cbf_rate_node-3] [INFO] [1788156707.510154886] [uav_0.autopilot_sv_cbf_rate_node]: goal_waypoint received: [0.000, 5.500, 1.500] (overrides waypoint_x/y/z params)
[autopilot_sv_cbf_rate_node-3] [INFO] [1788156707.610067916] [uav_0.autopilot_sv_cbf_rate_node]: goal_waypoint received: [0.000, 5.500, 1.500] (overrides waypoint_x/y/z params)
[autopilot_sv_cbf_rate_node-3] [INFO] [1788156707.710016646] [uav_0.autopilot_sv_cbf_rate_node]: goal_waypoint received: [0.000, 5.500, 1.500] (overrides waypoint_x/y/z params)
[autopilot_sv_cbf_rate_node-3] [INFO] [1788156707.810140674] [uav_0.autopilot_sv_cbf_rate_node]: goal_waypoint received: [0.000, 5.500, 1.500] (overrides waypoint_x/y/z params)
[autopilot_sv_cbf_rate_node-3] [INFO] [1788156707.910069204] [uav_0.autopilot_sv_cbf_rate_node]: goal_waypoint received: [0.000, 5.500, 1.500] (overrides waypoint_x/y/z params)
[autopilot_sv_cbf_rate_node-3] [INFO] [1788156708.010046533] [uav_0.autopilot_sv_cbf_rate_node]: goal_waypoint received: [0.000, 5.500, 1.500] (overrides waypoint_x/y/z params)
[autopilot_sv_cbf_rate_node-3] [INFO] [1788156708.066439890] [uav_0.autopilot_sv_cbf_rate_node]: pos=[0.01 5.48 1.51]  T=22.977N  omega=[0.004 0.004 0.000]  certified=3 uncertified=0  delta=0.0000  gamma=2.000(PENN)  feasible=1
[autopilot_sv_cbf_rate_node-3] [INFO] [1788156708.110040769] [uav_0.autopilot_sv_cbf_rate_node]: goal_waypoint received: [0.000, 5.500, 1.500] (overrides waypoint_x/y/z params)
[autopilot_sv_cbf_rate_node-3] [INFO] [1788156708.210029705] [uav_0.autopilot_sv_cbf_rate_node]: goal_waypoint received: [0.000, 5.500, 1.500] (overrides waypoint_x/y/z params)
[autopilot_sv_cbf_rate_node-3] [INFO] [1788156708.310105840] [uav_0.autopilot_sv_cbf_rate_node]: goal_waypoint received: [0.000, 5.500, 1.500] (overrides waypoint_x/y/z params)
[autopilot_sv_cbf_rate_node-3] [INFO] [1788156708.410104776] [uav_0.autopilot_sv_cbf_rate_node]: goal_waypoint received: [0.000, 5.500, 1.500] (overrides waypoint_x/y/z params)
[autopilot_sv_cbf_rate_node-3] [INFO] [1788156708.510055512] [uav_0.autopilot_sv_cbf_rate_node]: goal_waypoint received: [0.000, 5.500, 1.500] (overrides waypoint_x/y/z params)
[autopilot_sv_cbf_rate_node-3] [INFO] [1788156708.610078847] [uav_0.autopilot_sv_cbf_rate_node]: goal_waypoint received: [0.000, 5.500, 1.500] (overrides waypoint_x/y/z params)
[autopilot_sv_cbf_rate_node-3] [INFO] [1788156708.710058283] [uav_0.autopilot_sv_cbf_rate_node]: goal_waypoint received: [0.000, 5.500, 1.500] (overrides waypoint_x/y/z params)
[autopilot_sv_cbf_rate_node-3] [INFO] [1788156708.810030219] [uav_0.autopilot_sv_cbf_rate_node]: goal_waypoint received: [0.000, 5.500, 1.500] (overrides waypoint_x/y/z params)
[autopilot_sv_cbf_rate_node-3] [INFO] [1788156708.910082754] [uav_0.autopilot_sv_cbf_rate_node]: goal_waypoint received: [0.000, 5.500, 1.500] (overrides waypoint_x/y/z params)
[autopilot_sv_cbf_rate_node-3] [INFO] [1788156709.010109878] [uav_0.autopilot_sv_cbf_rate_node]: goal_waypoint received: [0.000, 5.500, 1.500] (overrides waypoint_x/y/z params)
[autopilot_sv_cbf_rate_node-3] [INFO] [1788156709.066485233] [uav_0.autopilot_sv_cbf_rate_node]: pos=[-0.02 5.51 1.51]  T=23.023N  omega=[-0.018 0.004 0.000]  certified=3 uncertified=0  delta=0.0000  gamma=6.605(PENN)  feasible=1
[autopilot_sv_cbf_rate_node-3] [INFO] [1788156709.110078858] [uav_0.autopilot_sv_cbf_rate_node]: goal_waypoint received: [0.000, 5.500, 1.500] (overrides waypoint_x/y/z params)
[autopilot_sv_cbf_rate_node-3] [INFO] [1788156709.210103236] [uav_0.autopilot_sv_cbf_rate_node]: goal_waypoint received: [0.000, 5.500, 1.500] (overrides waypoint_x/y/z params)
[autopilot_sv_cbf_rate_node-3] [INFO] [1788156709.310240614] [uav_0.autopilot_sv_cbf_rate_node]: goal_waypoint received: [0.000, 5.500, 1.500] (overrides waypoint_x/y/z params)
[autopilot_sv_cbf_rate_node-3] [INFO] [1788156709.410226393] [uav_0.autopilot_sv_cbf_rate_node]: goal_waypoint received: [0.000, 5.500, 1.500] (overrides waypoint_x/y/z params)
[autopilot_sv_cbf_rate_node-3] [INFO] [1788156709.510172673] [uav_0.autopilot_sv_cbf_rate_node]: goal_waypoint received: [0.000, 5.500, 1.500] (overrides waypoint_x/y/z params)
[autopilot_sv_cbf_rate_node-3] [INFO] [1788156709.610198252] [uav_0.autopilot_sv_cbf_rate_node]: goal_waypoint received: [0.000, 5.500, 1.500] (overrides waypoint_x/y/z params)
[autopilot_sv_cbf_rate_node-3] [INFO] [1788156709.710058633] [uav_0.autopilot_sv_cbf_rate_node]: goal_waypoint received: [0.000, 5.500, 1.500] (overrides waypoint_x/y/z params)
[autopilot_sv_cbf_rate_node-3] [INFO] [1788156709.810251709] [uav_0.autopilot_sv_cbf_rate_node]: goal_waypoint received: [0.000, 5.500, 1.500] (overrides waypoint_x/y/z params)
[autopilot_sv_cbf_rate_node-3] [INFO] [1788156709.910210389] [uav_0.autopilot_sv_cbf_rate_node]: goal_waypoint received: [0.000, 5.500, 1.500] (overrides waypoint_x/y/z params)
[autopilot_sv_cbf_rate_node-3] [INFO] [1788156710.010109270] [uav_0.autopilot_sv_cbf_rate_node]: goal_waypoint received: [0.000, 5.500, 1.500] (overrides waypoint_x/y/z params)
[autopilot_sv_cbf_rate_node-3] [INFO] [1788156710.066649126] [uav_0.autopilot_sv_cbf_rate_node]: pos=[-0.02 5.53 1.51]  T=22.964N  omega=[0.004 -0.005 0.000]  certified=3 uncertified=0  delta=0.0000  gamma=2.000(PENN)  feasible=1
[autopilot_sv_cbf_rate_node-3] [INFO] [1788156710.110165754] [uav_0.autopilot_sv_cbf_rate_node]: goal_waypoint received: [0.000, 5.500, 1.500] (overrides waypoint_x/y/z params)
[autopilot_sv_cbf_rate_node-3] [INFO] [1788156710.210019442] [uav_0.autopilot_sv_cbf_rate_node]: goal_waypoint received: [0.000, 5.500, 1.500] (overrides waypoint_x/y/z params)
[autopilot_sv_cbf_rate_node-3] [INFO] [1788156710.310039327] [uav_0.autopilot_sv_cbf_rate_node]: goal_waypoint received: [0.000, 5.500, 1.500] (overrides waypoint_x/y/z params)
[autopilot_sv_cbf_rate_node-3] [INFO] [1788156710.410043913] [uav_0.autopilot_sv_cbf_rate_node]: goal_waypoint received: [0.000, 5.500, 1.500] (overrides waypoint_x/y/z params)
[autopilot_sv_cbf_rate_node-3] [INFO] [1788156710.510072198] [uav_0.autopilot_sv_cbf_rate_node]: goal_waypoint received: [0.000, 5.500, 1.500] (overrides waypoint_x/y/z params)
[autopilot_sv_cbf_rate_node-3] [INFO] [1788156710.610066483] [uav_0.autopilot_sv_cbf_rate_node]: goal_waypoint received: [0.000, 5.500, 1.500] (overrides waypoint_x/y/z params)
[autopilot_sv_cbf_rate_node-3] [INFO] [1788156710.710031669] [uav_0.autopilot_sv_cbf_rate_node]: goal_waypoint received: [0.000, 5.500, 1.500] (overrides waypoint_x/y/z params)
[autopilot_sv_cbf_rate_node-3] [INFO] [1788156710.810064854] [uav_0.autopilot_sv_cbf_rate_node]: goal_waypoint received: [0.000, 5.500, 1.500] (overrides waypoint_x/y/z params)
[autopilot_sv_cbf_rate_node-3] [INFO] [1788156710.910034140] [uav_0.autopilot_sv_cbf_rate_node]: goal_waypoint received: [0.000, 5.500, 1.500] (overrides waypoint_x/y/z params)
[autopilot_sv_cbf_rate_node-3] [INFO] [1788156711.010055226] [uav_0.autopilot_sv_cbf_rate_node]: goal_waypoint received: [0.000, 5.500, 1.500] (overrides waypoint_x/y/z params)
[autopilot_sv_cbf_rate_node-3] [INFO] [1788156711.066765984] [uav_0.autopilot_sv_cbf_rate_node]: pos=[-0.01 5.51 1.49]  T=23.050N  omega=[0.020 -0.019 0.000]  certified=3 uncertified=0  delta=0.0000  gamma=2.000(PENN)  feasible=1
[autopilot_sv_cbf_rate_node-3] [INFO] [1788156711.110003718] [uav_0.autopilot_sv_cbf_rate_node]: goal_waypoint received: [0.000, 5.500, 1.500] (overrides waypoint_x/y/z params)
[autopilot_sv_cbf_rate_node-3] [INFO] [1788156711.210066510] [uav_0.autopilot_sv_cbf_rate_node]: goal_waypoint received: [0.000, 5.500, 1.500] (overrides waypoint_x/y/z params)
[autopilot_sv_cbf_rate_node-3] [INFO] [1788156711.310035902] [uav_0.autopilot_sv_cbf_rate_node]: goal_waypoint received: [0.000, 5.500, 1.500] (overrides waypoint_x/y/z params)
[autopilot_sv_cbf_rate_node-3] [INFO] [1788156711.410025494] [uav_0.autopilot_sv_cbf_rate_node]: goal_waypoint received: [0.000, 5.500, 1.500] (overrides waypoint_x/y/z params)
[autopilot_sv_cbf_rate_node-3] [INFO] [1788156711.510130085] [uav_0.autopilot_sv_cbf_rate_node]: goal_waypoint received: [0.000, 5.500, 1.500] (overrides waypoint_x/y/z params)
[autopilot_sv_cbf_rate_node-3] [INFO] [1788156711.610204775] [uav_0.autopilot_sv_cbf_rate_node]: goal_waypoint received: [0.000, 5.500, 1.500] (overrides waypoint_x/y/z params)
[autopilot_sv_cbf_rate_node-3] [INFO] [1788156711.710029370] [uav_0.autopilot_sv_cbf_rate_node]: goal_waypoint received: [0.000, 5.500, 1.500] (overrides waypoint_x/y/z params)
[autopilot_sv_cbf_rate_node-3] [INFO] [1788156711.810261459] [uav_0.autopilot_sv_cbf_rate_node]: goal_waypoint received: [0.000, 5.500, 1.500] (overrides waypoint_x/y/z params)
[autopilot_sv_cbf_rate_node-3] [INFO] [1788156711.910325350] [uav_0.autopilot_sv_cbf_rate_node]: goal_waypoint received: [0.000, 5.500, 1.500] (overrides waypoint_x/y/z params)
[autopilot_sv_cbf_rate_node-3] [INFO] [1788156712.010157944] [uav_0.autopilot_sv_cbf_rate_node]: goal_waypoint received: [0.000, 5.500, 1.500] (overrides waypoint_x/y/z params)
[autopilot_sv_cbf_rate_node-3] [INFO] [1788156712.066474011] [uav_0.autopilot_sv_cbf_rate_node]: pos=[-0.00 5.51 1.49]  T=22.979N  omega=[-0.022 -0.003 0.000]  certified=3 uncertified=0  delta=0.0000  gamma=6.921(PENN)  feasible=1
[autopilot_sv_cbf_rate_node-3] [INFO] [1788156712.110157842] [uav_0.autopilot_sv_cbf_rate_node]: goal_waypoint received: [0.000, 5.500, 1.500] (overrides waypoint_x/y/z params)
[autopilot_sv_cbf_rate_node-3] [INFO] [1788156712.210383338] [uav_0.autopilot_sv_cbf_rate_node]: goal_waypoint received: [0.000, 5.500, 1.500] (overrides waypoint_x/y/z params)
[autopilot_sv_cbf_rate_node-3] [INFO] [1788156712.310133939] [uav_0.autopilot_sv_cbf_rate_node]: goal_waypoint received: [0.000, 5.500, 1.500] (overrides waypoint_x/y/z params)
[autopilot_sv_cbf_rate_node-3] [INFO] [1788156712.410154437] [uav_0.autopilot_sv_cbf_rate_node]: goal_waypoint received: [0.000, 5.500, 1.500] (overrides waypoint_x/y/z params)
[autopilot_sv_cbf_rate_node-3] [INFO] [1788156712.510148536] [uav_0.autopilot_sv_cbf_rate_node]: goal_waypoint received: [0.000, 5.500, 1.500] (overrides waypoint_x/y/z params)
[autopilot_sv_cbf_rate_node-3] [INFO] [1788156712.610050435] [uav_0.autopilot_sv_cbf_rate_node]: goal_waypoint received: [0.000, 5.500, 1.500] (overrides waypoint_x/y/z params)
[autopilot_sv_cbf_rate_node-3] [INFO] [1788156712.710095433] [uav_0.autopilot_sv_cbf_rate_node]: goal_waypoint received: [0.000, 5.500, 1.500] (overrides waypoint_x/y/z params)
[autopilot_sv_cbf_rate_node-3] [INFO] [1788156712.810123731] [uav_0.autopilot_sv_cbf_rate_node]: goal_waypoint received: [0.000, 5.500, 1.500] (overrides waypoint_x/y/z params)
[autopilot_sv_cbf_rate_node-3] [INFO] [1788156712.910099630] [uav_0.autopilot_sv_cbf_rate_node]: goal_waypoint received: [0.000, 5.500, 1.500] (overrides waypoint_x/y/z params)
[autopilot_sv_cbf_rate_node-3] [INFO] [1788156713.010108928] [uav_0.autopilot_sv_cbf_rate_node]: goal_waypoint received: [0.000, 5.500, 1.500] (overrides waypoint_x/y/z params)
[autopilot_sv_cbf_rate_node-3] [INFO] [1788156713.066456698] [uav_0.autopilot_sv_cbf_rate_node]: pos=[0.00 5.53 1.49]  T=23.033N  omega=[-0.005 0.008 0.000]  certified=3 uncertified=0  delta=0.0000  gamma=8.316(PENN)  feasible=1
[autopilot_sv_cbf_rate_node-3] [INFO] [1788156713.110095833] [uav_0.autopilot_sv_cbf_rate_node]: goal_waypoint received: [0.000, 5.500, 1.500] (overrides waypoint_x/y/z params)
[autopilot_sv_cbf_rate_node-3] [INFO] [1788156713.210143837] [uav_0.autopilot_sv_cbf_rate_node]: goal_waypoint received: [0.000, 5.500, 1.500] (overrides waypoint_x/y/z params)
[autopilot_sv_cbf_rate_node-3] [INFO] [1788156713.310025643] [uav_0.autopilot_sv_cbf_rate_node]: goal_waypoint received: [0.000, 5.500, 1.500] (overrides waypoint_x/y/z params)
[autopilot_sv_cbf_rate_node-3] [INFO] [1788156713.410051448] [uav_0.autopilot_sv_cbf_rate_node]: goal_waypoint received: [0.000, 5.500, 1.500] (overrides waypoint_x/y/z params)
[autopilot_sv_cbf_rate_node-3] [INFO] [1788156713.510073852] [uav_0.autopilot_sv_cbf_rate_node]: goal_waypoint received: [0.000, 5.500, 1.500] (overrides waypoint_x/y/z params)
[autopilot_sv_cbf_rate_node-3] [INFO] [1788156713.610081345] [uav_0.autopilot_sv_cbf_rate_node]: goal_waypoint received: [0.000, 5.500, 1.500] (overrides waypoint_x/y/z params)
[autopilot_sv_cbf_rate_node-3] [INFO] [1788156713.710157979] [uav_0.autopilot_sv_cbf_rate_node]: goal_waypoint received: [0.000, 5.500, 1.500] (overrides waypoint_x/y/z params)
[autopilot_sv_cbf_rate_node-3] [INFO] [1788156713.810059714] [uav_0.autopilot_sv_cbf_rate_node]: goal_waypoint received: [0.000, 5.500, 1.500] (overrides waypoint_x/y/z params)
[autopilot_sv_cbf_rate_node-3] [INFO] [1788156713.910150648] [uav_0.autopilot_sv_cbf_rate_node]: goal_waypoint received: [0.000, 5.500, 1.500] (overrides waypoint_x/y/z params)
[autopilot_sv_cbf_rate_node-3] [INFO] [1788156714.010083083] [uav_0.autopilot_sv_cbf_rate_node]: goal_waypoint received: [0.000, 5.500, 1.500] (overrides waypoint_x/y/z params)
[autopilot_sv_cbf_rate_node-3] [INFO] [1788156714.066429043] [uav_0.autopilot_sv_cbf_rate_node]: pos=[0.01 5.51 1.49]  T=22.980N  omega=[0.013 0.013 0.000]  certified=3 uncertified=0  delta=0.0000  gamma=6.737(PENN)  feasible=1
[autopilot_sv_cbf_rate_node-3] [INFO] [1788156714.110139923] [uav_0.autopilot_sv_cbf_rate_node]: goal_waypoint received: [0.000, 5.500, 1.500] (overrides waypoint_x/y/z params)
[autopilot_sv_cbf_rate_node-3] [INFO] [1788156714.210240663] [uav_0.autopilot_sv_cbf_rate_node]: goal_waypoint received: [0.000, 5.500, 1.500] (overrides waypoint_x/y/z params)
[autopilot_sv_cbf_rate_node-3] [INFO] [1788156714.310194404] [uav_0.autopilot_sv_cbf_rate_node]: goal_waypoint received: [0.000, 5.500, 1.500] (overrides waypoint_x/y/z params)
[autopilot_sv_cbf_rate_node-3] [INFO] [1788156714.410220845] [uav_0.autopilot_sv_cbf_rate_node]: goal_waypoint received: [0.000, 5.500, 1.500] (overrides waypoint_x/y/z params)
[autopilot_sv_cbf_rate_node-3] [INFO] [1788156714.510151986] [uav_0.autopilot_sv_cbf_rate_node]: goal_waypoint received: [0.000, 5.500, 1.500] (overrides waypoint_x/y/z params)
[autopilot_sv_cbf_rate_node-3] [INFO] [1788156714.610106527] [uav_0.autopilot_sv_cbf_rate_node]: goal_waypoint received: [0.000, 5.500, 1.500] (overrides waypoint_x/y/z params)
[autopilot_sv_cbf_rate_node-3] [INFO] [1788156714.710222367] [uav_0.autopilot_sv_cbf_rate_node]: goal_waypoint received: [0.000, 5.500, 1.500] (overrides waypoint_x/y/z params)
[autopilot_sv_cbf_rate_node-3] [INFO] [1788156714.810087209] [uav_0.autopilot_sv_cbf_rate_node]: goal_waypoint received: [0.000, 5.500, 1.500] (overrides waypoint_x/y/z params)
[autopilot_sv_cbf_rate_node-3] [INFO] [1788156714.910116850] [uav_0.autopilot_sv_cbf_rate_node]: goal_waypoint received: [0.000, 5.500, 1.500] (overrides waypoint_x/y/z params)
[autopilot_sv_cbf_rate_node-3] [INFO] [1788156715.010039391] [uav_0.autopilot_sv_cbf_rate_node]: goal_waypoint received: [0.000, 5.500, 1.500] (overrides waypoint_x/y/z params)
[autopilot_sv_cbf_rate_node-3] [INFO] [1788156715.066466254] [uav_0.autopilot_sv_cbf_rate_node]: pos=[0.00 5.51 1.49]  T=23.021N  omega=[0.003 -0.009 0.000]  certified=3 uncertified=0  delta=0.0000  gamma=8.316(PENN)  feasible=1
[autopilot_sv_cbf_rate_node-3] [INFO] [1788156715.110044838] [uav_0.autopilot_sv_cbf_rate_node]: goal_waypoint received: [0.000, 5.500, 1.500] (overrides waypoint_x/y/z params)
[autopilot_sv_cbf_rate_node-3] [INFO] [1788156715.210095285] [uav_0.autopilot_sv_cbf_rate_node]: goal_waypoint received: [0.000, 5.500, 1.500] (overrides waypoint_x/y/z params)
[autopilot_sv_cbf_rate_node-3] [INFO] [1788156715.310078232] [uav_0.autopilot_sv_cbf_rate_node]: goal_waypoint received: [0.000, 5.500, 1.500] (overrides waypoint_x/y/z params)
[autopilot_sv_cbf_rate_node-3] [INFO] [1788156715.410089479] [uav_0.autopilot_sv_cbf_rate_node]: goal_waypoint received: [0.000, 5.500, 1.500] (overrides waypoint_x/y/z params)
[autopilot_sv_cbf_rate_node-3] [INFO] [1788156715.510088027] [uav_0.autopilot_sv_cbf_rate_node]: goal_waypoint received: [0.000, 5.500, 1.500] (overrides waypoint_x/y/z params)
[autopilot_sv_cbf_rate_node-3] [INFO] [1788156715.610034674] [uav_0.autopilot_sv_cbf_rate_node]: goal_waypoint received: [0.000, 5.500, 1.500] (overrides waypoint_x/y/z params)
[autopilot_sv_cbf_rate_node-3] [INFO] [1788156715.710097121] [uav_0.autopilot_sv_cbf_rate_node]: goal_waypoint received: [0.000, 5.500, 1.500] (overrides waypoint_x/y/z params)
[autopilot_sv_cbf_rate_node-3] [INFO] [1788156715.810015569] [uav_0.autopilot_sv_cbf_rate_node]: goal_waypoint received: [0.000, 5.500, 1.500] (overrides waypoint_x/y/z params)
[autopilot_sv_cbf_rate_node-3] [INFO] [1788156715.910056415] [uav_0.autopilot_sv_cbf_rate_node]: goal_waypoint received: [0.000, 5.500, 1.500] (overrides waypoint_x/y/z params)
[autopilot_sv_cbf_rate_node-3] [INFO] [1788156716.010103462] [uav_0.autopilot_sv_cbf_rate_node]: goal_waypoint received: [0.000, 5.500, 1.500] (overrides waypoint_x/y/z params)
[autopilot_sv_cbf_rate_node-3] [INFO] [1788156716.066540928] [uav_0.autopilot_sv_cbf_rate_node]: pos=[0.01 5.50 1.49]  T=23.019N  omega=[-0.009 0.003 0.000]  certified=3 uncertified=0  delta=0.0000  gamma=4.421(PENN)  feasible=1
[autopilot_sv_cbf_rate_node-3] [INFO] [1788156716.110183515] [uav_0.autopilot_sv_cbf_rate_node]: goal_waypoint received: [0.000, 5.500, 1.500] (overrides waypoint_x/y/z params)
[autopilot_sv_cbf_rate_node-3] [INFO] [1788156716.210026470] [uav_0.autopilot_sv_cbf_rate_node]: goal_waypoint received: [0.000, 5.500, 1.500] (overrides waypoint_x/y/z params)
[autopilot_sv_cbf_rate_node-3] [INFO] [1788156716.310057723] [uav_0.autopilot_sv_cbf_rate_node]: goal_waypoint received: [0.000, 5.500, 1.500] (overrides waypoint_x/y/z params)
[autopilot_sv_cbf_rate_node-3] [INFO] [1788156716.410171875] [uav_0.autopilot_sv_cbf_rate_node]: goal_waypoint received: [0.000, 5.500, 1.500] (overrides waypoint_x/y/z params)
[autopilot_sv_cbf_rate_node-3] [INFO] [1788156716.510076130] [uav_0.autopilot_sv_cbf_rate_node]: goal_waypoint received: [0.000, 5.500, 1.500] (overrides waypoint_x/y/z params)
[autopilot_sv_cbf_rate_node-3] [INFO] [1788156716.610219282] [uav_0.autopilot_sv_cbf_rate_node]: goal_waypoint received: [0.000, 5.500, 1.500] (overrides waypoint_x/y/z params)
[autopilot_sv_cbf_rate_node-3] [INFO] [1788156716.710158636] [uav_0.autopilot_sv_cbf_rate_node]: goal_waypoint received: [0.000, 5.500, 1.500] (overrides waypoint_x/y/z params)
[autopilot_sv_cbf_rate_node-3] [INFO] [1788156716.810228589] [uav_0.autopilot_sv_cbf_rate_node]: goal_waypoint received: [0.000, 5.500, 1.500] (overrides waypoint_x/y/z params)
[autopilot_sv_cbf_rate_node-3] [INFO] [1788156716.910233842] [uav_0.autopilot_sv_cbf_rate_node]: goal_waypoint received: [0.000, 5.500, 1.500] (overrides waypoint_x/y/z params)
[autopilot_sv_cbf_rate_node-3] [INFO] [1788156717.010122889] [uav_0.autopilot_sv_cbf_rate_node]: goal_waypoint received: [0.000, 5.500, 1.500] (overrides waypoint_x/y/z params)
[autopilot_sv_cbf_rate_node-3] [INFO] [1788156717.066576214] [uav_0.autopilot_sv_cbf_rate_node]: pos=[0.01 5.50 1.49]  T=22.985N  omega=[0.002 0.007 0.000]  certified=3 uncertified=0  delta=0.0000  gamma=2.000(PENN)  feasible=1
[autopilot_sv_cbf_rate_node-3] [INFO] [1788156717.110081917] [uav_0.autopilot_sv_cbf_rate_node]: goal_waypoint received: [0.000, 5.500, 1.500] (overrides waypoint_x/y/z params)
[autopilot_sv_cbf_rate_node-3] [INFO] [1788156717.210102444] [uav_0.autopilot_sv_cbf_rate_node]: goal_waypoint received: [0.000, 5.500, 1.500] (overrides waypoint_x/y/z params)
[autopilot_sv_cbf_rate_node-3] [INFO] [1788156717.310025973] [uav_0.autopilot_sv_cbf_rate_node]: goal_waypoint received: [0.000, 5.500, 1.500] (overrides waypoint_x/y/z params)
[autopilot_sv_cbf_rate_node-3] [INFO] [1788156717.410085000] [uav_0.autopilot_sv_cbf_rate_node]: goal_waypoint received: [0.000, 5.500, 1.500] (overrides waypoint_x/y/z params)
[autopilot_sv_cbf_rate_node-3] [INFO] [1788156717.510186626] [uav_0.autopilot_sv_cbf_rate_node]: goal_waypoint received: [0.000, 5.500, 1.500] (overrides waypoint_x/y/z params)
[autopilot_sv_cbf_rate_node-3] [INFO] [1788156717.610089355] [uav_0.autopilot_sv_cbf_rate_node]: goal_waypoint received: [0.000, 5.500, 1.500] (overrides waypoint_x/y/z params)
[autopilot_sv_cbf_rate_node-3] [INFO] [1788156717.710088282] [uav_0.autopilot_sv_cbf_rate_node]: goal_waypoint received: [0.000, 5.500, 1.500] (overrides waypoint_x/y/z params)
[autopilot_sv_cbf_rate_node-3] [INFO] [1788156717.810030810] [uav_0.autopilot_sv_cbf_rate_node]: goal_waypoint received: [0.000, 5.500, 1.500] (overrides waypoint_x/y/z params)
[autopilot_sv_cbf_rate_node-3] [INFO] [1788156717.910093537] [uav_0.autopilot_sv_cbf_rate_node]: goal_waypoint received: [0.000, 5.500, 1.500] (overrides waypoint_x/y/z params)
[autopilot_sv_cbf_rate_node-3] [INFO] [1788156718.010039265] [uav_0.autopilot_sv_cbf_rate_node]: goal_waypoint received: [0.000, 5.500, 1.500] (overrides waypoint_x/y/z params)
[autopilot_sv_cbf_rate_node-3] [INFO] [1788156718.066492694] [uav_0.autopilot_sv_cbf_rate_node]: pos=[-0.00 5.49 1.51]  T=22.935N  omega=[0.013 -0.009 0.000]  certified=3 uncertified=0  delta=0.0000  gamma=8.711(PENN)  feasible=1
[autopilot_sv_cbf_rate_node-3] [INFO] [1788156718.111747076] [uav_0.autopilot_sv_cbf_rate_node]: goal_waypoint received: [0.000, 5.500, 1.500] (overrides waypoint_x/y/z params)
[autopilot_sv_cbf_rate_node-3] [INFO] [1788156718.210041033] [uav_0.autopilot_sv_cbf_rate_node]: goal_waypoint received: [0.000, 5.500, 1.500] (overrides waypoint_x/y/z params)
[autopilot_sv_cbf_rate_node-3] [INFO] [1788156718.310027367] [uav_0.autopilot_sv_cbf_rate_node]: goal_waypoint received: [0.000, 5.500, 1.500] (overrides waypoint_x/y/z params)
[autopilot_sv_cbf_rate_node-3] [INFO] [1788156718.410094300] [uav_0.autopilot_sv_cbf_rate_node]: goal_waypoint received: [0.000, 5.500, 1.500] (overrides waypoint_x/y/z params)
[autopilot_sv_cbf_rate_node-3] [INFO] [1788156718.510035434] [uav_0.autopilot_sv_cbf_rate_node]: goal_waypoint received: [0.000, 5.500, 1.500] (overrides waypoint_x/y/z params)
[autopilot_sv_cbf_rate_node-3] [INFO] [1788156718.610044568] [uav_0.autopilot_sv_cbf_rate_node]: goal_waypoint received: [0.000, 5.500, 1.500] (overrides waypoint_x/y/z params)
[autopilot_sv_cbf_rate_node-3] [INFO] [1788156718.710044402] [uav_0.autopilot_sv_cbf_rate_node]: goal_waypoint received: [0.000, 5.500, 1.500] (overrides waypoint_x/y/z params)
[autopilot_sv_cbf_rate_node-3] [INFO] [1788156718.810039836] [uav_0.autopilot_sv_cbf_rate_node]: goal_waypoint received: [0.000, 5.500, 1.500] (overrides waypoint_x/y/z params)
[autopilot_sv_cbf_rate_node-3] [INFO] [1788156718.909974870] [uav_0.autopilot_sv_cbf_rate_node]: goal_waypoint received: [0.000, 5.500, 1.500] (overrides waypoint_x/y/z params)
[autopilot_sv_cbf_rate_node-3] [INFO] [1788156719.010074103] [uav_0.autopilot_sv_cbf_rate_node]: goal_waypoint received: [0.000, 5.500, 1.500] (overrides waypoint_x/y/z params)
[autopilot_sv_cbf_rate_node-3] [INFO] [1788156719.066807031] [uav_0.autopilot_sv_cbf_rate_node]: pos=[0.00 5.48 1.49]  T=23.081N  omega=[0.009 -0.002 0.000]  certified=3 uncertified=0  delta=0.0000  gamma=2.000(PENN)  feasible=1
[autopilot_sv_cbf_rate_node-3] [INFO] [1788156719.110137842] [uav_0.autopilot_sv_cbf_rate_node]: goal_waypoint received: [0.000, 5.500, 1.500] (overrides waypoint_x/y/z params)
[autopilot_sv_cbf_rate_node-3] [INFO] [1788156719.210255881] [uav_0.autopilot_sv_cbf_rate_node]: goal_waypoint received: [0.000, 5.500, 1.500] (overrides waypoint_x/y/z params)
[autopilot_sv_cbf_rate_node-3] [INFO] [1788156719.310215621] [uav_0.autopilot_sv_cbf_rate_node]: goal_waypoint received: [0.000, 5.500, 1.500] (overrides waypoint_x/y/z params)
[autopilot_sv_cbf_rate_node-3] [INFO] [1788156719.410260761] [uav_0.autopilot_sv_cbf_rate_node]: goal_waypoint received: [0.000, 5.500, 1.500] (overrides waypoint_x/y/z params)
[autopilot_sv_cbf_rate_node-3] [INFO] [1788156719.510210002] [uav_0.autopilot_sv_cbf_rate_node]: goal_waypoint received: [0.000, 5.500, 1.500] (overrides waypoint_x/y/z params)
[autopilot_sv_cbf_rate_node-3] [INFO] [1788156719.610123143] [uav_0.autopilot_sv_cbf_rate_node]: goal_waypoint received: [0.000, 5.500, 1.500] (overrides waypoint_x/y/z params)
[autopilot_sv_cbf_rate_node-3] [INFO] [1788156719.710138283] [uav_0.autopilot_sv_cbf_rate_node]: goal_waypoint received: [0.000, 5.500, 1.500] (overrides waypoint_x/y/z params)
[autopilot_sv_cbf_rate_node-3] [INFO] [1788156719.810180122] [uav_0.autopilot_sv_cbf_rate_node]: goal_waypoint received: [0.000, 5.500, 1.500] (overrides waypoint_x/y/z params)
[autopilot_sv_cbf_rate_node-3] [INFO] [1788156719.910101063] [uav_0.autopilot_sv_cbf_rate_node]: goal_waypoint received: [0.000, 5.500, 1.500] (overrides waypoint_x/y/z params)
[autopilot_sv_cbf_rate_node-3] [INFO] [1788156720.010091104] [uav_0.autopilot_sv_cbf_rate_node]: goal_waypoint received: [0.000, 5.500, 1.500] (overrides waypoint_x/y/z params)
[autopilot_sv_cbf_rate_node-3] [INFO] [1788156720.066577639] [uav_0.autopilot_sv_cbf_rate_node]: pos=[0.01 5.48 1.51]  T=22.892N  omega=[0.015 -0.008 0.000]  certified=3 uncertified=0  delta=0.0000  gamma=2.000(PENN)  feasible=1
[autopilot_sv_cbf_rate_node-3] [INFO] [1788156720.110019451] [uav_0.autopilot_sv_cbf_rate_node]: goal_waypoint received: [0.000, 5.500, 1.500] (overrides waypoint_x/y/z params)
[autopilot_sv_cbf_rate_node-3] [INFO] [1788156720.210232395] [uav_0.autopilot_sv_cbf_rate_node]: goal_waypoint received: [0.000, 5.500, 1.500] (overrides waypoint_x/y/z params)
[autopilot_sv_cbf_rate_node-3] [INFO] [1788156720.310030744] [uav_0.autopilot_sv_cbf_rate_node]: goal_waypoint received: [0.000, 5.500, 1.500] (overrides waypoint_x/y/z params)
[autopilot_sv_cbf_rate_node-3] [INFO] [1788156720.410039890] [uav_0.autopilot_sv_cbf_rate_node]: goal_waypoint received: [0.000, 5.500, 1.500] (overrides waypoint_x/y/z params)
[autopilot_sv_cbf_rate_node-3] [INFO] [1788156720.510330733] [uav_0.autopilot_sv_cbf_rate_node]: goal_waypoint received: [0.000, 5.500, 1.500] (overrides waypoint_x/y/z params)
[autopilot_sv_cbf_rate_node-3] [INFO] [1788156720.610072382] [uav_0.autopilot_sv_cbf_rate_node]: goal_waypoint received: [0.000, 5.500, 1.500] (overrides waypoint_x/y/z params)
[autopilot_sv_cbf_rate_node-3] [INFO] [1788156720.710127128] [uav_0.autopilot_sv_cbf_rate_node]: goal_waypoint received: [0.000, 5.500, 1.500] (overrides waypoint_x/y/z params)
[autopilot_sv_cbf_rate_node-3] [INFO] [1788156720.810234573] [uav_0.autopilot_sv_cbf_rate_node]: goal_waypoint received: [0.000, 5.500, 1.500] (overrides waypoint_x/y/z params)
[autopilot_sv_cbf_rate_node-3] [INFO] [1788156720.910036322] [uav_0.autopilot_sv_cbf_rate_node]: goal_waypoint received: [0.000, 5.500, 1.500] (overrides waypoint_x/y/z params)
[autopilot_sv_cbf_rate_node-3] [INFO] [1788156721.010148667] [uav_0.autopilot_sv_cbf_rate_node]: goal_waypoint received: [0.000, 5.500, 1.500] (overrides waypoint_x/y/z params)
[autopilot_sv_cbf_rate_node-3] [INFO] [1788156721.066430409] [uav_0.autopilot_sv_cbf_rate_node]: pos=[-0.00 5.50 1.50]  T=23.042N  omega=[-0.011 -0.010 0.000]  certified=3 uncertified=0  delta=0.0000  gamma=9.105(PENN)  feasible=1
[autopilot_sv_cbf_rate_node-3] [INFO] [1788156721.110123267] [uav_0.autopilot_sv_cbf_rate_node]: goal_waypoint received: [0.000, 5.500, 1.500] (overrides waypoint_x/y/z params)
[autopilot_sv_cbf_rate_node-3] [INFO] [1788156721.210107387] [uav_0.autopilot_sv_cbf_rate_node]: goal_waypoint received: [0.000, 5.500, 1.500] (overrides waypoint_x/y/z params)
[autopilot_sv_cbf_rate_node-3] [INFO] [1788156721.310137606] [uav_0.autopilot_sv_cbf_rate_node]: goal_waypoint received: [0.000, 5.500, 1.500] (overrides waypoint_x/y/z params)
[autopilot_sv_cbf_rate_node-3] [INFO] [1788156721.410220625] [uav_0.autopilot_sv_cbf_rate_node]: goal_waypoint received: [0.000, 5.500, 1.500] (overrides waypoint_x/y/z params)
[autopilot_sv_cbf_rate_node-3] [INFO] [1788156721.510385843] [uav_0.autopilot_sv_cbf_rate_node]: goal_waypoint received: [0.000, 5.500, 1.500] (overrides waypoint_x/y/z params)
[autopilot_sv_cbf_rate_node-3] [INFO] [1788156721.610180064] [uav_0.autopilot_sv_cbf_rate_node]: goal_waypoint received: [0.000, 5.500, 1.500] (overrides waypoint_x/y/z params)
[autopilot_sv_cbf_rate_node-3] [INFO] [1788156721.710082985] [uav_0.autopilot_sv_cbf_rate_node]: goal_waypoint received: [0.000, 5.500, 1.500] (overrides waypoint_x/y/z params)
[autopilot_sv_cbf_rate_node-3] [INFO] [1788156721.810046005] [uav_0.autopilot_sv_cbf_rate_node]: goal_waypoint received: [0.000, 5.500, 1.500] (overrides waypoint_x/y/z params)
[autopilot_sv_cbf_rate_node-3] [INFO] [1788156721.910055624] [uav_0.autopilot_sv_cbf_rate_node]: goal_waypoint received: [0.000, 5.500, 1.500] (overrides waypoint_x/y/z params)
[autopilot_sv_cbf_rate_node-3] [INFO] [1788156722.010057944] [uav_0.autopilot_sv_cbf_rate_node]: goal_waypoint received: [0.000, 5.500, 1.500] (overrides waypoint_x/y/z params)
[autopilot_sv_cbf_rate_node-3] [INFO] [1788156722.066338396] [uav_0.autopilot_sv_cbf_rate_node]: pos=[-0.00 5.50 1.50]  T=23.007N  omega=[0.003 0.001 0.000]  certified=3 uncertified=0  delta=0.0000  gamma=8.605(PENN)  feasible=1
[autopilot_sv_cbf_rate_node-3] [INFO] [1788156722.110205268] [uav_0.autopilot_sv_cbf_rate_node]: goal_waypoint received: [0.000, 5.500, 1.500] (overrides waypoint_x/y/z params)
[autopilot_sv_cbf_rate_node-3] [INFO] [1788156722.210235594] [uav_0.autopilot_sv_cbf_rate_node]: goal_waypoint received: [0.000, 5.500, 1.500] (overrides waypoint_x/y/z params)
[autopilot_sv_cbf_rate_node-3] [INFO] [1788156722.310126221] [uav_0.autopilot_sv_cbf_rate_node]: goal_waypoint received: [0.000, 5.500, 1.500] (overrides waypoint_x/y/z params)
