[INFO] [launch]: All log files can be found below /home/matt/.ros/log/2026-08-31-02-18-38-872167-main-1871674
[INFO] [launch]: Default logging verbosity is set to INFO
[INFO] [microxrce_agent-1]: process started with pid [1871678]
[INFO] [px4_sitl-2]: process started with pid [1871680]
[INFO] [autopilot_sv_cbf_rate_node-3]: process started with pid [1871682]
[INFO] [synthetic_obstacle_publisher-4]: process started with pid [1871684]
[INFO] [px4_odom_bridge_node-5]: process started with pid [1871686]
[px4_sitl-2] 
[px4_sitl-2] ______  __   __    ___ 
[px4_sitl-2] | ___ \ \ \ / /   /   |
[px4_sitl-2] | |_/ /  \ V /   / /| |
[px4_sitl-2] |  __/   /   \  / /_| |
[px4_sitl-2] | |     / /^\ \ \___  |
[px4_sitl-2] \_|     \/   \/     |_/
[px4_sitl-2] 
[px4_sitl-2] px4 starting.
[px4_sitl-2] 
[px4_sitl-2] INFO  [px4] startup script: /bin/sh etc/init.d-posix/rcS 0
[px4_sitl-2] env SYS_AUTOSTART: 4001
[px4_sitl-2] INFO  [param] selected parameter default file parameters.bson
[px4_sitl-2] INFO  [param] importing from 'parameters.bson'
[px4_sitl-2] INFO  [parameters] BSON document size 354 bytes, decoded 354 bytes (INT32:15, FLOAT:3)
[px4_sitl-2] INFO  [param] selected parameter backup file parameters_backup.bson
[autopilot_sv_cbf_rate_node-3] [WARN] [1788157119.575329745] [uav_0.autopilot_sv_cbf_rate_node]: T reset to hover thrust 20.2478N (reason: construction)
[autopilot_sv_cbf_rate_node-3] [INFO] [1788157119.576897228] [uav_0.autopilot_sv_cbf_rate_node]: PENN+GAT model loaded from /home/matt/arc_2026/install/single_vehicle_cbf_rate_arc/share/single_vehicle_cbf_rate_arc/nn_model/checkpoint/gat_penn_weights.pt
[autopilot_sv_cbf_rate_node-3] [INFO] [1788157119.583822456] [uav_0.autopilot_sv_cbf_rate_node]: single_vehicle_cbf_rate_node started: control_rate=100.0Hz (dt=0.0100s), T_min=4.700N T_max=36.148N
[px4_odom_bridge_node-5] [INFO] [1788157119.702230415] [uav_0.px4_odom_bridge_node]: px4_odom_bridge_node started (NED fmu/out/vehicle_odometry -> ENU state_estimator/local_position/odom)
[synthetic_obstacle_publisher-4] [INFO] [1788157119.730049524] [uav_0.synthetic_obstacle_publisher]: synthetic_obstacle_publisher started: 4 obstacle(s) on /arc/obstacles at 10.0 Hz, frame_id="map", sensing envelope max_range_m=8.0 z=[0.1,2.5]
[synthetic_obstacle_publisher-4] [WARN] [1788157119.814613138] [uav_0.synthetic_obstacle_publisher]: No odometry yet -- cannot evaluate the sensing envelope, publishing no obstacles
[px4_sitl-2] INFO  [dataman] data manager file './dataman' size is 1208528 bytes
[px4_sitl-2] INFO  [init] Gazebo simulator 8.14.0
[synthetic_obstacle_publisher-4] [WARN] [1788157121.815534255] [uav_0.synthetic_obstacle_publisher]: No odometry yet -- cannot evaluate the sensing envelope, publishing no obstacles
[px4_sitl-2] INFO  [init] Starting gazebo with world: /home/matt/PX4-Autopilot/Tools/simulation/gz/worlds/default.sdf
[synthetic_obstacle_publisher-4] [WARN] [1788157123.815799394] [uav_0.synthetic_obstacle_publisher]: No odometry yet -- cannot evaluate the sensing envelope, publishing no obstacles
[INFO] [ground_station_stub_node-6]: process started with pid [1871944]
[px4_sitl-2] INFO  [init] Waiting for Gazebo world...
[ground_station_stub_node-6] [INFO] [1788157124.727151273] [uav_0.ground_station_stub_node]: ground_station_stub_node started: waypoint=(0.0, 5.5, 1.5), first arm attempt in 5.0s, retrying every 1.0s until armed
[autopilot_sv_cbf_rate_node-3] [INFO] [1788157124.801364906] [uav_0.autopilot_sv_cbf_rate_node]: goal_waypoint received: [0.000, 5.500, 1.500] (overrides waypoint_x/y/z params)
[autopilot_sv_cbf_rate_node-3] [INFO] [1788157124.902961257] [uav_0.autopilot_sv_cbf_rate_node]: goal_waypoint received: [0.000, 5.500, 1.500] (overrides waypoint_x/y/z params)
[autopilot_sv_cbf_rate_node-3] [INFO] [1788157125.001322941] [uav_0.autopilot_sv_cbf_rate_node]: goal_waypoint received: [0.000, 5.500, 1.500] (overrides waypoint_x/y/z params)
[autopilot_sv_cbf_rate_node-3] [INFO] [1788157125.101232111] [uav_0.autopilot_sv_cbf_rate_node]: goal_waypoint received: [0.000, 5.500, 1.500] (overrides waypoint_x/y/z params)
[autopilot_sv_cbf_rate_node-3] [INFO] [1788157125.201385979] [uav_0.autopilot_sv_cbf_rate_node]: goal_waypoint received: [0.000, 5.500, 1.500] (overrides waypoint_x/y/z params)
[autopilot_sv_cbf_rate_node-3] [INFO] [1788157125.301249851] [uav_0.autopilot_sv_cbf_rate_node]: goal_waypoint received: [0.000, 5.500, 1.500] (overrides waypoint_x/y/z params)
[autopilot_sv_cbf_rate_node-3] [INFO] [1788157125.401337819] [uav_0.autopilot_sv_cbf_rate_node]: goal_waypoint received: [0.000, 5.500, 1.500] (overrides waypoint_x/y/z params)
[autopilot_sv_cbf_rate_node-3] [INFO] [1788157125.501269574] [uav_0.autopilot_sv_cbf_rate_node]: goal_waypoint received: [0.000, 5.500, 1.500] (overrides waypoint_x/y/z params)
[autopilot_sv_cbf_rate_node-3] [INFO] [1788157125.601364418] [uav_0.autopilot_sv_cbf_rate_node]: goal_waypoint received: [0.000, 5.500, 1.500] (overrides waypoint_x/y/z params)
[autopilot_sv_cbf_rate_node-3] [INFO] [1788157125.701404864] [uav_0.autopilot_sv_cbf_rate_node]: goal_waypoint received: [0.000, 5.500, 1.500] (overrides waypoint_x/y/z params)
[autopilot_sv_cbf_rate_node-3] [INFO] [1788157125.801376710] [uav_0.autopilot_sv_cbf_rate_node]: goal_waypoint received: [0.000, 5.500, 1.500] (overrides waypoint_x/y/z params)
[autopilot_sv_cbf_rate_node-3] [INFO] [1788157125.901361357] [uav_0.autopilot_sv_cbf_rate_node]: goal_waypoint received: [0.000, 5.500, 1.500] (overrides waypoint_x/y/z params)
[synthetic_obstacle_publisher-4] [WARN] [1788157125.914607338] [uav_0.synthetic_obstacle_publisher]: No odometry yet -- cannot evaluate the sensing envelope, publishing no obstacles
[autopilot_sv_cbf_rate_node-3] [INFO] [1788157126.001360603] [uav_0.autopilot_sv_cbf_rate_node]: goal_waypoint received: [0.000, 5.500, 1.500] (overrides waypoint_x/y/z params)
[autopilot_sv_cbf_rate_node-3] [INFO] [1788157126.101701046] [uav_0.autopilot_sv_cbf_rate_node]: goal_waypoint received: [0.000, 5.500, 1.500] (overrides waypoint_x/y/z params)
[autopilot_sv_cbf_rate_node-3] [INFO] [1788157126.203224070] [uav_0.autopilot_sv_cbf_rate_node]: goal_waypoint received: [0.000, 5.500, 1.500] (overrides waypoint_x/y/z params)
[autopilot_sv_cbf_rate_node-3] [INFO] [1788157126.301404149] [uav_0.autopilot_sv_cbf_rate_node]: goal_waypoint received: [0.000, 5.500, 1.500] (overrides waypoint_x/y/z params)
[autopilot_sv_cbf_rate_node-3] [INFO] [1788157126.402800475] [uav_0.autopilot_sv_cbf_rate_node]: goal_waypoint received: [0.000, 5.500, 1.500] (overrides waypoint_x/y/z params)
[autopilot_sv_cbf_rate_node-3] [INFO] [1788157126.501288849] [uav_0.autopilot_sv_cbf_rate_node]: goal_waypoint received: [0.000, 5.500, 1.500] (overrides waypoint_x/y/z params)
[autopilot_sv_cbf_rate_node-3] [INFO] [1788157126.601528394] [uav_0.autopilot_sv_cbf_rate_node]: goal_waypoint received: [0.000, 5.500, 1.500] (overrides waypoint_x/y/z params)
[autopilot_sv_cbf_rate_node-3] [INFO] [1788157126.701295247] [uav_0.autopilot_sv_cbf_rate_node]: goal_waypoint received: [0.000, 5.500, 1.500] (overrides waypoint_x/y/z params)
[autopilot_sv_cbf_rate_node-3] [INFO] [1788157126.801338096] [uav_0.autopilot_sv_cbf_rate_node]: goal_waypoint received: [0.000, 5.500, 1.500] (overrides waypoint_x/y/z params)
[autopilot_sv_cbf_rate_node-3] [INFO] [1788157126.901364044] [uav_0.autopilot_sv_cbf_rate_node]: goal_waypoint received: [0.000, 5.500, 1.500] (overrides waypoint_x/y/z params)
[autopilot_sv_cbf_rate_node-3] [INFO] [1788157127.001240795] [uav_0.autopilot_sv_cbf_rate_node]: goal_waypoint received: [0.000, 5.500, 1.500] (overrides waypoint_x/y/z params)
[autopilot_sv_cbf_rate_node-3] [INFO] [1788157127.101275546] [uav_0.autopilot_sv_cbf_rate_node]: goal_waypoint received: [0.000, 5.500, 1.500] (overrides waypoint_x/y/z params)
[autopilot_sv_cbf_rate_node-3] [INFO] [1788157127.201376697] [uav_0.autopilot_sv_cbf_rate_node]: goal_waypoint received: [0.000, 5.500, 1.500] (overrides waypoint_x/y/z params)
[autopilot_sv_cbf_rate_node-3] [INFO] [1788157127.301342249] [uav_0.autopilot_sv_cbf_rate_node]: goal_waypoint received: [0.000, 5.500, 1.500] (overrides waypoint_x/y/z params)
[autopilot_sv_cbf_rate_node-3] [INFO] [1788157127.401326401] [uav_0.autopilot_sv_cbf_rate_node]: goal_waypoint received: [0.000, 5.500, 1.500] (overrides waypoint_x/y/z params)
[autopilot_sv_cbf_rate_node-3] [INFO] [1788157127.501252954] [uav_0.autopilot_sv_cbf_rate_node]: goal_waypoint received: [0.000, 5.500, 1.500] (overrides waypoint_x/y/z params)
[px4_sitl-2] INFO  [init] Gazebo world is ready
[px4_sitl-2] INFO  [init] Spawning Gazebo model
[autopilot_sv_cbf_rate_node-3] [INFO] [1788157127.601319505] [uav_0.autopilot_sv_cbf_rate_node]: goal_waypoint received: [0.000, 5.500, 1.500] (overrides waypoint_x/y/z params)
[autopilot_sv_cbf_rate_node-3] [INFO] [1788157127.703225626] [uav_0.autopilot_sv_cbf_rate_node]: goal_waypoint received: [0.000, 5.500, 1.500] (overrides waypoint_x/y/z params)
[autopilot_sv_cbf_rate_node-3] [INFO] [1788157127.801654303] [uav_0.autopilot_sv_cbf_rate_node]: goal_waypoint received: [0.000, 5.500, 1.500] (overrides waypoint_x/y/z params)
[autopilot_sv_cbf_rate_node-3] [INFO] [1788157127.901311161] [uav_0.autopilot_sv_cbf_rate_node]: goal_waypoint received: [0.000, 5.500, 1.500] (overrides waypoint_x/y/z params)
[px4_sitl-2] [1;33mWarning [Utils.cc:132][0m [/sdf/model[@name="x500_base"]/link[@name="base_link"]/sensor[@name="air_pressure_sensor"]/gz_frame_id:/home/matt/PX4-Autopilot/Tools/simulation/gz/models/x500_base/model.sdf:L219]: XML Element[gz_frame_id], child of element[sensor], not defined in SDF. Copying[gz_frame_id] as children of [sensor].
[px4_sitl-2] [1;33mWarning [Utils.cc:132][0m [/sdf/model[@name="x500_base"]/link[@name="base_link"]/sensor[@name="magnetometer_sensor"]/gz_frame_id:/home/matt/PX4-Autopilot/Tools/simulation/gz/models/x500_base/model.sdf:L233]: XML Element[gz_frame_id], child of element[sensor], not defined in SDF. Copying[gz_frame_id] as children of [sensor].
[px4_sitl-2] [1;33mWarning [Utils.cc:132][0m [/sdf/model[@name="x500_base"]/link[@name="base_link"]/sensor[@name="imu_sensor"]/gz_frame_id:/home/matt/PX4-Autopilot/Tools/simulation/gz/models/x500_base/model.sdf:L259]: XML Element[gz_frame_id], child of element[sensor], not defined in SDF. Copying[gz_frame_id] as children of [sensor].
[px4_sitl-2] [1;33mWarning [Utils.cc:132][0m [/sdf/model[@name="x500_base"]/link[@name="base_link"]/sensor[@name="navsat_sensor"]/gz_frame_id:/home/matt/PX4-Autopilot/Tools/simulation/gz/models/x500_base/model.sdf:L311]: XML Element[gz_frame_id], child of element[sensor], not defined in SDF. Copying[gz_frame_id] as children of [sensor].
[autopilot_sv_cbf_rate_node-3] [INFO] [1788157128.001395511] [uav_0.autopilot_sv_cbf_rate_node]: goal_waypoint received: [0.000, 5.500, 1.500] (overrides waypoint_x/y/z params)
[synthetic_obstacle_publisher-4] [WARN] [1788157128.014730292] [uav_0.synthetic_obstacle_publisher]: No odometry yet -- cannot evaluate the sensing envelope, publishing no obstacles
[autopilot_sv_cbf_rate_node-3] [INFO] [1788157128.101379866] [uav_0.autopilot_sv_cbf_rate_node]: goal_waypoint received: [0.000, 5.500, 1.500] (overrides waypoint_x/y/z params)
[autopilot_sv_cbf_rate_node-3] [INFO] [1788157128.201274023] [uav_0.autopilot_sv_cbf_rate_node]: goal_waypoint received: [0.000, 5.500, 1.500] (overrides waypoint_x/y/z params)
[autopilot_sv_cbf_rate_node-3] [INFO] [1788157128.301337176] [uav_0.autopilot_sv_cbf_rate_node]: goal_waypoint received: [0.000, 5.500, 1.500] (overrides waypoint_x/y/z params)
[autopilot_sv_cbf_rate_node-3] [INFO] [1788157128.401285132] [uav_0.autopilot_sv_cbf_rate_node]: goal_waypoint received: [0.000, 5.500, 1.500] (overrides waypoint_x/y/z params)
[autopilot_sv_cbf_rate_node-3] [INFO] [1788157128.501372885] [uav_0.autopilot_sv_cbf_rate_node]: goal_waypoint received: [0.000, 5.500, 1.500] (overrides waypoint_x/y/z params)
[autopilot_sv_cbf_rate_node-3] [INFO] [1788157128.601340963] [uav_0.autopilot_sv_cbf_rate_node]: goal_waypoint received: [0.000, 5.500, 1.500] (overrides waypoint_x/y/z params)
[autopilot_sv_cbf_rate_node-3] [INFO] [1788157128.701428402] [uav_0.autopilot_sv_cbf_rate_node]: goal_waypoint received: [0.000, 5.500, 1.500] (overrides waypoint_x/y/z params)
[autopilot_sv_cbf_rate_node-3] [INFO] [1788157128.801338643] [uav_0.autopilot_sv_cbf_rate_node]: goal_waypoint received: [0.000, 5.500, 1.500] (overrides waypoint_x/y/z params)
[px4_sitl-2] INFO  [lockstep_scheduler] setting initial absolute time to 4184000 us
[autopilot_sv_cbf_rate_node-3] [INFO] [1788157128.901312783] [uav_0.autopilot_sv_cbf_rate_node]: goal_waypoint received: [0.000, 5.500, 1.500] (overrides waypoint_x/y/z params)
[px4_sitl-2] INFO  [gz_bridge] world: default, model: x500_0
[autopilot_sv_cbf_rate_node-3] [INFO] [1788157129.001227524] [uav_0.autopilot_sv_cbf_rate_node]: goal_waypoint received: [0.000, 5.500, 1.500] (overrides waypoint_x/y/z params)
[autopilot_sv_cbf_rate_node-3] [INFO] [1788157129.101220067] [uav_0.autopilot_sv_cbf_rate_node]: goal_waypoint received: [0.000, 5.500, 1.500] (overrides waypoint_x/y/z params)
[autopilot_sv_cbf_rate_node-3] [INFO] [1788157129.201323508] [uav_0.autopilot_sv_cbf_rate_node]: goal_waypoint received: [0.000, 5.500, 1.500] (overrides waypoint_x/y/z params)
[autopilot_sv_cbf_rate_node-3] [INFO] [1788157129.301263152] [uav_0.autopilot_sv_cbf_rate_node]: goal_waypoint received: [0.000, 5.500, 1.500] (overrides waypoint_x/y/z params)
[autopilot_sv_cbf_rate_node-3] [INFO] [1788157129.401255295] [uav_0.autopilot_sv_cbf_rate_node]: goal_waypoint received: [0.000, 5.500, 1.500] (overrides waypoint_x/y/z params)
[px4_sitl-2] INFO  [commander] LED: open /dev/led0 failed (22)
[px4_sitl-2] WARN  [health_and_arming_checks] Preflight Fail: ekf2 missing data
[autopilot_sv_cbf_rate_node-3] [INFO] [1788157129.501321537] [uav_0.autopilot_sv_cbf_rate_node]: goal_waypoint received: [0.000, 5.500, 1.500] (overrides waypoint_x/y/z params)
[autopilot_sv_cbf_rate_node-3] [INFO] [1788157129.601239880] [uav_0.autopilot_sv_cbf_rate_node]: goal_waypoint received: [0.000, 5.500, 1.500] (overrides waypoint_x/y/z params)
[autopilot_sv_cbf_rate_node-3] [INFO] [1788157129.701239823] [uav_0.autopilot_sv_cbf_rate_node]: goal_waypoint received: [0.000, 5.500, 1.500] (overrides waypoint_x/y/z params)
[ground_station_stub_node-6] [INFO] [1788157129.701662119] [uav_0.ground_station_stub_node]: Switching to offboard mode
[ground_station_stub_node-6] [INFO] [1788157129.702004415] [uav_0.ground_station_stub_node]: Arm command sent
[autopilot_sv_cbf_rate_node-3] [INFO] [1788157129.801238066] [uav_0.autopilot_sv_cbf_rate_node]: goal_waypoint received: [0.000, 5.500, 1.500] (overrides waypoint_x/y/z params)
[autopilot_sv_cbf_rate_node-3] [INFO] [1788157129.901224209] [uav_0.autopilot_sv_cbf_rate_node]: goal_waypoint received: [0.000, 5.500, 1.500] (overrides waypoint_x/y/z params)
[autopilot_sv_cbf_rate_node-3] [INFO] [1788157130.001236252] [uav_0.autopilot_sv_cbf_rate_node]: goal_waypoint received: [0.000, 5.500, 1.500] (overrides waypoint_x/y/z params)
[synthetic_obstacle_publisher-4] [WARN] [1788157130.014803809] [uav_0.synthetic_obstacle_publisher]: No odometry yet -- cannot evaluate the sensing envelope, publishing no obstacles
[autopilot_sv_cbf_rate_node-3] [INFO] [1788157130.101352996] [uav_0.autopilot_sv_cbf_rate_node]: goal_waypoint received: [0.000, 5.500, 1.500] (overrides waypoint_x/y/z params)
[autopilot_sv_cbf_rate_node-3] [INFO] [1788157130.201257443] [uav_0.autopilot_sv_cbf_rate_node]: goal_waypoint received: [0.000, 5.500, 1.500] (overrides waypoint_x/y/z params)
[px4_sitl-2] INFO  [tone_alarm] home set
[px4_sitl-2] INFO  [uxrce_dds_client] init UDP agent IP:127.0.0.1, port:8888
[autopilot_sv_cbf_rate_node-3] [INFO] [1788157130.301323188] [uav_0.autopilot_sv_cbf_rate_node]: goal_waypoint received: [0.000, 5.500, 1.500] (overrides waypoint_x/y/z params)
[autopilot_sv_cbf_rate_node-3] [INFO] [1788157130.401233134] [uav_0.autopilot_sv_cbf_rate_node]: goal_waypoint received: [0.000, 5.500, 1.500] (overrides waypoint_x/y/z params)
[autopilot_sv_cbf_rate_node-3] [INFO] [1788157130.501237380] [uav_0.autopilot_sv_cbf_rate_node]: goal_waypoint received: [0.000, 5.500, 1.500] (overrides waypoint_x/y/z params)
[px4_sitl-2] INFO  [mavlink] mode: Normal, data rate: 4000000 B/s on udp port 18570 remote port 14550
[autopilot_sv_cbf_rate_node-3] [INFO] [1788157130.601328224] [uav_0.autopilot_sv_cbf_rate_node]: goal_waypoint received: [0.000, 5.500, 1.500] (overrides waypoint_x/y/z params)
[autopilot_sv_cbf_rate_node-3] [INFO] [1788157130.701300870] [uav_0.autopilot_sv_cbf_rate_node]: goal_waypoint received: [0.000, 5.500, 1.500] (overrides waypoint_x/y/z params)
[px4_sitl-2] INFO  [mavlink] mode: Onboard, data rate: 4000000 B/s on udp port 14580 remote port 14540
[px4_sitl-2] INFO  [mavlink] mode: Onboard, data rate: 4000 B/s on udp port 14280 remote port 14030
[px4_sitl-2] INFO  [mavlink] mode: Gimbal, data rate: 400000 B/s on udp port 13030 remote port 13280
[autopilot_sv_cbf_rate_node-3] [INFO] [1788157130.801262516] [uav_0.autopilot_sv_cbf_rate_node]: goal_waypoint received: [0.000, 5.500, 1.500] (overrides waypoint_x/y/z params)
[ground_station_stub_node-6] [INFO] [1788157130.801674812] [uav_0.ground_station_stub_node]: Switching to offboard mode
[ground_station_stub_node-6] [INFO] [1788157130.802091608] [uav_0.ground_station_stub_node]: Arm command sent
[autopilot_sv_cbf_rate_node-3] [INFO] [1788157130.901221562] [uav_0.autopilot_sv_cbf_rate_node]: goal_waypoint received: [0.000, 5.500, 1.500] (overrides waypoint_x/y/z params)
[px4_sitl-2] INFO  [logger] logger started (mode=all)
[px4_sitl-2] INFO  [logger] Start file log (type: full)
[px4_sitl-2] INFO  [logger] [logger] ./log/2026-08-31/06_18_50.ulg	
[px4_sitl-2] INFO  [logger] Opened full log file: ./log/2026-08-31/06_18_50.ulg
[px4_sitl-2] INFO  [mavlink] MAVLink only on localhost (set param MAV_{i}_BROADCAST = 1 to enable network)
[px4_sitl-2] INFO  [mavlink] MAVLink only on localhost (set param MAV_{i}_BROADCAST = 1 to enable network)
[px4_sitl-2] INFO  [px4] Startup script returned successfully
[autopilot_sv_cbf_rate_node-3] [INFO] [1788157131.001307407] [uav_0.autopilot_sv_cbf_rate_node]: goal_waypoint received: [0.000, 5.500, 1.500] (overrides waypoint_x/y/z params)
[autopilot_sv_cbf_rate_node-3] [INFO] [1788157131.101316356] [uav_0.autopilot_sv_cbf_rate_node]: goal_waypoint received: [0.000, 5.500, 1.500] (overrides waypoint_x/y/z params)
[autopilot_sv_cbf_rate_node-3] [INFO] [1788157131.201245905] [uav_0.autopilot_sv_cbf_rate_node]: goal_waypoint received: [0.000, 5.500, 1.500] (overrides waypoint_x/y/z params)
[autopilot_sv_cbf_rate_node-3] [INFO] [1788157131.301416451] [uav_0.autopilot_sv_cbf_rate_node]: goal_waypoint received: [0.000, 5.500, 1.500] (overrides waypoint_x/y/z params)
[autopilot_sv_cbf_rate_node-3] [INFO] [1788157131.401288501] [uav_0.autopilot_sv_cbf_rate_node]: goal_waypoint received: [0.000, 5.500, 1.500] (overrides waypoint_x/y/z params)
[autopilot_sv_cbf_rate_node-3] [INFO] [1788157131.501234250] [uav_0.autopilot_sv_cbf_rate_node]: goal_waypoint received: [0.000, 5.500, 1.500] (overrides waypoint_x/y/z params)
[autopilot_sv_cbf_rate_node-3] [INFO] [1788157131.601327398] [uav_0.autopilot_sv_cbf_rate_node]: goal_waypoint received: [0.000, 5.500, 1.500] (overrides waypoint_x/y/z params)
[autopilot_sv_cbf_rate_node-3] [INFO] [1788157131.701295346] [uav_0.autopilot_sv_cbf_rate_node]: goal_waypoint received: [0.000, 5.500, 1.500] (overrides waypoint_x/y/z params)
[autopilot_sv_cbf_rate_node-3] [INFO] [1788157131.801322895] [uav_0.autopilot_sv_cbf_rate_node]: goal_waypoint received: [0.000, 5.500, 1.500] (overrides waypoint_x/y/z params)
[ground_station_stub_node-6] [INFO] [1788157131.801691791] [uav_0.ground_station_stub_node]: Switching to offboard mode
[ground_station_stub_node-6] [INFO] [1788157131.802030487] [uav_0.ground_station_stub_node]: Arm command sent
[autopilot_sv_cbf_rate_node-3] [INFO] [1788157131.901301743] [uav_0.autopilot_sv_cbf_rate_node]: goal_waypoint received: [0.000, 5.500, 1.500] (overrides waypoint_x/y/z params)
[autopilot_sv_cbf_rate_node-3] [INFO] [1788157132.001311192] [uav_0.autopilot_sv_cbf_rate_node]: goal_waypoint received: [0.000, 5.500, 1.500] (overrides waypoint_x/y/z params)
[autopilot_sv_cbf_rate_node-3] [INFO] [1788157132.101379942] [uav_0.autopilot_sv_cbf_rate_node]: goal_waypoint received: [0.000, 5.500, 1.500] (overrides waypoint_x/y/z params)
[synthetic_obstacle_publisher-4] [WARN] [1788157132.114764702] [uav_0.synthetic_obstacle_publisher]: No odometry yet -- cannot evaluate the sensing envelope, publishing no obstacles
[autopilot_sv_cbf_rate_node-3] [INFO] [1788157132.201363794] [uav_0.autopilot_sv_cbf_rate_node]: goal_waypoint received: [0.000, 5.500, 1.500] (overrides waypoint_x/y/z params)
[autopilot_sv_cbf_rate_node-3] [INFO] [1788157132.301281246] [uav_0.autopilot_sv_cbf_rate_node]: goal_waypoint received: [0.000, 5.500, 1.500] (overrides waypoint_x/y/z params)
[autopilot_sv_cbf_rate_node-3] [INFO] [1788157132.401308997] [uav_0.autopilot_sv_cbf_rate_node]: goal_waypoint received: [0.000, 5.500, 1.500] (overrides waypoint_x/y/z params)
[autopilot_sv_cbf_rate_node-3] [INFO] [1788157132.501281548] [uav_0.autopilot_sv_cbf_rate_node]: goal_waypoint received: [0.000, 5.500, 1.500] (overrides waypoint_x/y/z params)
[autopilot_sv_cbf_rate_node-3] [INFO] [1788157132.601304399] [uav_0.autopilot_sv_cbf_rate_node]: goal_waypoint received: [0.000, 5.500, 1.500] (overrides waypoint_x/y/z params)
[autopilot_sv_cbf_rate_node-3] [INFO] [1788157132.701297351] [uav_0.autopilot_sv_cbf_rate_node]: goal_waypoint received: [0.000, 5.500, 1.500] (overrides waypoint_x/y/z params)
[px4_sitl-2] pxh> INFO  [commander] [32mReady for takeoff![0m
[autopilot_sv_cbf_rate_node-3] [INFO] [1788157132.801334501] [uav_0.autopilot_sv_cbf_rate_node]: goal_waypoint received: [0.000, 5.500, 1.500] (overrides waypoint_x/y/z params)
[ground_station_stub_node-6] [INFO] [1788157132.801706497] [uav_0.ground_station_stub_node]: Switching to offboard mode
[ground_station_stub_node-6] [INFO] [1788157132.802125593] [uav_0.ground_station_stub_node]: Arm command sent
[autopilot_sv_cbf_rate_node-3] [INFO] [1788157132.901357152] [uav_0.autopilot_sv_cbf_rate_node]: goal_waypoint received: [0.000, 5.500, 1.500] (overrides waypoint_x/y/z params)
[autopilot_sv_cbf_rate_node-3] [INFO] [1788157133.001281604] [uav_0.autopilot_sv_cbf_rate_node]: goal_waypoint received: [0.000, 5.500, 1.500] (overrides waypoint_x/y/z params)
[autopilot_sv_cbf_rate_node-3] [INFO] [1788157133.101457257] [uav_0.autopilot_sv_cbf_rate_node]: goal_waypoint received: [0.000, 5.500, 1.500] (overrides waypoint_x/y/z params)
[autopilot_sv_cbf_rate_node-3] [INFO] [1788157133.201301412] [uav_0.autopilot_sv_cbf_rate_node]: goal_waypoint received: [0.000, 5.500, 1.500] (overrides waypoint_x/y/z params)
[autopilot_sv_cbf_rate_node-3] [INFO] [1788157133.301300166] [uav_0.autopilot_sv_cbf_rate_node]: goal_waypoint received: [0.000, 5.500, 1.500] (overrides waypoint_x/y/z params)
[autopilot_sv_cbf_rate_node-3] [INFO] [1788157133.401366220] [uav_0.autopilot_sv_cbf_rate_node]: goal_waypoint received: [0.000, 5.500, 1.500] (overrides waypoint_x/y/z params)
[autopilot_sv_cbf_rate_node-3] [INFO] [1788157133.501311774] [uav_0.autopilot_sv_cbf_rate_node]: goal_waypoint received: [0.000, 5.500, 1.500] (overrides waypoint_x/y/z params)
[autopilot_sv_cbf_rate_node-3] [INFO] [1788157133.601271995] [uav_0.autopilot_sv_cbf_rate_node]: goal_waypoint received: [0.000, 5.500, 1.500] (overrides waypoint_x/y/z params)
[autopilot_sv_cbf_rate_node-3] [INFO] [1788157133.701287802] [uav_0.autopilot_sv_cbf_rate_node]: goal_waypoint received: [0.000, 5.500, 1.500] (overrides waypoint_x/y/z params)
[autopilot_sv_cbf_rate_node-3] [INFO] [1788157133.801280411] [uav_0.autopilot_sv_cbf_rate_node]: goal_waypoint received: [0.000, 5.500, 1.500] (overrides waypoint_x/y/z params)
[autopilot_sv_cbf_rate_node-3] [INFO] [1788157133.901363118] [uav_0.autopilot_sv_cbf_rate_node]: goal_waypoint received: [0.000, 5.500, 1.500] (overrides waypoint_x/y/z params)
[ground_station_stub_node-6] [INFO] [1788157133.901686214] [uav_0.ground_station_stub_node]: Switching to offboard mode
[ground_station_stub_node-6] [INFO] [1788157133.902025910] [uav_0.ground_station_stub_node]: Arm command sent
[autopilot_sv_cbf_rate_node-3] [INFO] [1788157134.001301826] [uav_0.autopilot_sv_cbf_rate_node]: goal_waypoint received: [0.000, 5.500, 1.500] (overrides waypoint_x/y/z params)
[autopilot_sv_cbf_rate_node-3] [INFO] [1788157134.101400036] [uav_0.autopilot_sv_cbf_rate_node]: goal_waypoint received: [0.000, 5.500, 1.500] (overrides waypoint_x/y/z params)
[autopilot_sv_cbf_rate_node-3] [INFO] [1788157134.201410847] [uav_0.autopilot_sv_cbf_rate_node]: goal_waypoint received: [0.000, 5.500, 1.500] (overrides waypoint_x/y/z params)
[synthetic_obstacle_publisher-4] [WARN] [1788157134.214832087] [uav_0.synthetic_obstacle_publisher]: No odometry yet -- cannot evaluate the sensing envelope, publishing no obstacles
[autopilot_sv_cbf_rate_node-3] [INFO] [1788157134.301319559] [uav_0.autopilot_sv_cbf_rate_node]: goal_waypoint received: [0.000, 5.500, 1.500] (overrides waypoint_x/y/z params)
[autopilot_sv_cbf_rate_node-3] [INFO] [1788157134.401335570] [uav_0.autopilot_sv_cbf_rate_node]: goal_waypoint received: [0.000, 5.500, 1.500] (overrides waypoint_x/y/z params)
[autopilot_sv_cbf_rate_node-3] [INFO] [1788157134.501437879] [uav_0.autopilot_sv_cbf_rate_node]: goal_waypoint received: [0.000, 5.500, 1.500] (overrides waypoint_x/y/z params)
[autopilot_sv_cbf_rate_node-3] [INFO] [1788157134.601292492] [uav_0.autopilot_sv_cbf_rate_node]: goal_waypoint received: [0.000, 5.500, 1.500] (overrides waypoint_x/y/z params)
[autopilot_sv_cbf_rate_node-3] [INFO] [1788157134.701337402] [uav_0.autopilot_sv_cbf_rate_node]: goal_waypoint received: [0.000, 5.500, 1.500] (overrides waypoint_x/y/z params)
[autopilot_sv_cbf_rate_node-3] [INFO] [1788157134.801312713] [uav_0.autopilot_sv_cbf_rate_node]: goal_waypoint received: [0.000, 5.500, 1.500] (overrides waypoint_x/y/z params)
[autopilot_sv_cbf_rate_node-3] [INFO] [1788157134.901338624] [uav_0.autopilot_sv_cbf_rate_node]: goal_waypoint received: [0.000, 5.500, 1.500] (overrides waypoint_x/y/z params)
[autopilot_sv_cbf_rate_node-3] [INFO] [1788157135.001247936] [uav_0.autopilot_sv_cbf_rate_node]: goal_waypoint received: [0.000, 5.500, 1.500] (overrides waypoint_x/y/z params)
[ground_station_stub_node-6] [INFO] [1788157135.001631031] [uav_0.ground_station_stub_node]: Switching to offboard mode
[ground_station_stub_node-6] [INFO] [1788157135.002155725] [uav_0.ground_station_stub_node]: Arm command sent
[autopilot_sv_cbf_rate_node-3] [INFO] [1788157135.101413747] [uav_0.autopilot_sv_cbf_rate_node]: goal_waypoint received: [0.000, 5.500, 1.500] (overrides waypoint_x/y/z params)
[autopilot_sv_cbf_rate_node-3] [INFO] [1788157135.201330962] [uav_0.autopilot_sv_cbf_rate_node]: goal_waypoint received: [0.000, 5.500, 1.500] (overrides waypoint_x/y/z params)
[autopilot_sv_cbf_rate_node-3] [INFO] [1788157135.301217277] [uav_0.autopilot_sv_cbf_rate_node]: goal_waypoint received: [0.000, 5.500, 1.500] (overrides waypoint_x/y/z params)
[autopilot_sv_cbf_rate_node-3] [INFO] [1788157135.401293090] [uav_0.autopilot_sv_cbf_rate_node]: goal_waypoint received: [0.000, 5.500, 1.500] (overrides waypoint_x/y/z params)
[autopilot_sv_cbf_rate_node-3] [INFO] [1788157135.501203905] [uav_0.autopilot_sv_cbf_rate_node]: goal_waypoint received: [0.000, 5.500, 1.500] (overrides waypoint_x/y/z params)
[autopilot_sv_cbf_rate_node-3] [INFO] [1788157135.601324817] [uav_0.autopilot_sv_cbf_rate_node]: goal_waypoint received: [0.000, 5.500, 1.500] (overrides waypoint_x/y/z params)
[autopilot_sv_cbf_rate_node-3] [INFO] [1788157135.701242532] [uav_0.autopilot_sv_cbf_rate_node]: goal_waypoint received: [0.000, 5.500, 1.500] (overrides waypoint_x/y/z params)
[autopilot_sv_cbf_rate_node-3] [INFO] [1788157135.801272045] [uav_0.autopilot_sv_cbf_rate_node]: goal_waypoint received: [0.000, 5.500, 1.500] (overrides waypoint_x/y/z params)
[autopilot_sv_cbf_rate_node-3] [INFO] [1788157135.901286358] [uav_0.autopilot_sv_cbf_rate_node]: goal_waypoint received: [0.000, 5.500, 1.500] (overrides waypoint_x/y/z params)
[autopilot_sv_cbf_rate_node-3] [INFO] [1788157136.001274472] [uav_0.autopilot_sv_cbf_rate_node]: goal_waypoint received: [0.000, 5.500, 1.500] (overrides waypoint_x/y/z params)
[ground_station_stub_node-6] [INFO] [1788157136.001666467] [uav_0.ground_station_stub_node]: Switching to offboard mode
[ground_station_stub_node-6] [INFO] [1788157136.002061963] [uav_0.ground_station_stub_node]: Arm command sent
[autopilot_sv_cbf_rate_node-3] [INFO] [1788157136.101268189] [uav_0.autopilot_sv_cbf_rate_node]: goal_waypoint received: [0.000, 5.500, 1.500] (overrides waypoint_x/y/z params)
[autopilot_sv_cbf_rate_node-3] [INFO] [1788157136.201335204] [uav_0.autopilot_sv_cbf_rate_node]: goal_waypoint received: [0.000, 5.500, 1.500] (overrides waypoint_x/y/z params)
[px4_sitl-2] INFO  [uxrce_dds_client] synchronized with time offset 1788157124693975us
[px4_sitl-2] INFO  [uxrce_dds_client] successfully created rt/uav_0/fmu/out/register_ext_component_reply data writer, topic id: 205
[px4_sitl-2] INFO  [uxrce_dds_client] successfully created rt/uav_0/fmu/out/arming_check_request_v1 data writer, topic id: 16
[px4_sitl-2] INFO  [uxrce_dds_client] successfully created rt/uav_0/fmu/out/mode_completed data writer, topic id: 157
[px4_sitl-2] INFO  [uxrce_dds_client] successfully created rt/uav_0/fmu/out/battery_status_v1 data writer, topic id: 20
[px4_sitl-2] INFO  [uxrce_dds_client] successfully created rt/uav_0/fmu/out/collision_constraints data writer, topic id: 27
[px4_sitl-2] INFO  [uxrce_dds_client] successfully created rt/uav_0/fmu/out/estimator_status_flags data writer, topic id: 85
[px4_sitl-2] INFO  [uxrce_dds_client] successfully created rt/uav_0/fmu/out/failsafe_flags data writer, topic id: 91
[px4_sitl-2] INFO  [uxrce_dds_client] successfully created rt/uav_0/fmu/out/manual_control_setpoint data writer, topic id: 148
[px4_sitl-2] INFO  [uxrce_dds_client] successfully created rt/uav_0/fmu/out/message_format_response data writer, topic id: 154
[px4_sitl-2] INFO  [uxrce_dds_client] successfully created rt/uav_0/fmu/out/position_setpoint_triplet data writer, topic id: 192
[px4_sitl-2] INFO  [uxrce_dds_client] successfully created rt/uav_0/fmu/out/sensor_combined data writer, topic id: 225
[px4_sitl-2] INFO  [uxrce_dds_client] successfully created rt/uav_0/fmu/out/timesync_status data writer, topic id: 249
[px4_sitl-2] INFO  [uxrce_dds_client] successfully created rt/uav_0/fmu/out/transponder_report data writer, topic id: 252
[px4_sitl-2] INFO  [uxrce_dds_client] successfully created rt/uav_0/fmu/out/vehicle_land_detected data writer, topic id: 277
[px4_sitl-2] INFO  [uxrce_dds_client] successfully created rt/uav_0/fmu/out/vehicle_attitude data writer, topic id: 264
[px4_sitl-2] INFO  [uxrce_dds_client] successfully created rt/uav_0/fmu/out/vehicle_control_mode data writer, topic id: 271
[px4_sitl-2] INFO  [uxrce_dds_client] successfully created rt/uav_0/fmu/out/vehicle_command_ack data writer, topic id: 268
[px4_sitl-2] INFO  [uxrce_dds_client] successfully created rt/uav_0/fmu/out/vehicle_global_position data writer, topic id: 272
[px4_sitl-2] INFO  [uxrce_dds_client] successfully created rt/uav_0/fmu/out/vehicle_gps_position data writer, topic id: 274
[px4_sitl-2] INFO  [uxrce_dds_client] successfully created rt/uav_0/fmu/out/vehicle_local_position_v1 data writer, topic id: 278
[px4_sitl-2] INFO  [uxrce_dds_client] successfully created rt/uav_0/fmu/out/vehicle_odometry data writer, topic id: 283
[px4_sitl-2] INFO  [uxrce_dds_client] successfully created rt/uav_0/fmu/out/vehicle_status_v1 data writer, topic id: 288
[px4_sitl-2] INFO  [uxrce_dds_client] successfully created rt/uav_0/fmu/out/airspeed_validated_v1 data writer, topic id: 13
[px4_sitl-2] INFO  [uxrce_dds_client] successfully created rt/uav_0/fmu/out/vtol_vehicle_status data writer, topic id: 297
[px4_sitl-2] INFO  [uxrce_dds_client] successfully created rt/uav_0/fmu/out/home_position_v1 data writer, topic id: 128
[px4_sitl-2] INFO  [uxrce_dds_client] successfully created rt/uav_0/fmu/out/wind data writer, topic id: 299
[px4_sitl-2] INFO  [uxrce_dds_client] successfully created rt/uav_0/fmu/out/gimbal_device_attitude_status data writer, topic id: 110
[autopilot_sv_cbf_rate_node-3] [INFO] [1788157136.301226122] [uav_0.autopilot_sv_cbf_rate_node]: goal_waypoint received: [0.000, 5.500, 1.500] (overrides waypoint_x/y/z params)
[autopilot_sv_cbf_rate_node-3] [INFO] [1788157136.401352137] [uav_0.autopilot_sv_cbf_rate_node]: goal_waypoint received: [0.000, 5.500, 1.500] (overrides waypoint_x/y/z params)
[autopilot_sv_cbf_rate_node-3] [INFO] [1788157136.501148156] [uav_0.autopilot_sv_cbf_rate_node]: goal_waypoint received: [0.000, 5.500, 1.500] (overrides waypoint_x/y/z params)
[autopilot_sv_cbf_rate_node-3] [INFO] [1788157136.601278671] [uav_0.autopilot_sv_cbf_rate_node]: goal_waypoint received: [0.000, 5.500, 1.500] (overrides waypoint_x/y/z params)
[autopilot_sv_cbf_rate_node-3] [INFO] [1788157136.701206988] [uav_0.autopilot_sv_cbf_rate_node]: goal_waypoint received: [0.000, 5.500, 1.500] (overrides waypoint_x/y/z params)
[autopilot_sv_cbf_rate_node-3] [INFO] [1788157136.801195105] [uav_0.autopilot_sv_cbf_rate_node]: goal_waypoint received: [0.000, 5.500, 1.500] (overrides waypoint_x/y/z params)
[autopilot_sv_cbf_rate_node-3] [INFO] [1788157136.901380119] [uav_0.autopilot_sv_cbf_rate_node]: goal_waypoint received: [0.000, 5.500, 1.500] (overrides waypoint_x/y/z params)
[autopilot_sv_cbf_rate_node-3] [INFO] [1788157137.001219737] [uav_0.autopilot_sv_cbf_rate_node]: goal_waypoint received: [0.000, 5.500, 1.500] (overrides waypoint_x/y/z params)
[autopilot_sv_cbf_rate_node-3] [INFO] [1788157137.101212857] [uav_0.autopilot_sv_cbf_rate_node]: goal_waypoint received: [0.000, 5.500, 1.500] (overrides waypoint_x/y/z params)
[ground_station_stub_node-6] [INFO] [1788157137.101688351] [uav_0.ground_station_stub_node]: Switching to offboard mode
[ground_station_stub_node-6] [INFO] [1788157137.102157545] [uav_0.ground_station_stub_node]: Arm command sent
[px4_sitl-2] INFO  [commander] Armed by external command	
[px4_sitl-2] INFO  [tone_alarm] arming warning
[autopilot_sv_cbf_rate_node-3] [WARN] [1788157137.114554199] [uav_0.autopilot_sv_cbf_rate_node]: arming_state changed: DISARMED -> ARMED
[autopilot_sv_cbf_rate_node-3] [WARN] [1788157137.114595099] [uav_0.autopilot_sv_cbf_rate_node]: T reset to hover thrust 20.2478N (reason: re-armed)
[autopilot_sv_cbf_rate_node-3] [INFO] [1788157137.114622898] [uav_0.autopilot_sv_cbf_rate_node]: armed: holding current position [-0.012, 0.055, -0.057] as goal
[px4_sitl-2] INFO  [commander] Takeoff detected	
[autopilot_sv_cbf_rate_node-3] [INFO] [1788157137.201202376] [uav_0.autopilot_sv_cbf_rate_node]: goal_waypoint received: [0.000, 5.500, 1.500] (overrides waypoint_x/y/z params)
[autopilot_sv_cbf_rate_node-3] [INFO] [1788157137.253832954] [uav_0.autopilot_sv_cbf_rate_node]: pos=[-0.01 0.06 -0.06]  T=23.273N  omega=[-2.690 -0.128 0.000]  certified=4 uncertified=0  delta=0.0000  gamma=5.000(fixed)  feasible=1
[autopilot_sv_cbf_rate_node-3] [INFO] [1788157137.301171896] [uav_0.autopilot_sv_cbf_rate_node]: goal_waypoint received: [0.000, 5.500, 1.500] (overrides waypoint_x/y/z params)
[autopilot_sv_cbf_rate_node-3] [INFO] [1788157137.401353413] [uav_0.autopilot_sv_cbf_rate_node]: goal_waypoint received: [0.000, 5.500, 1.500] (overrides waypoint_x/y/z params)
[autopilot_sv_cbf_rate_node-3] [INFO] [1788157137.501232133] [uav_0.autopilot_sv_cbf_rate_node]: goal_waypoint received: [0.000, 5.500, 1.500] (overrides waypoint_x/y/z params)
[autopilot_sv_cbf_rate_node-3] [INFO] [1788157137.601230353] [uav_0.autopilot_sv_cbf_rate_node]: goal_waypoint received: [0.000, 5.500, 1.500] (overrides waypoint_x/y/z params)
[autopilot_sv_cbf_rate_node-3] [INFO] [1788157137.701195672] [uav_0.autopilot_sv_cbf_rate_node]: goal_waypoint received: [0.000, 5.500, 1.500] (overrides waypoint_x/y/z params)
[autopilot_sv_cbf_rate_node-3] [INFO] [1788157137.801350690] [uav_0.autopilot_sv_cbf_rate_node]: goal_waypoint received: [0.000, 5.500, 1.500] (overrides waypoint_x/y/z params)
[autopilot_sv_cbf_rate_node-3] [INFO] [1788157137.901307409] [uav_0.autopilot_sv_cbf_rate_node]: goal_waypoint received: [0.000, 5.500, 1.500] (overrides waypoint_x/y/z params)
[autopilot_sv_cbf_rate_node-3] [INFO] [1788157138.001378628] [uav_0.autopilot_sv_cbf_rate_node]: goal_waypoint received: [0.000, 5.500, 1.500] (overrides waypoint_x/y/z params)
[autopilot_sv_cbf_rate_node-3] [INFO] [1788157138.101350250] [uav_0.autopilot_sv_cbf_rate_node]: goal_waypoint received: [0.000, 5.500, 1.500] (overrides waypoint_x/y/z params)
[autopilot_sv_cbf_rate_node-3] [INFO] [1788157138.201273473] [uav_0.autopilot_sv_cbf_rate_node]: goal_waypoint received: [0.000, 5.500, 1.500] (overrides waypoint_x/y/z params)
[autopilot_sv_cbf_rate_node-3] [INFO] [1788157138.253794354] [uav_0.autopilot_sv_cbf_rate_node]: pos=[-0.02 1.02 0.93]  T=23.986N  omega=[-1.183 -0.152 0.000]  certified=4 uncertified=0  delta=0.0000  gamma=5.000(fixed)  feasible=1
[autopilot_sv_cbf_rate_node-3] [INFO] [1788157138.301191496] [uav_0.autopilot_sv_cbf_rate_node]: goal_waypoint received: [0.000, 5.500, 1.500] (overrides waypoint_x/y/z params)
[autopilot_sv_cbf_rate_node-3] [INFO] [1788157138.401203218] [uav_0.autopilot_sv_cbf_rate_node]: goal_waypoint received: [0.000, 5.500, 1.500] (overrides waypoint_x/y/z params)
[autopilot_sv_cbf_rate_node-3] [INFO] [1788157138.501215840] [uav_0.autopilot_sv_cbf_rate_node]: goal_waypoint received: [0.000, 5.500, 1.500] (overrides waypoint_x/y/z params)
[autopilot_sv_cbf_rate_node-3] [INFO] [1788157138.601165762] [uav_0.autopilot_sv_cbf_rate_node]: goal_waypoint received: [0.000, 5.500, 1.500] (overrides waypoint_x/y/z params)
[autopilot_sv_cbf_rate_node-3] [INFO] [1788157138.701249583] [uav_0.autopilot_sv_cbf_rate_node]: goal_waypoint received: [0.000, 5.500, 1.500] (overrides waypoint_x/y/z params)
[autopilot_sv_cbf_rate_node-3] [INFO] [1788157138.801190406] [uav_0.autopilot_sv_cbf_rate_node]: goal_waypoint received: [0.000, 5.500, 1.500] (overrides waypoint_x/y/z params)
[autopilot_sv_cbf_rate_node-3] [INFO] [1788157138.901155528] [uav_0.autopilot_sv_cbf_rate_node]: goal_waypoint received: [0.000, 5.500, 1.500] (overrides waypoint_x/y/z params)
[autopilot_sv_cbf_rate_node-3] [INFO] [1788157139.001213950] [uav_0.autopilot_sv_cbf_rate_node]: goal_waypoint received: [0.000, 5.500, 1.500] (overrides waypoint_x/y/z params)
[autopilot_sv_cbf_rate_node-3] [INFO] [1788157139.101227874] [uav_0.autopilot_sv_cbf_rate_node]: goal_waypoint received: [0.000, 5.500, 1.500] (overrides waypoint_x/y/z params)
[autopilot_sv_cbf_rate_node-3] [INFO] [1788157139.201321498] [uav_0.autopilot_sv_cbf_rate_node]: goal_waypoint received: [0.000, 5.500, 1.500] (overrides waypoint_x/y/z params)
[autopilot_sv_cbf_rate_node-3] [INFO] [1788157139.253819381] [uav_0.autopilot_sv_cbf_rate_node]: pos=[0.24 2.27 2.27]  T=16.771N  omega=[-0.411 -0.583 0.000]  certified=4 uncertified=0  delta=0.0000  gamma=5.000(fixed)  feasible=1
[autopilot_sv_cbf_rate_node-3] [INFO] [1788157139.301186724] [uav_0.autopilot_sv_cbf_rate_node]: goal_waypoint received: [0.000, 5.500, 1.500] (overrides waypoint_x/y/z params)
[autopilot_sv_cbf_rate_node-3] [INFO] [1788157139.401219149] [uav_0.autopilot_sv_cbf_rate_node]: goal_waypoint received: [0.000, 5.500, 1.500] (overrides waypoint_x/y/z params)
[autopilot_sv_cbf_rate_node-3] [INFO] [1788157139.501233873] [uav_0.autopilot_sv_cbf_rate_node]: goal_waypoint received: [0.000, 5.500, 1.500] (overrides waypoint_x/y/z params)
[autopilot_sv_cbf_rate_node-3] [INFO] [1788157139.601193399] [uav_0.autopilot_sv_cbf_rate_node]: goal_waypoint received: [0.000, 5.500, 1.500] (overrides waypoint_x/y/z params)
[autopilot_sv_cbf_rate_node-3] [INFO] [1788157139.701293822] [uav_0.autopilot_sv_cbf_rate_node]: goal_waypoint received: [0.000, 5.500, 1.500] (overrides waypoint_x/y/z params)
[autopilot_sv_cbf_rate_node-3] [INFO] [1788157139.801281547] [uav_0.autopilot_sv_cbf_rate_node]: goal_waypoint received: [0.000, 5.500, 1.500] (overrides waypoint_x/y/z params)
[autopilot_sv_cbf_rate_node-3] [INFO] [1788157139.901174673] [uav_0.autopilot_sv_cbf_rate_node]: goal_waypoint received: [0.000, 5.500, 1.500] (overrides waypoint_x/y/z params)
[autopilot_sv_cbf_rate_node-3] [INFO] [1788157140.001216298] [uav_0.autopilot_sv_cbf_rate_node]: goal_waypoint received: [0.000, 5.500, 1.500] (overrides waypoint_x/y/z params)
[autopilot_sv_cbf_rate_node-3] [INFO] [1788157140.101193725] [uav_0.autopilot_sv_cbf_rate_node]: goal_waypoint received: [0.000, 5.500, 1.500] (overrides waypoint_x/y/z params)
[autopilot_sv_cbf_rate_node-3] [INFO] [1788157140.201397251] [uav_0.autopilot_sv_cbf_rate_node]: goal_waypoint received: [0.000, 5.500, 1.500] (overrides waypoint_x/y/z params)
[autopilot_sv_cbf_rate_node-3] [INFO] [1788157140.253825536] [uav_0.autopilot_sv_cbf_rate_node]: pos=[0.12 4.89 1.58]  T=26.589N  omega=[-0.487 0.005 0.000]  certified=4 uncertified=0  delta=0.0000  gamma=5.000(fixed)  feasible=1
[autopilot_sv_cbf_rate_node-3] [INFO] [1788157140.301297979] [uav_0.autopilot_sv_cbf_rate_node]: goal_waypoint received: [0.000, 5.500, 1.500] (overrides waypoint_x/y/z params)
[autopilot_sv_cbf_rate_node-3] [INFO] [1788157140.401220408] [uav_0.autopilot_sv_cbf_rate_node]: goal_waypoint received: [0.000, 5.500, 1.500] (overrides waypoint_x/y/z params)
[autopilot_sv_cbf_rate_node-3] [INFO] [1788157140.501340234] [uav_0.autopilot_sv_cbf_rate_node]: goal_waypoint received: [0.000, 5.500, 1.500] (overrides waypoint_x/y/z params)
[autopilot_sv_cbf_rate_node-3] [INFO] [1788157140.601300362] [uav_0.autopilot_sv_cbf_rate_node]: goal_waypoint received: [0.000, 5.500, 1.500] (overrides waypoint_x/y/z params)
[autopilot_sv_cbf_rate_node-3] [INFO] [1788157140.701315989] [uav_0.autopilot_sv_cbf_rate_node]: goal_waypoint received: [0.000, 5.500, 1.500] (overrides waypoint_x/y/z params)
[autopilot_sv_cbf_rate_node-3] [INFO] [1788157140.801186418] [uav_0.autopilot_sv_cbf_rate_node]: goal_waypoint received: [0.000, 5.500, 1.500] (overrides waypoint_x/y/z params)
[autopilot_sv_cbf_rate_node-3] [INFO] [1788157140.901262303] [uav_0.autopilot_sv_cbf_rate_node]: goal_waypoint received: [0.000, 5.500, 1.500] (overrides waypoint_x/y/z params)
[autopilot_sv_cbf_rate_node-3] [INFO] [1788157141.001241047] [uav_0.autopilot_sv_cbf_rate_node]: goal_waypoint received: [0.000, 5.500, 1.500] (overrides waypoint_x/y/z params)
[autopilot_sv_cbf_rate_node-3] [INFO] [1788157141.101295493] [uav_0.autopilot_sv_cbf_rate_node]: goal_waypoint received: [0.000, 5.500, 1.500] (overrides waypoint_x/y/z params)
[autopilot_sv_cbf_rate_node-3] [INFO] [1788157141.201224741] [uav_0.autopilot_sv_cbf_rate_node]: goal_waypoint received: [0.000, 5.500, 1.500] (overrides waypoint_x/y/z params)
[autopilot_sv_cbf_rate_node-3] [INFO] [1788157141.253770388] [uav_0.autopilot_sv_cbf_rate_node]: pos=[-0.07 5.53 1.35]  T=23.194N  omega=[0.278 0.135 0.000]  certified=4 uncertified=0  delta=0.0000  gamma=5.000(fixed)  feasible=1
[autopilot_sv_cbf_rate_node-3] [INFO] [1788157141.301197488] [uav_0.autopilot_sv_cbf_rate_node]: goal_waypoint received: [0.000, 5.500, 1.500] (overrides waypoint_x/y/z params)
[autopilot_sv_cbf_rate_node-3] [INFO] [1788157141.401419632] [uav_0.autopilot_sv_cbf_rate_node]: goal_waypoint received: [0.000, 5.500, 1.500] (overrides waypoint_x/y/z params)
[autopilot_sv_cbf_rate_node-3] [INFO] [1788157141.501248881] [uav_0.autopilot_sv_cbf_rate_node]: goal_waypoint received: [0.000, 5.500, 1.500] (overrides waypoint_x/y/z params)
[autopilot_sv_cbf_rate_node-3] [INFO] [1788157141.601174352] [uav_0.autopilot_sv_cbf_rate_node]: goal_waypoint received: [0.000, 5.500, 1.500] (overrides waypoint_x/y/z params)
[autopilot_sv_cbf_rate_node-3] [INFO] [1788157141.701279504] [uav_0.autopilot_sv_cbf_rate_node]: goal_waypoint received: [0.000, 5.500, 1.500] (overrides waypoint_x/y/z params)
[autopilot_sv_cbf_rate_node-3] [INFO] [1788157141.801234858] [uav_0.autopilot_sv_cbf_rate_node]: goal_waypoint received: [0.000, 5.500, 1.500] (overrides waypoint_x/y/z params)
[autopilot_sv_cbf_rate_node-3] [INFO] [1788157141.901176612] [uav_0.autopilot_sv_cbf_rate_node]: goal_waypoint received: [0.000, 5.500, 1.500] (overrides waypoint_x/y/z params)
[autopilot_sv_cbf_rate_node-3] [INFO] [1788157142.001245665] [uav_0.autopilot_sv_cbf_rate_node]: goal_waypoint received: [0.000, 5.500, 1.500] (overrides waypoint_x/y/z params)
[autopilot_sv_cbf_rate_node-3] [INFO] [1788157142.101201922] [uav_0.autopilot_sv_cbf_rate_node]: goal_waypoint received: [0.000, 5.500, 1.500] (overrides waypoint_x/y/z params)
[autopilot_sv_cbf_rate_node-3] [INFO] [1788157142.201221978] [uav_0.autopilot_sv_cbf_rate_node]: goal_waypoint received: [0.000, 5.500, 1.500] (overrides waypoint_x/y/z params)
[autopilot_sv_cbf_rate_node-3] [INFO] [1788157142.253765677] [uav_0.autopilot_sv_cbf_rate_node]: pos=[-0.17 5.89 1.27]  T=23.138N  omega=[-0.046 0.041 0.000]  certified=4 uncertified=0  delta=0.0000  gamma=5.000(fixed)  feasible=1
[autopilot_sv_cbf_rate_node-3] [INFO] [1788157142.301186634] [uav_0.autopilot_sv_cbf_rate_node]: goal_waypoint received: [0.000, 5.500, 1.500] (overrides waypoint_x/y/z params)
[autopilot_sv_cbf_rate_node-3] [INFO] [1788157142.401299389] [uav_0.autopilot_sv_cbf_rate_node]: goal_waypoint received: [0.000, 5.500, 1.500] (overrides waypoint_x/y/z params)
[autopilot_sv_cbf_rate_node-3] [INFO] [1788157142.501264946] [uav_0.autopilot_sv_cbf_rate_node]: goal_waypoint received: [0.000, 5.500, 1.500] (overrides waypoint_x/y/z params)
[autopilot_sv_cbf_rate_node-3] [INFO] [1788157142.601392501] [uav_0.autopilot_sv_cbf_rate_node]: goal_waypoint received: [0.000, 5.500, 1.500] (overrides waypoint_x/y/z params)
[autopilot_sv_cbf_rate_node-3] [INFO] [1788157142.701315558] [uav_0.autopilot_sv_cbf_rate_node]: goal_waypoint received: [0.000, 5.500, 1.500] (overrides waypoint_x/y/z params)
[autopilot_sv_cbf_rate_node-3] [INFO] [1788157142.801275214] [uav_0.autopilot_sv_cbf_rate_node]: goal_waypoint received: [0.000, 5.500, 1.500] (overrides waypoint_x/y/z params)
[autopilot_sv_cbf_rate_node-3] [INFO] [1788157142.901388469] [uav_0.autopilot_sv_cbf_rate_node]: goal_waypoint received: [0.000, 5.500, 1.500] (overrides waypoint_x/y/z params)
[autopilot_sv_cbf_rate_node-3] [INFO] [1788157143.001380826] [uav_0.autopilot_sv_cbf_rate_node]: goal_waypoint received: [0.000, 5.500, 1.500] (overrides waypoint_x/y/z params)
[autopilot_sv_cbf_rate_node-3] [INFO] [1788157143.101227786] [uav_0.autopilot_sv_cbf_rate_node]: goal_waypoint received: [0.000, 5.500, 1.500] (overrides waypoint_x/y/z params)
[autopilot_sv_cbf_rate_node-3] [INFO] [1788157143.201190246] [uav_0.autopilot_sv_cbf_rate_node]: goal_waypoint received: [0.000, 5.500, 1.500] (overrides waypoint_x/y/z params)
[autopilot_sv_cbf_rate_node-3] [INFO] [1788157143.253694047] [uav_0.autopilot_sv_cbf_rate_node]: pos=[-0.14 5.99 1.26]  T=23.071N  omega=[-0.038 -0.021 0.000]  certified=4 uncertified=0  delta=0.0000  gamma=5.000(fixed)  feasible=1
[autopilot_sv_cbf_rate_node-3] [INFO] [1788157143.301213305] [uav_0.autopilot_sv_cbf_rate_node]: goal_waypoint received: [0.000, 5.500, 1.500] (overrides waypoint_x/y/z params)
[autopilot_sv_cbf_rate_node-3] [INFO] [1788157143.401191364] [uav_0.autopilot_sv_cbf_rate_node]: goal_waypoint received: [0.000, 5.500, 1.500] (overrides waypoint_x/y/z params)
[autopilot_sv_cbf_rate_node-3] [INFO] [1788157143.501215323] [uav_0.autopilot_sv_cbf_rate_node]: goal_waypoint received: [0.000, 5.500, 1.500] (overrides waypoint_x/y/z params)
[autopilot_sv_cbf_rate_node-3] [INFO] [1788157143.601235881] [uav_0.autopilot_sv_cbf_rate_node]: goal_waypoint received: [0.000, 5.500, 1.500] (overrides waypoint_x/y/z params)
[autopilot_sv_cbf_rate_node-3] [INFO] [1788157143.701251140] [uav_0.autopilot_sv_cbf_rate_node]: goal_waypoint received: [0.000, 5.500, 1.500] (overrides waypoint_x/y/z params)
[autopilot_sv_cbf_rate_node-3] [INFO] [1788157143.801332098] [uav_0.autopilot_sv_cbf_rate_node]: goal_waypoint received: [0.000, 5.500, 1.500] (overrides waypoint_x/y/z params)
[autopilot_sv_cbf_rate_node-3] [INFO] [1788157143.901233758] [uav_0.autopilot_sv_cbf_rate_node]: goal_waypoint received: [0.000, 5.500, 1.500] (overrides waypoint_x/y/z params)
[autopilot_sv_cbf_rate_node-3] [INFO] [1788157144.001225118] [uav_0.autopilot_sv_cbf_rate_node]: goal_waypoint received: [0.000, 5.500, 1.500] (overrides waypoint_x/y/z params)
[autopilot_sv_cbf_rate_node-3] [INFO] [1788157144.101180080] [uav_0.autopilot_sv_cbf_rate_node]: goal_waypoint received: [0.000, 5.500, 1.500] (overrides waypoint_x/y/z params)
[autopilot_sv_cbf_rate_node-3] [INFO] [1788157144.201199241] [uav_0.autopilot_sv_cbf_rate_node]: goal_waypoint received: [0.000, 5.500, 1.500] (overrides waypoint_x/y/z params)
[autopilot_sv_cbf_rate_node-3] [INFO] [1788157144.253731143] [uav_0.autopilot_sv_cbf_rate_node]: pos=[-0.04 5.98 1.28]  T=22.969N  omega=[0.003 0.012 0.000]  certified=4 uncertified=0  delta=0.0000  gamma=5.000(fixed)  feasible=1
[autopilot_sv_cbf_rate_node-3] [INFO] [1788157144.301295402] [uav_0.autopilot_sv_cbf_rate_node]: goal_waypoint received: [0.000, 5.500, 1.500] (overrides waypoint_x/y/z params)
[autopilot_sv_cbf_rate_node-3] [INFO] [1788157144.401205865] [uav_0.autopilot_sv_cbf_rate_node]: goal_waypoint received: [0.000, 5.500, 1.500] (overrides waypoint_x/y/z params)
[autopilot_sv_cbf_rate_node-3] [INFO] [1788157144.501319025] [uav_0.autopilot_sv_cbf_rate_node]: goal_waypoint received: [0.000, 5.500, 1.500] (overrides waypoint_x/y/z params)
[autopilot_sv_cbf_rate_node-3] [INFO] [1788157144.601376586] [uav_0.autopilot_sv_cbf_rate_node]: goal_waypoint received: [0.000, 5.500, 1.500] (overrides waypoint_x/y/z params)
[autopilot_sv_cbf_rate_node-3] [INFO] [1788157144.701449847] [uav_0.autopilot_sv_cbf_rate_node]: goal_waypoint received: [0.000, 5.500, 1.500] (overrides waypoint_x/y/z params)
[autopilot_sv_cbf_rate_node-3] [INFO] [1788157144.801225911] [uav_0.autopilot_sv_cbf_rate_node]: goal_waypoint received: [0.000, 5.500, 1.500] (overrides waypoint_x/y/z params)
[autopilot_sv_cbf_rate_node-3] [INFO] [1788157144.901243173] [uav_0.autopilot_sv_cbf_rate_node]: goal_waypoint received: [0.000, 5.500, 1.500] (overrides waypoint_x/y/z params)
[autopilot_sv_cbf_rate_node-3] [INFO] [1788157145.001235535] [uav_0.autopilot_sv_cbf_rate_node]: goal_waypoint received: [0.000, 5.500, 1.500] (overrides waypoint_x/y/z params)
[autopilot_sv_cbf_rate_node-3] [INFO] [1788157145.101177600] [uav_0.autopilot_sv_cbf_rate_node]: goal_waypoint received: [0.000, 5.500, 1.500] (overrides waypoint_x/y/z params)
[autopilot_sv_cbf_rate_node-3] [INFO] [1788157145.201206064] [uav_0.autopilot_sv_cbf_rate_node]: goal_waypoint received: [0.000, 5.500, 1.500] (overrides waypoint_x/y/z params)
[autopilot_sv_cbf_rate_node-3] [INFO] [1788157145.253691868] [uav_0.autopilot_sv_cbf_rate_node]: pos=[0.02 5.96 1.27]  T=23.099N  omega=[-0.005 -0.004 0.000]  certified=4 uncertified=0  delta=0.0000  gamma=5.000(fixed)  feasible=1
[autopilot_sv_cbf_rate_node-3] [INFO] [1788157145.301171429] [uav_0.autopilot_sv_cbf_rate_node]: goal_waypoint received: [0.000, 5.500, 1.500] (overrides waypoint_x/y/z params)
[autopilot_sv_cbf_rate_node-3] [INFO] [1788157145.401194793] [uav_0.autopilot_sv_cbf_rate_node]: goal_waypoint received: [0.000, 5.500, 1.500] (overrides waypoint_x/y/z params)
[autopilot_sv_cbf_rate_node-3] [INFO] [1788157145.501277857] [uav_0.autopilot_sv_cbf_rate_node]: goal_waypoint received: [0.000, 5.500, 1.500] (overrides waypoint_x/y/z params)
[autopilot_sv_cbf_rate_node-3] [INFO] [1788157145.601168122] [uav_0.autopilot_sv_cbf_rate_node]: goal_waypoint received: [0.000, 5.500, 1.500] (overrides waypoint_x/y/z params)
[autopilot_sv_cbf_rate_node-3] [INFO] [1788157145.701156687] [uav_0.autopilot_sv_cbf_rate_node]: goal_waypoint received: [0.000, 5.500, 1.500] (overrides waypoint_x/y/z params)
[autopilot_sv_cbf_rate_node-3] [INFO] [1788157145.801277450] [uav_0.autopilot_sv_cbf_rate_node]: goal_waypoint received: [0.000, 5.500, 1.500] (overrides waypoint_x/y/z params)
[autopilot_sv_cbf_rate_node-3] [INFO] [1788157145.901174916] [uav_0.autopilot_sv_cbf_rate_node]: goal_waypoint received: [0.000, 5.500, 1.500] (overrides waypoint_x/y/z params)
[autopilot_sv_cbf_rate_node-3] [INFO] [1788157146.001175380] [uav_0.autopilot_sv_cbf_rate_node]: goal_waypoint received: [0.000, 5.500, 1.500] (overrides waypoint_x/y/z params)
[autopilot_sv_cbf_rate_node-3] [INFO] [1788157146.101221447] [uav_0.autopilot_sv_cbf_rate_node]: goal_waypoint received: [0.000, 5.500, 1.500] (overrides waypoint_x/y/z params)
[autopilot_sv_cbf_rate_node-3] [INFO] [1788157146.201201914] [uav_0.autopilot_sv_cbf_rate_node]: goal_waypoint received: [0.000, 5.500, 1.500] (overrides waypoint_x/y/z params)
[autopilot_sv_cbf_rate_node-3] [INFO] [1788157146.253746919] [uav_0.autopilot_sv_cbf_rate_node]: pos=[0.03 5.93 1.28]  T=22.949N  omega=[0.002 0.003 0.000]  certified=4 uncertified=0  delta=0.0000  gamma=5.000(fixed)  feasible=1
[autopilot_sv_cbf_rate_node-3] [INFO] [1788157146.301240481] [uav_0.autopilot_sv_cbf_rate_node]: goal_waypoint received: [0.000, 5.500, 1.500] (overrides waypoint_x/y/z params)
[autopilot_sv_cbf_rate_node-3] [INFO] [1788157146.401222649] [uav_0.autopilot_sv_cbf_rate_node]: goal_waypoint received: [0.000, 5.500, 1.500] (overrides waypoint_x/y/z params)
[autopilot_sv_cbf_rate_node-3] [INFO] [1788157146.501285115] [uav_0.autopilot_sv_cbf_rate_node]: goal_waypoint received: [0.000, 5.500, 1.500] (overrides waypoint_x/y/z params)
[autopilot_sv_cbf_rate_node-3] [INFO] [1788157146.601304982] [uav_0.autopilot_sv_cbf_rate_node]: goal_waypoint received: [0.000, 5.500, 1.500] (overrides waypoint_x/y/z params)
[autopilot_sv_cbf_rate_node-3] [INFO] [1788157146.701342149] [uav_0.autopilot_sv_cbf_rate_node]: goal_waypoint received: [0.000, 5.500, 1.500] (overrides waypoint_x/y/z params)
[autopilot_sv_cbf_rate_node-3] [INFO] [1788157146.801385316] [uav_0.autopilot_sv_cbf_rate_node]: goal_waypoint received: [0.000, 5.500, 1.500] (overrides waypoint_x/y/z params)
[autopilot_sv_cbf_rate_node-3] [INFO] [1788157146.901280184] [uav_0.autopilot_sv_cbf_rate_node]: goal_waypoint received: [0.000, 5.500, 1.500] (overrides waypoint_x/y/z params)
[autopilot_sv_cbf_rate_node-3] [INFO] [1788157147.001195152] [uav_0.autopilot_sv_cbf_rate_node]: goal_waypoint received: [0.000, 5.500, 1.500] (overrides waypoint_x/y/z params)
[autopilot_sv_cbf_rate_node-3] [INFO] [1788157147.101163752] [uav_0.autopilot_sv_cbf_rate_node]: goal_waypoint received: [0.000, 5.500, 1.500] (overrides waypoint_x/y/z params)
[autopilot_sv_cbf_rate_node-3] [INFO] [1788157147.201230388] [uav_0.autopilot_sv_cbf_rate_node]: goal_waypoint received: [0.000, 5.500, 1.500] (overrides waypoint_x/y/z params)
[autopilot_sv_cbf_rate_node-3] [INFO] [1788157147.253697531] [uav_0.autopilot_sv_cbf_rate_node]: pos=[0.04 5.87 1.31]  T=22.936N  omega=[0.000 0.005 0.000]  certified=4 uncertified=0  delta=0.0000  gamma=5.000(fixed)  feasible=1
[autopilot_sv_cbf_rate_node-3] [INFO] [1788157147.301175326] [uav_0.autopilot_sv_cbf_rate_node]: goal_waypoint received: [0.000, 5.500, 1.500] (overrides waypoint_x/y/z params)
[autopilot_sv_cbf_rate_node-3] [INFO] [1788157147.401253162] [uav_0.autopilot_sv_cbf_rate_node]: goal_waypoint received: [0.000, 5.500, 1.500] (overrides waypoint_x/y/z params)
[autopilot_sv_cbf_rate_node-3] [INFO] [1788157147.501215600] [uav_0.autopilot_sv_cbf_rate_node]: goal_waypoint received: [0.000, 5.500, 1.500] (overrides waypoint_x/y/z params)
[autopilot_sv_cbf_rate_node-3] [INFO] [1788157147.601222337] [uav_0.autopilot_sv_cbf_rate_node]: goal_waypoint received: [0.000, 5.500, 1.500] (overrides waypoint_x/y/z params)
[autopilot_sv_cbf_rate_node-3] [INFO] [1788157147.701165574] [uav_0.autopilot_sv_cbf_rate_node]: goal_waypoint received: [0.000, 5.500, 1.500] (overrides waypoint_x/y/z params)
[autopilot_sv_cbf_rate_node-3] [INFO] [1788157147.801210211] [uav_0.autopilot_sv_cbf_rate_node]: goal_waypoint received: [0.000, 5.500, 1.500] (overrides waypoint_x/y/z params)
[autopilot_sv_cbf_rate_node-3] [INFO] [1788157147.901198548] [uav_0.autopilot_sv_cbf_rate_node]: goal_waypoint received: [0.000, 5.500, 1.500] (overrides waypoint_x/y/z params)
[autopilot_sv_cbf_rate_node-3] [INFO] [1788157148.001353784] [uav_0.autopilot_sv_cbf_rate_node]: goal_waypoint received: [0.000, 5.500, 1.500] (overrides waypoint_x/y/z params)
[autopilot_sv_cbf_rate_node-3] [INFO] [1788157148.101204925] [uav_0.autopilot_sv_cbf_rate_node]: goal_waypoint received: [0.000, 5.500, 1.500] (overrides waypoint_x/y/z params)
[autopilot_sv_cbf_rate_node-3] [INFO] [1788157148.201188665] [uav_0.autopilot_sv_cbf_rate_node]: goal_waypoint received: [0.000, 5.500, 1.500] (overrides waypoint_x/y/z params)
[autopilot_sv_cbf_rate_node-3] [INFO] [1788157148.253682108] [uav_0.autopilot_sv_cbf_rate_node]: pos=[0.05 5.82 1.31]  T=23.054N  omega=[0.002 0.006 0.000]  certified=4 uncertified=0  delta=0.0000  gamma=5.000(fixed)  feasible=1
[autopilot_sv_cbf_rate_node-3] [INFO] [1788157148.301248204] [uav_0.autopilot_sv_cbf_rate_node]: goal_waypoint received: [0.000, 5.500, 1.500] (overrides waypoint_x/y/z params)
[autopilot_sv_cbf_rate_node-3] [INFO] [1788157148.401188744] [uav_0.autopilot_sv_cbf_rate_node]: goal_waypoint received: [0.000, 5.500, 1.500] (overrides waypoint_x/y/z params)
[autopilot_sv_cbf_rate_node-3] [INFO] [1788157148.501260083] [uav_0.autopilot_sv_cbf_rate_node]: goal_waypoint received: [0.000, 5.500, 1.500] (overrides waypoint_x/y/z params)
[autopilot_sv_cbf_rate_node-3] [INFO] [1788157148.601293523] [uav_0.autopilot_sv_cbf_rate_node]: goal_waypoint received: [0.000, 5.500, 1.500] (overrides waypoint_x/y/z params)
[autopilot_sv_cbf_rate_node-3] [INFO] [1788157148.701436461] [uav_0.autopilot_sv_cbf_rate_node]: goal_waypoint received: [0.000, 5.500, 1.500] (overrides waypoint_x/y/z params)
[autopilot_sv_cbf_rate_node-3] [INFO] [1788157148.801317102] [uav_0.autopilot_sv_cbf_rate_node]: goal_waypoint received: [0.000, 5.500, 1.500] (overrides waypoint_x/y/z params)
[autopilot_sv_cbf_rate_node-3] [INFO] [1788157148.901399241] [uav_0.autopilot_sv_cbf_rate_node]: goal_waypoint received: [0.000, 5.500, 1.500] (overrides waypoint_x/y/z params)
[autopilot_sv_cbf_rate_node-3] [INFO] [1788157149.001226783] [uav_0.autopilot_sv_cbf_rate_node]: goal_waypoint received: [0.000, 5.500, 1.500] (overrides waypoint_x/y/z params)
[autopilot_sv_cbf_rate_node-3] [INFO] [1788157149.101278225] [uav_0.autopilot_sv_cbf_rate_node]: goal_waypoint received: [0.000, 5.500, 1.500] (overrides waypoint_x/y/z params)
[autopilot_sv_cbf_rate_node-3] [INFO] [1788157149.201450465] [uav_0.autopilot_sv_cbf_rate_node]: goal_waypoint received: [0.000, 5.500, 1.500] (overrides waypoint_x/y/z params)
[autopilot_sv_cbf_rate_node-3] [INFO] [1788157149.253628714] [uav_0.autopilot_sv_cbf_rate_node]: pos=[0.05 5.77 1.34]  T=22.928N  omega=[0.004 -0.007 0.000]  certified=4 uncertified=0  delta=0.0000  gamma=5.000(fixed)  feasible=1
[autopilot_sv_cbf_rate_node-3] [INFO] [1788157149.301187111] [uav_0.autopilot_sv_cbf_rate_node]: goal_waypoint received: [0.000, 5.500, 1.500] (overrides waypoint_x/y/z params)
[autopilot_sv_cbf_rate_node-3] [INFO] [1788157149.401187853] [uav_0.autopilot_sv_cbf_rate_node]: goal_waypoint received: [0.000, 5.500, 1.500] (overrides waypoint_x/y/z params)
[autopilot_sv_cbf_rate_node-3] [INFO] [1788157149.501249195] [uav_0.autopilot_sv_cbf_rate_node]: goal_waypoint received: [0.000, 5.500, 1.500] (overrides waypoint_x/y/z params)
[autopilot_sv_cbf_rate_node-3] [INFO] [1788157149.601186165] [uav_0.autopilot_sv_cbf_rate_node]: goal_waypoint received: [0.000, 5.500, 1.500] (overrides waypoint_x/y/z params)
[autopilot_sv_cbf_rate_node-3] [INFO] [1788157149.701164768] [uav_0.autopilot_sv_cbf_rate_node]: goal_waypoint received: [0.000, 5.500, 1.500] (overrides waypoint_x/y/z params)
[autopilot_sv_cbf_rate_node-3] [INFO] [1788157149.801268369] [uav_0.autopilot_sv_cbf_rate_node]: goal_waypoint received: [0.000, 5.500, 1.500] (overrides waypoint_x/y/z params)
[autopilot_sv_cbf_rate_node-3] [INFO] [1788157149.901195472] [uav_0.autopilot_sv_cbf_rate_node]: goal_waypoint received: [0.000, 5.500, 1.500] (overrides waypoint_x/y/z params)
[autopilot_sv_cbf_rate_node-3] [INFO] [1788157150.001196175] [uav_0.autopilot_sv_cbf_rate_node]: goal_waypoint received: [0.000, 5.500, 1.500] (overrides waypoint_x/y/z params)
[autopilot_sv_cbf_rate_node-3] [INFO] [1788157150.101223979] [uav_0.autopilot_sv_cbf_rate_node]: goal_waypoint received: [0.000, 5.500, 1.500] (overrides waypoint_x/y/z params)
[autopilot_sv_cbf_rate_node-3] [INFO] [1788157150.201276584] [uav_0.autopilot_sv_cbf_rate_node]: goal_waypoint received: [0.000, 5.500, 1.500] (overrides waypoint_x/y/z params)
[autopilot_sv_cbf_rate_node-3] [INFO] [1788157150.253682505] [uav_0.autopilot_sv_cbf_rate_node]: pos=[0.05 5.75 1.34]  T=23.037N  omega=[-0.006 0.011 0.000]  certified=4 uncertified=0  delta=0.0000  gamma=5.000(fixed)  feasible=1
[autopilot_sv_cbf_rate_node-3] [INFO] [1788157150.301243789] [uav_0.autopilot_sv_cbf_rate_node]: goal_waypoint received: [0.000, 5.500, 1.500] (overrides waypoint_x/y/z params)
[autopilot_sv_cbf_rate_node-3] [INFO] [1788157150.401332793] [uav_0.autopilot_sv_cbf_rate_node]: goal_waypoint received: [0.000, 5.500, 1.500] (overrides waypoint_x/y/z params)
[autopilot_sv_cbf_rate_node-3] [INFO] [1788157150.501181801] [uav_0.autopilot_sv_cbf_rate_node]: goal_waypoint received: [0.000, 5.500, 1.500] (overrides waypoint_x/y/z params)
[autopilot_sv_cbf_rate_node-3] [INFO] [1788157150.601175006] [uav_0.autopilot_sv_cbf_rate_node]: goal_waypoint received: [0.000, 5.500, 1.500] (overrides waypoint_x/y/z params)
[autopilot_sv_cbf_rate_node-3] [INFO] [1788157150.701236710] [uav_0.autopilot_sv_cbf_rate_node]: goal_waypoint received: [0.000, 5.500, 1.500] (overrides waypoint_x/y/z params)
[autopilot_sv_cbf_rate_node-3] [INFO] [1788157150.801299615] [uav_0.autopilot_sv_cbf_rate_node]: goal_waypoint received: [0.000, 5.500, 1.500] (overrides waypoint_x/y/z params)
[autopilot_sv_cbf_rate_node-3] [INFO] [1788157150.901482517] [uav_0.autopilot_sv_cbf_rate_node]: goal_waypoint received: [0.000, 5.500, 1.500] (overrides waypoint_x/y/z params)
[autopilot_sv_cbf_rate_node-3] [INFO] [1788157151.001455223] [uav_0.autopilot_sv_cbf_rate_node]: goal_waypoint received: [0.000, 5.500, 1.500] (overrides waypoint_x/y/z params)
[autopilot_sv_cbf_rate_node-3] [INFO] [1788157151.101345232] [uav_0.autopilot_sv_cbf_rate_node]: goal_waypoint received: [0.000, 5.500, 1.500] (overrides waypoint_x/y/z params)
[autopilot_sv_cbf_rate_node-3] [INFO] [1788157151.201323240] [uav_0.autopilot_sv_cbf_rate_node]: goal_waypoint received: [0.000, 5.500, 1.500] (overrides waypoint_x/y/z params)
[autopilot_sv_cbf_rate_node-3] [INFO] [1788157151.253638764] [uav_0.autopilot_sv_cbf_rate_node]: pos=[0.03 5.74 1.34]  T=23.004N  omega=[-0.010 0.004 0.000]  certified=4 uncertified=0  delta=0.0000  gamma=5.000(fixed)  feasible=1
[autopilot_sv_cbf_rate_node-3] [INFO] [1788157151.301184450] [uav_0.autopilot_sv_cbf_rate_node]: goal_waypoint received: [0.000, 5.500, 1.500] (overrides waypoint_x/y/z params)
[autopilot_sv_cbf_rate_node-3] [INFO] [1788157151.401225957] [uav_0.autopilot_sv_cbf_rate_node]: goal_waypoint received: [0.000, 5.500, 1.500] (overrides waypoint_x/y/z params)
[autopilot_sv_cbf_rate_node-3] [INFO] [1788157151.501285364] [uav_0.autopilot_sv_cbf_rate_node]: goal_waypoint received: [0.000, 5.500, 1.500] (overrides waypoint_x/y/z params)
[autopilot_sv_cbf_rate_node-3] [INFO] [1788157151.601467870] [uav_0.autopilot_sv_cbf_rate_node]: goal_waypoint received: [0.000, 5.500, 1.500] (overrides waypoint_x/y/z params)
[autopilot_sv_cbf_rate_node-3] [INFO] [1788157151.701247481] [uav_0.autopilot_sv_cbf_rate_node]: goal_waypoint received: [0.000, 5.500, 1.500] (overrides waypoint_x/y/z params)
[autopilot_sv_cbf_rate_node-3] [INFO] [1788157151.801276888] [uav_0.autopilot_sv_cbf_rate_node]: goal_waypoint received: [0.000, 5.500, 1.500] (overrides waypoint_x/y/z params)
[autopilot_sv_cbf_rate_node-3] [INFO] [1788157151.901336595] [uav_0.autopilot_sv_cbf_rate_node]: goal_waypoint received: [0.000, 5.500, 1.500] (overrides waypoint_x/y/z params)
[autopilot_sv_cbf_rate_node-3] [INFO] [1788157152.001193705] [uav_0.autopilot_sv_cbf_rate_node]: goal_waypoint received: [0.000, 5.500, 1.500] (overrides waypoint_x/y/z params)
[autopilot_sv_cbf_rate_node-3] [INFO] [1788157152.101163016] [uav_0.autopilot_sv_cbf_rate_node]: goal_waypoint received: [0.000, 5.500, 1.500] (overrides waypoint_x/y/z params)
[autopilot_sv_cbf_rate_node-3] [INFO] [1788157152.201187426] [uav_0.autopilot_sv_cbf_rate_node]: goal_waypoint received: [0.000, 5.500, 1.500] (overrides waypoint_x/y/z params)
[autopilot_sv_cbf_rate_node-3] [INFO] [1788157152.253634950] [uav_0.autopilot_sv_cbf_rate_node]: pos=[-0.02 5.72 1.37]  T=22.967N  omega=[-0.024 0.007 0.000]  certified=4 uncertified=0  delta=0.0000  gamma=5.000(fixed)  feasible=1
[autopilot_sv_cbf_rate_node-3] [INFO] [1788157152.301214936] [uav_0.autopilot_sv_cbf_rate_node]: goal_waypoint received: [0.000, 5.500, 1.500] (overrides waypoint_x/y/z params)
[autopilot_sv_cbf_rate_node-3] [INFO] [1788157152.401402345] [uav_0.autopilot_sv_cbf_rate_node]: goal_waypoint received: [0.000, 5.500, 1.500] (overrides waypoint_x/y/z params)
[autopilot_sv_cbf_rate_node-3] [INFO] [1788157152.501213758] [uav_0.autopilot_sv_cbf_rate_node]: goal_waypoint received: [0.000, 5.500, 1.500] (overrides waypoint_x/y/z params)
[autopilot_sv_cbf_rate_node-3] [INFO] [1788157152.601196168] [uav_0.autopilot_sv_cbf_rate_node]: goal_waypoint received: [0.000, 5.500, 1.500] (overrides waypoint_x/y/z params)
[autopilot_sv_cbf_rate_node-3] [INFO] [1788157152.701292578] [uav_0.autopilot_sv_cbf_rate_node]: goal_waypoint received: [0.000, 5.500, 1.500] (overrides waypoint_x/y/z params)
[autopilot_sv_cbf_rate_node-3] [INFO] [1788157152.801226789] [uav_0.autopilot_sv_cbf_rate_node]: goal_waypoint received: [0.000, 5.500, 1.500] (overrides waypoint_x/y/z params)
[autopilot_sv_cbf_rate_node-3] [INFO] [1788157152.901372798] [uav_0.autopilot_sv_cbf_rate_node]: goal_waypoint received: [0.000, 5.500, 1.500] (overrides waypoint_x/y/z params)
[autopilot_sv_cbf_rate_node-3] [INFO] [1788157153.001352209] [uav_0.autopilot_sv_cbf_rate_node]: goal_waypoint received: [0.000, 5.500, 1.500] (overrides waypoint_x/y/z params)
[autopilot_sv_cbf_rate_node-3] [INFO] [1788157153.101256623] [uav_0.autopilot_sv_cbf_rate_node]: goal_waypoint received: [0.000, 5.500, 1.500] (overrides waypoint_x/y/z params)
[autopilot_sv_cbf_rate_node-3] [INFO] [1788157153.201268936] [uav_0.autopilot_sv_cbf_rate_node]: goal_waypoint received: [0.000, 5.500, 1.500] (overrides waypoint_x/y/z params)
[autopilot_sv_cbf_rate_node-3] [INFO] [1788157153.253603163] [uav_0.autopilot_sv_cbf_rate_node]: pos=[-0.02 5.71 1.37]  T=23.021N  omega=[-0.003 0.001 0.000]  certified=4 uncertified=0  delta=0.0000  gamma=5.000(fixed)  feasible=1
[autopilot_sv_cbf_rate_node-3] [INFO] [1788157153.301243850] [uav_0.autopilot_sv_cbf_rate_node]: goal_waypoint received: [0.000, 5.500, 1.500] (overrides waypoint_x/y/z params)
[autopilot_sv_cbf_rate_node-3] [INFO] [1788157153.401200064] [uav_0.autopilot_sv_cbf_rate_node]: goal_waypoint received: [0.000, 5.500, 1.500] (overrides waypoint_x/y/z params)
[autopilot_sv_cbf_rate_node-3] [INFO] [1788157153.501207777] [uav_0.autopilot_sv_cbf_rate_node]: goal_waypoint received: [0.000, 5.500, 1.500] (overrides waypoint_x/y/z params)
[autopilot_sv_cbf_rate_node-3] [INFO] [1788157153.601187190] [uav_0.autopilot_sv_cbf_rate_node]: goal_waypoint received: [0.000, 5.500, 1.500] (overrides waypoint_x/y/z params)
[autopilot_sv_cbf_rate_node-3] [INFO] [1788157153.701218003] [uav_0.autopilot_sv_cbf_rate_node]: goal_waypoint received: [0.000, 5.500, 1.500] (overrides waypoint_x/y/z params)
[autopilot_sv_cbf_rate_node-3] [INFO] [1788157153.801232116] [uav_0.autopilot_sv_cbf_rate_node]: goal_waypoint received: [0.000, 5.500, 1.500] (overrides waypoint_x/y/z params)
[autopilot_sv_cbf_rate_node-3] [INFO] [1788157153.901185930] [uav_0.autopilot_sv_cbf_rate_node]: goal_waypoint received: [0.000, 5.500, 1.500] (overrides waypoint_x/y/z params)
[autopilot_sv_cbf_rate_node-3] [INFO] [1788157154.001184711] [uav_0.autopilot_sv_cbf_rate_node]: goal_waypoint received: [0.000, 5.500, 1.500] (overrides waypoint_x/y/z params)
[autopilot_sv_cbf_rate_node-3] [INFO] [1788157154.101192557] [uav_0.autopilot_sv_cbf_rate_node]: goal_waypoint received: [0.000, 5.500, 1.500] (overrides waypoint_x/y/z params)
[autopilot_sv_cbf_rate_node-3] [INFO] [1788157154.201223602] [uav_0.autopilot_sv_cbf_rate_node]: goal_waypoint received: [0.000, 5.500, 1.500] (overrides waypoint_x/y/z params)
[autopilot_sv_cbf_rate_node-3] [INFO] [1788157154.253599649] [uav_0.autopilot_sv_cbf_rate_node]: pos=[-0.02 5.67 1.39]  T=22.967N  omega=[0.013 0.008 0.000]  certified=4 uncertified=0  delta=0.0000  gamma=5.000(fixed)  feasible=1
[autopilot_sv_cbf_rate_node-3] [INFO] [1788157154.301225547] [uav_0.autopilot_sv_cbf_rate_node]: goal_waypoint received: [0.000, 5.500, 1.500] (overrides waypoint_x/y/z params)
[autopilot_sv_cbf_rate_node-3] [INFO] [1788157154.401182993] [uav_0.autopilot_sv_cbf_rate_node]: goal_waypoint received: [0.000, 5.500, 1.500] (overrides waypoint_x/y/z params)
[autopilot_sv_cbf_rate_node-3] [INFO] [1788157154.501474635] [uav_0.autopilot_sv_cbf_rate_node]: goal_waypoint received: [0.000, 5.500, 1.500] (overrides waypoint_x/y/z params)
[autopilot_sv_cbf_rate_node-3] [INFO] [1788157154.601219784] [uav_0.autopilot_sv_cbf_rate_node]: goal_waypoint received: [0.000, 5.500, 1.500] (overrides waypoint_x/y/z params)
[autopilot_sv_cbf_rate_node-3] [INFO] [1788157154.701262129] [uav_0.autopilot_sv_cbf_rate_node]: goal_waypoint received: [0.000, 5.500, 1.500] (overrides waypoint_x/y/z params)
[autopilot_sv_cbf_rate_node-3] [INFO] [1788157154.801262474] [uav_0.autopilot_sv_cbf_rate_node]: goal_waypoint received: [0.000, 5.500, 1.500] (overrides waypoint_x/y/z params)
[autopilot_sv_cbf_rate_node-3] [INFO] [1788157154.901180320] [uav_0.autopilot_sv_cbf_rate_node]: goal_waypoint received: [0.000, 5.500, 1.500] (overrides waypoint_x/y/z params)
[autopilot_sv_cbf_rate_node-3] [INFO] [1788157155.001332164] [uav_0.autopilot_sv_cbf_rate_node]: goal_waypoint received: [0.000, 5.500, 1.500] (overrides waypoint_x/y/z params)
[autopilot_sv_cbf_rate_node-3] [INFO] [1788157155.101372112] [uav_0.autopilot_sv_cbf_rate_node]: goal_waypoint received: [0.000, 5.500, 1.500] (overrides waypoint_x/y/z params)
[autopilot_sv_cbf_rate_node-3] [INFO] [1788157155.201564758] [uav_0.autopilot_sv_cbf_rate_node]: goal_waypoint received: [0.000, 5.500, 1.500] (overrides waypoint_x/y/z params)
[autopilot_sv_cbf_rate_node-3] [INFO] [1788157155.253572811] [uav_0.autopilot_sv_cbf_rate_node]: pos=[-0.03 5.68 1.40]  T=23.034N  omega=[-0.000 -0.009 0.000]  certified=4 uncertified=0  delta=0.0000  gamma=5.000(fixed)  feasible=1
[autopilot_sv_cbf_rate_node-3] [INFO] [1788157155.301300509] [uav_0.autopilot_sv_cbf_rate_node]: goal_waypoint received: [0.000, 5.500, 1.500] (overrides waypoint_x/y/z params)
[autopilot_sv_cbf_rate_node-3] [INFO] [1788157155.401297857] [uav_0.autopilot_sv_cbf_rate_node]: goal_waypoint received: [0.000, 5.500, 1.500] (overrides waypoint_x/y/z params)
[autopilot_sv_cbf_rate_node-3] [INFO] [1788157155.501282705] [uav_0.autopilot_sv_cbf_rate_node]: goal_waypoint received: [0.000, 5.500, 1.500] (overrides waypoint_x/y/z params)
[autopilot_sv_cbf_rate_node-3] [INFO] [1788157155.601217854] [uav_0.autopilot_sv_cbf_rate_node]: goal_waypoint received: [0.000, 5.500, 1.500] (overrides waypoint_x/y/z params)
[autopilot_sv_cbf_rate_node-3] [INFO] [1788157155.701164403] [uav_0.autopilot_sv_cbf_rate_node]: goal_waypoint received: [0.000, 5.500, 1.500] (overrides waypoint_x/y/z params)
[autopilot_sv_cbf_rate_node-3] [INFO] [1788157155.801235550] [uav_0.autopilot_sv_cbf_rate_node]: goal_waypoint received: [0.000, 5.500, 1.500] (overrides waypoint_x/y/z params)
[autopilot_sv_cbf_rate_node-3] [INFO] [1788157155.901191499] [uav_0.autopilot_sv_cbf_rate_node]: goal_waypoint received: [0.000, 5.500, 1.500] (overrides waypoint_x/y/z params)
[autopilot_sv_cbf_rate_node-3] [INFO] [1788157156.001249247] [uav_0.autopilot_sv_cbf_rate_node]: goal_waypoint received: [0.000, 5.500, 1.500] (overrides waypoint_x/y/z params)
[autopilot_sv_cbf_rate_node-3] [INFO] [1788157156.101165798] [uav_0.autopilot_sv_cbf_rate_node]: goal_waypoint received: [0.000, 5.500, 1.500] (overrides waypoint_x/y/z params)
[autopilot_sv_cbf_rate_node-3] [INFO] [1788157156.201204349] [uav_0.autopilot_sv_cbf_rate_node]: goal_waypoint received: [0.000, 5.500, 1.500] (overrides waypoint_x/y/z params)
[autopilot_sv_cbf_rate_node-3] [INFO] [1788157156.253565299] [uav_0.autopilot_sv_cbf_rate_node]: pos=[-0.02 5.67 1.40]  T=23.015N  omega=[-0.008 0.012 0.000]  certified=4 uncertified=0  delta=0.0000  gamma=5.000(fixed)  feasible=1
[autopilot_sv_cbf_rate_node-3] [INFO] [1788157156.301229299] [uav_0.autopilot_sv_cbf_rate_node]: goal_waypoint received: [0.000, 5.500, 1.500] (overrides waypoint_x/y/z params)
[autopilot_sv_cbf_rate_node-3] [INFO] [1788157156.401283649] [uav_0.autopilot_sv_cbf_rate_node]: goal_waypoint received: [0.000, 5.500, 1.500] (overrides waypoint_x/y/z params)
[autopilot_sv_cbf_rate_node-3] [INFO] [1788157156.501341100] [uav_0.autopilot_sv_cbf_rate_node]: goal_waypoint received: [0.000, 5.500, 1.500] (overrides waypoint_x/y/z params)
[autopilot_sv_cbf_rate_node-3] [INFO] [1788157156.601230952] [uav_0.autopilot_sv_cbf_rate_node]: goal_waypoint received: [0.000, 5.500, 1.500] (overrides waypoint_x/y/z params)
[autopilot_sv_cbf_rate_node-3] [INFO] [1788157156.701179303] [uav_0.autopilot_sv_cbf_rate_node]: goal_waypoint received: [0.000, 5.500, 1.500] (overrides waypoint_x/y/z params)
[autopilot_sv_cbf_rate_node-3] [INFO] [1788157156.801210854] [uav_0.autopilot_sv_cbf_rate_node]: goal_waypoint received: [0.000, 5.500, 1.500] (overrides waypoint_x/y/z params)
[autopilot_sv_cbf_rate_node-3] [INFO] [1788157156.901199705] [uav_0.autopilot_sv_cbf_rate_node]: goal_waypoint received: [0.000, 5.500, 1.500] (overrides waypoint_x/y/z params)
[autopilot_sv_cbf_rate_node-3] [INFO] [1788157157.001273855] [uav_0.autopilot_sv_cbf_rate_node]: goal_waypoint received: [0.000, 5.500, 1.500] (overrides waypoint_x/y/z params)
[autopilot_sv_cbf_rate_node-3] [INFO] [1788157157.101268108] [uav_0.autopilot_sv_cbf_rate_node]: goal_waypoint received: [0.000, 5.500, 1.500] (overrides waypoint_x/y/z params)
[autopilot_sv_cbf_rate_node-3] [INFO] [1788157157.201370361] [uav_0.autopilot_sv_cbf_rate_node]: goal_waypoint received: [0.000, 5.500, 1.500] (overrides waypoint_x/y/z params)
[autopilot_sv_cbf_rate_node-3] [INFO] [1788157157.253555314] [uav_0.autopilot_sv_cbf_rate_node]: pos=[-0.01 5.65 1.42]  T=22.917N  omega=[0.002 0.001 0.000]  certified=4 uncertified=0  delta=0.0000  gamma=5.000(fixed)  feasible=1
[autopilot_sv_cbf_rate_node-3] [INFO] [1788157157.301367814] [uav_0.autopilot_sv_cbf_rate_node]: goal_waypoint received: [0.000, 5.500, 1.500] (overrides waypoint_x/y/z params)
[autopilot_sv_cbf_rate_node-3] [INFO] [1788157157.401260469] [uav_0.autopilot_sv_cbf_rate_node]: goal_waypoint received: [0.000, 5.500, 1.500] (overrides waypoint_x/y/z params)
[autopilot_sv_cbf_rate_node-3] [INFO] [1788157157.501294622] [uav_0.autopilot_sv_cbf_rate_node]: goal_waypoint received: [0.000, 5.500, 1.500] (overrides waypoint_x/y/z params)
[autopilot_sv_cbf_rate_node-3] [INFO] [1788157157.601253236] [uav_0.autopilot_sv_cbf_rate_node]: goal_waypoint received: [0.000, 5.500, 1.500] (overrides waypoint_x/y/z params)
[autopilot_sv_cbf_rate_node-3] [INFO] [1788157157.701181627] [uav_0.autopilot_sv_cbf_rate_node]: goal_waypoint received: [0.000, 5.500, 1.500] (overrides waypoint_x/y/z params)
[autopilot_sv_cbf_rate_node-3] [INFO] [1788157157.801315616] [uav_0.autopilot_sv_cbf_rate_node]: goal_waypoint received: [0.000, 5.500, 1.500] (overrides waypoint_x/y/z params)
[autopilot_sv_cbf_rate_node-3] [INFO] [1788157157.901184808] [uav_0.autopilot_sv_cbf_rate_node]: goal_waypoint received: [0.000, 5.500, 1.500] (overrides waypoint_x/y/z params)
[autopilot_sv_cbf_rate_node-3] [INFO] [1788157158.001451695] [uav_0.autopilot_sv_cbf_rate_node]: goal_waypoint received: [0.000, 5.500, 1.500] (overrides waypoint_x/y/z params)
[autopilot_sv_cbf_rate_node-3] [INFO] [1788157158.101214091] [uav_0.autopilot_sv_cbf_rate_node]: goal_waypoint received: [0.000, 5.500, 1.500] (overrides waypoint_x/y/z params)
[autopilot_sv_cbf_rate_node-3] [INFO] [1788157158.201245783] [uav_0.autopilot_sv_cbf_rate_node]: goal_waypoint received: [0.000, 5.500, 1.500] (overrides waypoint_x/y/z params)
[autopilot_sv_cbf_rate_node-3] [INFO] [1788157158.253661403] [uav_0.autopilot_sv_cbf_rate_node]: pos=[-0.01 5.64 1.42]  T=23.041N  omega=[-0.012 -0.007 0.000]  certified=4 uncertified=0  delta=0.0000  gamma=5.000(fixed)  feasible=1
[autopilot_sv_cbf_rate_node-3] [INFO] [1788157158.301208676] [uav_0.autopilot_sv_cbf_rate_node]: goal_waypoint received: [0.000, 5.500, 1.500] (overrides waypoint_x/y/z params)
[autopilot_sv_cbf_rate_node-3] [INFO] [1788157158.401149770] [uav_0.autopilot_sv_cbf_rate_node]: goal_waypoint received: [0.000, 5.500, 1.500] (overrides waypoint_x/y/z params)
[autopilot_sv_cbf_rate_node-3] [INFO] [1788157158.501188163] [uav_0.autopilot_sv_cbf_rate_node]: goal_waypoint received: [0.000, 5.500, 1.500] (overrides waypoint_x/y/z params)
[autopilot_sv_cbf_rate_node-3] [INFO] [1788157158.601238555] [uav_0.autopilot_sv_cbf_rate_node]: goal_waypoint received: [0.000, 5.500, 1.500] (overrides waypoint_x/y/z params)
[autopilot_sv_cbf_rate_node-3] [INFO] [1788157158.701218348] [uav_0.autopilot_sv_cbf_rate_node]: goal_waypoint received: [0.000, 5.500, 1.500] (overrides waypoint_x/y/z params)
[autopilot_sv_cbf_rate_node-3] [INFO] [1788157158.801267440] [uav_0.autopilot_sv_cbf_rate_node]: goal_waypoint received: [0.000, 5.500, 1.500] (overrides waypoint_x/y/z params)
[autopilot_sv_cbf_rate_node-3] [INFO] [1788157158.901257333] [uav_0.autopilot_sv_cbf_rate_node]: goal_waypoint received: [0.000, 5.500, 1.500] (overrides waypoint_x/y/z params)
[autopilot_sv_cbf_rate_node-3] [INFO] [1788157159.001221727] [uav_0.autopilot_sv_cbf_rate_node]: goal_waypoint received: [0.000, 5.500, 1.500] (overrides waypoint_x/y/z params)
[autopilot_sv_cbf_rate_node-3] [INFO] [1788157159.101227622] [uav_0.autopilot_sv_cbf_rate_node]: goal_waypoint received: [0.000, 5.500, 1.500] (overrides waypoint_x/y/z params)
[autopilot_sv_cbf_rate_node-3] [INFO] [1788157159.201262817] [uav_0.autopilot_sv_cbf_rate_node]: goal_waypoint received: [0.000, 5.500, 1.500] (overrides waypoint_x/y/z params)
[autopilot_sv_cbf_rate_node-3] [INFO] [1788157159.253573440] [uav_0.autopilot_sv_cbf_rate_node]: pos=[-0.02 5.62 1.42]  T=23.021N  omega=[-0.001 -0.011 0.000]  certified=4 uncertified=0  delta=0.0000  gamma=5.000(fixed)  feasible=1
[autopilot_sv_cbf_rate_node-3] [INFO] [1788157159.301290213] [uav_0.autopilot_sv_cbf_rate_node]: goal_waypoint received: [0.000, 5.500, 1.500] (overrides waypoint_x/y/z params)
[autopilot_sv_cbf_rate_node-3] [INFO] [1788157159.401337108] [uav_0.autopilot_sv_cbf_rate_node]: goal_waypoint received: [0.000, 5.500, 1.500] (overrides waypoint_x/y/z params)
[autopilot_sv_cbf_rate_node-3] [INFO] [1788157159.501258504] [uav_0.autopilot_sv_cbf_rate_node]: goal_waypoint received: [0.000, 5.500, 1.500] (overrides waypoint_x/y/z params)
[autopilot_sv_cbf_rate_node-3] [INFO] [1788157159.601326699] [uav_0.autopilot_sv_cbf_rate_node]: goal_waypoint received: [0.000, 5.500, 1.500] (overrides waypoint_x/y/z params)
[autopilot_sv_cbf_rate_node-3] [INFO] [1788157159.701278595] [uav_0.autopilot_sv_cbf_rate_node]: goal_waypoint received: [0.000, 5.500, 1.500] (overrides waypoint_x/y/z params)
[autopilot_sv_cbf_rate_node-3] [INFO] [1788157159.801364090] [uav_0.autopilot_sv_cbf_rate_node]: goal_waypoint received: [0.000, 5.500, 1.500] (overrides waypoint_x/y/z params)
[autopilot_sv_cbf_rate_node-3] [INFO] [1788157159.901279086] [uav_0.autopilot_sv_cbf_rate_node]: goal_waypoint received: [0.000, 5.500, 1.500] (overrides waypoint_x/y/z params)
[autopilot_sv_cbf_rate_node-3] [INFO] [1788157160.001173083] [uav_0.autopilot_sv_cbf_rate_node]: goal_waypoint received: [0.000, 5.500, 1.500] (overrides waypoint_x/y/z params)
[autopilot_sv_cbf_rate_node-3] [INFO] [1788157160.101311480] [uav_0.autopilot_sv_cbf_rate_node]: goal_waypoint received: [0.000, 5.500, 1.500] (overrides waypoint_x/y/z params)
[autopilot_sv_cbf_rate_node-3] [INFO] [1788157160.201265179] [uav_0.autopilot_sv_cbf_rate_node]: goal_waypoint received: [0.000, 5.500, 1.500] (overrides waypoint_x/y/z params)
[autopilot_sv_cbf_rate_node-3] [INFO] [1788157160.253563902] [uav_0.autopilot_sv_cbf_rate_node]: pos=[-0.01 5.62 1.44]  T=22.956N  omega=[0.001 0.005 0.000]  certified=4 uncertified=0  delta=0.0000  gamma=5.000(fixed)  feasible=1
[autopilot_sv_cbf_rate_node-3] [INFO] [1788157160.301195278] [uav_0.autopilot_sv_cbf_rate_node]: goal_waypoint received: [0.000, 5.500, 1.500] (overrides waypoint_x/y/z params)
[autopilot_sv_cbf_rate_node-3] [INFO] [1788157160.401315675] [uav_0.autopilot_sv_cbf_rate_node]: goal_waypoint received: [0.000, 5.500, 1.500] (overrides waypoint_x/y/z params)
[autopilot_sv_cbf_rate_node-3] [INFO] [1788157160.501201574] [uav_0.autopilot_sv_cbf_rate_node]: goal_waypoint received: [0.000, 5.500, 1.500] (overrides waypoint_x/y/z params)
[autopilot_sv_cbf_rate_node-3] [INFO] [1788157160.601205872] [uav_0.autopilot_sv_cbf_rate_node]: goal_waypoint received: [0.000, 5.500, 1.500] (overrides waypoint_x/y/z params)
[autopilot_sv_cbf_rate_node-3] [INFO] [1788157160.701160771] [uav_0.autopilot_sv_cbf_rate_node]: goal_waypoint received: [0.000, 5.500, 1.500] (overrides waypoint_x/y/z params)
[autopilot_sv_cbf_rate_node-3] [INFO] [1788157160.801215169] [uav_0.autopilot_sv_cbf_rate_node]: goal_waypoint received: [0.000, 5.500, 1.500] (overrides waypoint_x/y/z params)
[autopilot_sv_cbf_rate_node-3] [INFO] [1788157160.901185567] [uav_0.autopilot_sv_cbf_rate_node]: goal_waypoint received: [0.000, 5.500, 1.500] (overrides waypoint_x/y/z params)
[autopilot_sv_cbf_rate_node-3] [INFO] [1788157161.001231565] [uav_0.autopilot_sv_cbf_rate_node]: goal_waypoint received: [0.000, 5.500, 1.500] (overrides waypoint_x/y/z params)
[autopilot_sv_cbf_rate_node-3] [INFO] [1788157161.101243466] [uav_0.autopilot_sv_cbf_rate_node]: goal_waypoint received: [0.000, 5.500, 1.500] (overrides waypoint_x/y/z params)
[autopilot_sv_cbf_rate_node-3] [INFO] [1788157161.201319266] [uav_0.autopilot_sv_cbf_rate_node]: goal_waypoint received: [0.000, 5.500, 1.500] (overrides waypoint_x/y/z params)
[autopilot_sv_cbf_rate_node-3] [INFO] [1788157161.253569591] [uav_0.autopilot_sv_cbf_rate_node]: pos=[-0.01 5.62 1.45]  T=22.977N  omega=[-0.010 0.007 0.000]  certified=4 uncertified=0  delta=0.0000  gamma=5.000(fixed)  feasible=1
[autopilot_sv_cbf_rate_node-3] [INFO] [1788157161.301172368] [uav_0.autopilot_sv_cbf_rate_node]: goal_waypoint received: [0.000, 5.500, 1.500] (overrides waypoint_x/y/z params)
[autopilot_sv_cbf_rate_node-3] [INFO] [1788157161.401377267] [uav_0.autopilot_sv_cbf_rate_node]: goal_waypoint received: [0.000, 5.500, 1.500] (overrides waypoint_x/y/z params)
[autopilot_sv_cbf_rate_node-3] [INFO] [1788157161.501354668] [uav_0.autopilot_sv_cbf_rate_node]: goal_waypoint received: [0.000, 5.500, 1.500] (overrides waypoint_x/y/z params)
[autopilot_sv_cbf_rate_node-3] [INFO] [1788157161.601289570] [uav_0.autopilot_sv_cbf_rate_node]: goal_waypoint received: [0.000, 5.500, 1.500] (overrides waypoint_x/y/z params)
[autopilot_sv_cbf_rate_node-3] [INFO] [1788157161.701478269] [uav_0.autopilot_sv_cbf_rate_node]: goal_waypoint received: [0.000, 5.500, 1.500] (overrides waypoint_x/y/z params)
[autopilot_sv_cbf_rate_node-3] [INFO] [1788157161.801268372] [uav_0.autopilot_sv_cbf_rate_node]: goal_waypoint received: [0.000, 5.500, 1.500] (overrides waypoint_x/y/z params)
[autopilot_sv_cbf_rate_node-3] [INFO] [1788157161.901194973] [uav_0.autopilot_sv_cbf_rate_node]: goal_waypoint received: [0.000, 5.500, 1.500] (overrides waypoint_x/y/z params)
[autopilot_sv_cbf_rate_node-3] [INFO] [1788157162.001166375] [uav_0.autopilot_sv_cbf_rate_node]: goal_waypoint received: [0.000, 5.500, 1.500] (overrides waypoint_x/y/z params)
[autopilot_sv_cbf_rate_node-3] [INFO] [1788157162.101183478] [uav_0.autopilot_sv_cbf_rate_node]: goal_waypoint received: [0.000, 5.500, 1.500] (overrides waypoint_x/y/z params)
[autopilot_sv_cbf_rate_node-3] [INFO] [1788157162.201176882] [uav_0.autopilot_sv_cbf_rate_node]: goal_waypoint received: [0.000, 5.500, 1.500] (overrides waypoint_x/y/z params)
[autopilot_sv_cbf_rate_node-3] [INFO] [1788157162.253542907] [uav_0.autopilot_sv_cbf_rate_node]: pos=[0.00 5.60 1.45]  T=23.015N  omega=[0.006 0.001 0.000]  certified=4 uncertified=0  delta=0.0000  gamma=5.000(fixed)  feasible=1
[autopilot_sv_cbf_rate_node-3] [INFO] [1788157162.301255284] [uav_0.autopilot_sv_cbf_rate_node]: goal_waypoint received: [0.000, 5.500, 1.500] (overrides waypoint_x/y/z params)
[autopilot_sv_cbf_rate_node-3] [INFO] [1788157162.401185189] [uav_0.autopilot_sv_cbf_rate_node]: goal_waypoint received: [0.000, 5.500, 1.500] (overrides waypoint_x/y/z params)
[autopilot_sv_cbf_rate_node-3] [INFO] [1788157162.501180392] [uav_0.autopilot_sv_cbf_rate_node]: goal_waypoint received: [0.000, 5.500, 1.500] (overrides waypoint_x/y/z params)
[autopilot_sv_cbf_rate_node-3] [INFO] [1788157162.601210695] [uav_0.autopilot_sv_cbf_rate_node]: goal_waypoint received: [0.000, 5.500, 1.500] (overrides waypoint_x/y/z params)
[autopilot_sv_cbf_rate_node-3] [INFO] [1788157162.701160800] [uav_0.autopilot_sv_cbf_rate_node]: goal_waypoint received: [0.000, 5.500, 1.500] (overrides waypoint_x/y/z params)
[autopilot_sv_cbf_rate_node-3] [INFO] [1788157162.801170803] [uav_0.autopilot_sv_cbf_rate_node]: goal_waypoint received: [0.000, 5.500, 1.500] (overrides waypoint_x/y/z params)
[autopilot_sv_cbf_rate_node-3] [INFO] [1788157162.901242806] [uav_0.autopilot_sv_cbf_rate_node]: goal_waypoint received: [0.000, 5.500, 1.500] (overrides waypoint_x/y/z params)
[autopilot_sv_cbf_rate_node-3] [INFO] [1788157163.001391308] [uav_0.autopilot_sv_cbf_rate_node]: goal_waypoint received: [0.000, 5.500, 1.500] (overrides waypoint_x/y/z params)
[autopilot_sv_cbf_rate_node-3] [INFO] [1788157163.101480413] [uav_0.autopilot_sv_cbf_rate_node]: goal_waypoint received: [0.000, 5.500, 1.500] (overrides waypoint_x/y/z params)
[autopilot_sv_cbf_rate_node-3] [INFO] [1788157163.201324321] [uav_0.autopilot_sv_cbf_rate_node]: goal_waypoint received: [0.000, 5.500, 1.500] (overrides waypoint_x/y/z params)
[autopilot_sv_cbf_rate_node-3] [INFO] [1788157163.253537650] [uav_0.autopilot_sv_cbf_rate_node]: pos=[0.01 5.60 1.46]  T=22.963N  omega=[-0.001 0.009 0.000]  certified=4 uncertified=0  delta=0.0000  gamma=5.000(fixed)  feasible=1
[autopilot_sv_cbf_rate_node-3] [INFO] [1788157163.301223428] [uav_0.autopilot_sv_cbf_rate_node]: goal_waypoint received: [0.000, 5.500, 1.500] (overrides waypoint_x/y/z params)
[autopilot_sv_cbf_rate_node-3] [INFO] [1788157163.401224634] [uav_0.autopilot_sv_cbf_rate_node]: goal_waypoint received: [0.000, 5.500, 1.500] (overrides waypoint_x/y/z params)
[autopilot_sv_cbf_rate_node-3] [INFO] [1788157163.501238540] [uav_0.autopilot_sv_cbf_rate_node]: goal_waypoint received: [0.000, 5.500, 1.500] (overrides waypoint_x/y/z params)
[autopilot_sv_cbf_rate_node-3] [INFO] [1788157163.601302446] [uav_0.autopilot_sv_cbf_rate_node]: goal_waypoint received: [0.000, 5.500, 1.500] (overrides waypoint_x/y/z params)
[autopilot_sv_cbf_rate_node-3] [INFO] [1788157163.701350552] [uav_0.autopilot_sv_cbf_rate_node]: goal_waypoint received: [0.000, 5.500, 1.500] (overrides waypoint_x/y/z params)
[autopilot_sv_cbf_rate_node-3] [INFO] [1788157163.801273659] [uav_0.autopilot_sv_cbf_rate_node]: goal_waypoint received: [0.000, 5.500, 1.500] (overrides waypoint_x/y/z params)
[autopilot_sv_cbf_rate_node-3] [INFO] [1788157163.901246365] [uav_0.autopilot_sv_cbf_rate_node]: goal_waypoint received: [0.000, 5.500, 1.500] (overrides waypoint_x/y/z params)
[autopilot_sv_cbf_rate_node-3] [INFO] [1788157164.001364770] [uav_0.autopilot_sv_cbf_rate_node]: goal_waypoint received: [0.000, 5.500, 1.500] (overrides waypoint_x/y/z params)
[autopilot_sv_cbf_rate_node-3] [INFO] [1788157164.101259780] [uav_0.autopilot_sv_cbf_rate_node]: goal_waypoint received: [0.000, 5.500, 1.500] (overrides waypoint_x/y/z params)
[autopilot_sv_cbf_rate_node-3] [INFO] [1788157164.201147590] [uav_0.autopilot_sv_cbf_rate_node]: goal_waypoint received: [0.000, 5.500, 1.500] (overrides waypoint_x/y/z params)
[autopilot_sv_cbf_rate_node-3] [INFO] [1788157164.253502719] [uav_0.autopilot_sv_cbf_rate_node]: pos=[-0.01 5.58 1.45]  T=23.006N  omega=[-0.001 0.011 0.000]  certified=4 uncertified=0  delta=0.0000  gamma=5.000(fixed)  feasible=1
[autopilot_sv_cbf_rate_node-3] [INFO] [1788157164.301213398] [uav_0.autopilot_sv_cbf_rate_node]: goal_waypoint received: [0.000, 5.500, 1.500] (overrides waypoint_x/y/z params)
[autopilot_sv_cbf_rate_node-3] [INFO] [1788157164.401293306] [uav_0.autopilot_sv_cbf_rate_node]: goal_waypoint received: [0.000, 5.500, 1.500] (overrides waypoint_x/y/z params)
[autopilot_sv_cbf_rate_node-3] [INFO] [1788157164.501334214] [uav_0.autopilot_sv_cbf_rate_node]: goal_waypoint received: [0.000, 5.500, 1.500] (overrides waypoint_x/y/z params)
[autopilot_sv_cbf_rate_node-3] [INFO] [1788157164.601156425] [uav_0.autopilot_sv_cbf_rate_node]: goal_waypoint received: [0.000, 5.500, 1.500] (overrides waypoint_x/y/z params)
[autopilot_sv_cbf_rate_node-3] [INFO] [1788157164.701193534] [uav_0.autopilot_sv_cbf_rate_node]: goal_waypoint received: [0.000, 5.500, 1.500] (overrides waypoint_x/y/z params)
[autopilot_sv_cbf_rate_node-3] [INFO] [1788157164.801241242] [uav_0.autopilot_sv_cbf_rate_node]: goal_waypoint received: [0.000, 5.500, 1.500] (overrides waypoint_x/y/z params)
[autopilot_sv_cbf_rate_node-3] [INFO] [1788157164.901267951] [uav_0.autopilot_sv_cbf_rate_node]: goal_waypoint received: [0.000, 5.500, 1.500] (overrides waypoint_x/y/z params)
[autopilot_sv_cbf_rate_node-3] [INFO] [1788157165.001196760] [uav_0.autopilot_sv_cbf_rate_node]: goal_waypoint received: [0.000, 5.500, 1.500] (overrides waypoint_x/y/z params)
[autopilot_sv_cbf_rate_node-3] [INFO] [1788157165.101194772] [uav_0.autopilot_sv_cbf_rate_node]: goal_waypoint received: [0.000, 5.500, 1.500] (overrides waypoint_x/y/z params)
[autopilot_sv_cbf_rate_node-3] [INFO] [1788157165.201241483] [uav_0.autopilot_sv_cbf_rate_node]: goal_waypoint received: [0.000, 5.500, 1.500] (overrides waypoint_x/y/z params)
[autopilot_sv_cbf_rate_node-3] [INFO] [1788157165.253482414] [uav_0.autopilot_sv_cbf_rate_node]: pos=[-0.04 5.56 1.45]  T=22.982N  omega=[-0.001 0.003 0.000]  certified=4 uncertified=0  delta=0.0000  gamma=5.000(fixed)  feasible=1
[autopilot_sv_cbf_rate_node-3] [INFO] [1788157165.301194495] [uav_0.autopilot_sv_cbf_rate_node]: goal_waypoint received: [0.000, 5.500, 1.500] (overrides waypoint_x/y/z params)
[autopilot_sv_cbf_rate_node-3] [INFO] [1788157165.401348604] [uav_0.autopilot_sv_cbf_rate_node]: goal_waypoint received: [0.000, 5.500, 1.500] (overrides waypoint_x/y/z params)
[autopilot_sv_cbf_rate_node-3] [INFO] [1788157165.501177818] [uav_0.autopilot_sv_cbf_rate_node]: goal_waypoint received: [0.000, 5.500, 1.500] (overrides waypoint_x/y/z params)
[autopilot_sv_cbf_rate_node-3] [INFO] [1788157165.601284588] [uav_0.autopilot_sv_cbf_rate_node]: goal_waypoint received: [0.000, 5.500, 1.500] (overrides waypoint_x/y/z params)
[autopilot_sv_cbf_rate_node-3] [INFO] [1788157165.701249423] [uav_0.autopilot_sv_cbf_rate_node]: goal_waypoint received: [0.000, 5.500, 1.500] (overrides waypoint_x/y/z params)
[autopilot_sv_cbf_rate_node-3] [INFO] [1788157165.801341556] [uav_0.autopilot_sv_cbf_rate_node]: goal_waypoint received: [0.000, 5.500, 1.500] (overrides waypoint_x/y/z params)
[autopilot_sv_cbf_rate_node-3] [INFO] [1788157165.901456589] [uav_0.autopilot_sv_cbf_rate_node]: goal_waypoint received: [0.000, 5.500, 1.500] (overrides waypoint_x/y/z params)
[autopilot_sv_cbf_rate_node-3] [INFO] [1788157166.001317025] [uav_0.autopilot_sv_cbf_rate_node]: goal_waypoint received: [0.000, 5.500, 1.500] (overrides waypoint_x/y/z params)
[autopilot_sv_cbf_rate_node-3] [INFO] [1788157166.101210064] [uav_0.autopilot_sv_cbf_rate_node]: goal_waypoint received: [0.000, 5.500, 1.500] (overrides waypoint_x/y/z params)
[autopilot_sv_cbf_rate_node-3] [INFO] [1788157166.201186801] [uav_0.autopilot_sv_cbf_rate_node]: goal_waypoint received: [0.000, 5.500, 1.500] (overrides waypoint_x/y/z params)
[autopilot_sv_cbf_rate_node-3] [INFO] [1788157166.253468793] [uav_0.autopilot_sv_cbf_rate_node]: pos=[-0.02 5.57 1.46]  T=23.012N  omega=[-0.008 0.000 0.000]  certified=4 uncertified=0  delta=0.0000  gamma=5.000(fixed)  feasible=1
[autopilot_sv_cbf_rate_node-3] [INFO] [1788157166.301170038] [uav_0.autopilot_sv_cbf_rate_node]: goal_waypoint received: [0.000, 5.500, 1.500] (overrides waypoint_x/y/z params)
[autopilot_sv_cbf_rate_node-3] [INFO] [1788157166.401164376] [uav_0.autopilot_sv_cbf_rate_node]: goal_waypoint received: [0.000, 5.500, 1.500] (overrides waypoint_x/y/z params)
[autopilot_sv_cbf_rate_node-3] [INFO] [1788157166.501184912] [uav_0.autopilot_sv_cbf_rate_node]: goal_waypoint received: [0.000, 5.500, 1.500] (overrides waypoint_x/y/z params)
[autopilot_sv_cbf_rate_node-3] [INFO] [1788157166.601480546] [uav_0.autopilot_sv_cbf_rate_node]: goal_waypoint received: [0.000, 5.500, 1.500] (overrides waypoint_x/y/z params)
[autopilot_sv_cbf_rate_node-3] [INFO] [1788157166.701239186] [uav_0.autopilot_sv_cbf_rate_node]: goal_waypoint received: [0.000, 5.500, 1.500] (overrides waypoint_x/y/z params)
[autopilot_sv_cbf_rate_node-3] [INFO] [1788157166.801192624] [uav_0.autopilot_sv_cbf_rate_node]: goal_waypoint received: [0.000, 5.500, 1.500] (overrides waypoint_x/y/z params)
[autopilot_sv_cbf_rate_node-3] [INFO] [1788157166.901158361] [uav_0.autopilot_sv_cbf_rate_node]: goal_waypoint received: [0.000, 5.500, 1.500] (overrides waypoint_x/y/z params)
[autopilot_sv_cbf_rate_node-3] [INFO] [1788157167.001204198] [uav_0.autopilot_sv_cbf_rate_node]: goal_waypoint received: [0.000, 5.500, 1.500] (overrides waypoint_x/y/z params)
[autopilot_sv_cbf_rate_node-3] [INFO] [1788157167.101190538] [uav_0.autopilot_sv_cbf_rate_node]: goal_waypoint received: [0.000, 5.500, 1.500] (overrides waypoint_x/y/z params)
[autopilot_sv_cbf_rate_node-3] [INFO] [1788157167.201235477] [uav_0.autopilot_sv_cbf_rate_node]: goal_waypoint received: [0.000, 5.500, 1.500] (overrides waypoint_x/y/z params)
[autopilot_sv_cbf_rate_node-3] [INFO] [1788157167.253463571] [uav_0.autopilot_sv_cbf_rate_node]: pos=[-0.01 5.57 1.46]  T=22.968N  omega=[-0.002 -0.005 0.000]  certified=4 uncertified=0  delta=0.0000  gamma=5.000(fixed)  feasible=1
[autopilot_sv_cbf_rate_node-3] [INFO] [1788157167.301245517] [uav_0.autopilot_sv_cbf_rate_node]: goal_waypoint received: [0.000, 5.500, 1.500] (overrides waypoint_x/y/z params)
[autopilot_sv_cbf_rate_node-3] [INFO] [1788157167.401221557] [uav_0.autopilot_sv_cbf_rate_node]: goal_waypoint received: [0.000, 5.500, 1.500] (overrides waypoint_x/y/z params)
[autopilot_sv_cbf_rate_node-3] [INFO] [1788157167.501227996] [uav_0.autopilot_sv_cbf_rate_node]: goal_waypoint received: [0.000, 5.500, 1.500] (overrides waypoint_x/y/z params)
[autopilot_sv_cbf_rate_node-3] [INFO] [1788157167.601214936] [uav_0.autopilot_sv_cbf_rate_node]: goal_waypoint received: [0.000, 5.500, 1.500] (overrides waypoint_x/y/z params)
[autopilot_sv_cbf_rate_node-3] [INFO] [1788157167.701217676] [uav_0.autopilot_sv_cbf_rate_node]: goal_waypoint received: [0.000, 5.500, 1.500] (overrides waypoint_x/y/z params)
[autopilot_sv_cbf_rate_node-3] [INFO] [1788157167.801288915] [uav_0.autopilot_sv_cbf_rate_node]: goal_waypoint received: [0.000, 5.500, 1.500] (overrides waypoint_x/y/z params)
[autopilot_sv_cbf_rate_node-3] [INFO] [1788157167.901348254] [uav_0.autopilot_sv_cbf_rate_node]: goal_waypoint received: [0.000, 5.500, 1.500] (overrides waypoint_x/y/z params)
[autopilot_sv_cbf_rate_node-3] [INFO] [1788157168.001235895] [uav_0.autopilot_sv_cbf_rate_node]: goal_waypoint received: [0.000, 5.500, 1.500] (overrides waypoint_x/y/z params)
[autopilot_sv_cbf_rate_node-3] [INFO] [1788157168.101276137] [uav_0.autopilot_sv_cbf_rate_node]: goal_waypoint received: [0.000, 5.500, 1.500] (overrides waypoint_x/y/z params)
[autopilot_sv_cbf_rate_node-3] [INFO] [1788157168.201243680] [uav_0.autopilot_sv_cbf_rate_node]: goal_waypoint received: [0.000, 5.500, 1.500] (overrides waypoint_x/y/z params)
[autopilot_sv_cbf_rate_node-3] [INFO] [1788157168.253476775] [uav_0.autopilot_sv_cbf_rate_node]: pos=[-0.01 5.57 1.45]  T=23.058N  omega=[0.015 0.002 0.000]  certified=4 uncertified=0  delta=0.0000  gamma=5.000(fixed)  feasible=1
[autopilot_sv_cbf_rate_node-3] [INFO] [1788157168.301191823] [uav_0.autopilot_sv_cbf_rate_node]: goal_waypoint received: [0.000, 5.500, 1.500] (overrides waypoint_x/y/z params)
[autopilot_sv_cbf_rate_node-3] [INFO] [1788157168.401197465] [uav_0.autopilot_sv_cbf_rate_node]: goal_waypoint received: [0.000, 5.500, 1.500] (overrides waypoint_x/y/z params)
[autopilot_sv_cbf_rate_node-3] [INFO] [1788157168.501166208] [uav_0.autopilot_sv_cbf_rate_node]: goal_waypoint received: [0.000, 5.500, 1.500] (overrides waypoint_x/y/z params)
[autopilot_sv_cbf_rate_node-3] [INFO] [1788157168.601207250] [uav_0.autopilot_sv_cbf_rate_node]: goal_waypoint received: [0.000, 5.500, 1.500] (overrides waypoint_x/y/z params)
[autopilot_sv_cbf_rate_node-3] [INFO] [1788157168.701300591] [uav_0.autopilot_sv_cbf_rate_node]: goal_waypoint received: [0.000, 5.500, 1.500] (overrides waypoint_x/y/z params)
[autopilot_sv_cbf_rate_node-3] [INFO] [1788157168.801279433] [uav_0.autopilot_sv_cbf_rate_node]: goal_waypoint received: [0.000, 5.500, 1.500] (overrides waypoint_x/y/z params)
[autopilot_sv_cbf_rate_node-3] [INFO] [1788157168.901177977] [uav_0.autopilot_sv_cbf_rate_node]: goal_waypoint received: [0.000, 5.500, 1.500] (overrides waypoint_x/y/z params)
[autopilot_sv_cbf_rate_node-3] [INFO] [1788157169.001186219] [uav_0.autopilot_sv_cbf_rate_node]: goal_waypoint received: [0.000, 5.500, 1.500] (overrides waypoint_x/y/z params)
[autopilot_sv_cbf_rate_node-3] [INFO] [1788157169.101191964] [uav_0.autopilot_sv_cbf_rate_node]: goal_waypoint received: [0.000, 5.500, 1.500] (overrides waypoint_x/y/z params)
[autopilot_sv_cbf_rate_node-3] [INFO] [1788157169.201446606] [uav_0.autopilot_sv_cbf_rate_node]: goal_waypoint received: [0.000, 5.500, 1.500] (overrides waypoint_x/y/z params)
[autopilot_sv_cbf_rate_node-3] [INFO] [1788157169.253401306] [uav_0.autopilot_sv_cbf_rate_node]: pos=[-0.02 5.56 1.45]  T=22.999N  omega=[-0.001 -0.009 0.000]  certified=4 uncertified=0  delta=0.0000  gamma=5.000(fixed)  feasible=1
[autopilot_sv_cbf_rate_node-3] [INFO] [1788157169.301258953] [uav_0.autopilot_sv_cbf_rate_node]: goal_waypoint received: [0.000, 5.500, 1.500] (overrides waypoint_x/y/z params)
[autopilot_sv_cbf_rate_node-3] [INFO] [1788157169.401274898] [uav_0.autopilot_sv_cbf_rate_node]: goal_waypoint received: [0.000, 5.500, 1.500] (overrides waypoint_x/y/z params)
[autopilot_sv_cbf_rate_node-3] [INFO] [1788157169.501220944] [uav_0.autopilot_sv_cbf_rate_node]: goal_waypoint received: [0.000, 5.500, 1.500] (overrides waypoint_x/y/z params)
[autopilot_sv_cbf_rate_node-3] [INFO] [1788157169.601185189] [uav_0.autopilot_sv_cbf_rate_node]: goal_waypoint received: [0.000, 5.500, 1.500] (overrides waypoint_x/y/z params)
[autopilot_sv_cbf_rate_node-3] [INFO] [1788157169.701231334] [uav_0.autopilot_sv_cbf_rate_node]: goal_waypoint received: [0.000, 5.500, 1.500] (overrides waypoint_x/y/z params)
[autopilot_sv_cbf_rate_node-3] [INFO] [1788157169.801319878] [uav_0.autopilot_sv_cbf_rate_node]: goal_waypoint received: [0.000, 5.500, 1.500] (overrides waypoint_x/y/z params)
[autopilot_sv_cbf_rate_node-3] [INFO] [1788157169.901300023] [uav_0.autopilot_sv_cbf_rate_node]: goal_waypoint received: [0.000, 5.500, 1.500] (overrides waypoint_x/y/z params)
[autopilot_sv_cbf_rate_node-3] [INFO] [1788157170.001282968] [uav_0.autopilot_sv_cbf_rate_node]: goal_waypoint received: [0.000, 5.500, 1.500] (overrides waypoint_x/y/z params)
[autopilot_sv_cbf_rate_node-3] [INFO] [1788157170.101269416] [uav_0.autopilot_sv_cbf_rate_node]: goal_waypoint received: [0.000, 5.500, 1.500] (overrides waypoint_x/y/z params)
[autopilot_sv_cbf_rate_node-3] [INFO] [1788157170.201224864] [uav_0.autopilot_sv_cbf_rate_node]: goal_waypoint received: [0.000, 5.500, 1.500] (overrides waypoint_x/y/z params)
[autopilot_sv_cbf_rate_node-3] [INFO] [1788157170.253406162] [uav_0.autopilot_sv_cbf_rate_node]: pos=[-0.01 5.55 1.46]  T=22.946N  omega=[0.021 0.009 0.000]  certified=4 uncertified=0  delta=0.0000  gamma=5.000(fixed)  feasible=1
[autopilot_sv_cbf_rate_node-3] [INFO] [1788157170.301366610] [uav_0.autopilot_sv_cbf_rate_node]: goal_waypoint received: [0.000, 5.500, 1.500] (overrides waypoint_x/y/z params)
[autopilot_sv_cbf_rate_node-3] [INFO] [1788157170.401212759] [uav_0.autopilot_sv_cbf_rate_node]: goal_waypoint received: [0.000, 5.500, 1.500] (overrides waypoint_x/y/z params)
[autopilot_sv_cbf_rate_node-3] [INFO] [1788157170.501239206] [uav_0.autopilot_sv_cbf_rate_node]: goal_waypoint received: [0.000, 5.500, 1.500] (overrides waypoint_x/y/z params)
[autopilot_sv_cbf_rate_node-3] [INFO] [1788157170.601415252] [uav_0.autopilot_sv_cbf_rate_node]: goal_waypoint received: [0.000, 5.500, 1.500] (overrides waypoint_x/y/z params)
[autopilot_sv_cbf_rate_node-3] [INFO] [1788157170.701171802] [uav_0.autopilot_sv_cbf_rate_node]: goal_waypoint received: [0.000, 5.500, 1.500] (overrides waypoint_x/y/z params)
[autopilot_sv_cbf_rate_node-3] [INFO] [1788157170.801246249] [uav_0.autopilot_sv_cbf_rate_node]: goal_waypoint received: [0.000, 5.500, 1.500] (overrides waypoint_x/y/z params)
[autopilot_sv_cbf_rate_node-3] [INFO] [1788157170.901296396] [uav_0.autopilot_sv_cbf_rate_node]: goal_waypoint received: [0.000, 5.500, 1.500] (overrides waypoint_x/y/z params)
[autopilot_sv_cbf_rate_node-3] [INFO] [1788157171.001221745] [uav_0.autopilot_sv_cbf_rate_node]: goal_waypoint received: [0.000, 5.500, 1.500] (overrides waypoint_x/y/z params)
[autopilot_sv_cbf_rate_node-3] [INFO] [1788157171.101181395] [uav_0.autopilot_sv_cbf_rate_node]: goal_waypoint received: [0.000, 5.500, 1.500] (overrides waypoint_x/y/z params)
[autopilot_sv_cbf_rate_node-3] [INFO] [1788157171.201184545] [uav_0.autopilot_sv_cbf_rate_node]: goal_waypoint received: [0.000, 5.500, 1.500] (overrides waypoint_x/y/z params)
[autopilot_sv_cbf_rate_node-3] [INFO] [1788157171.253370945] [uav_0.autopilot_sv_cbf_rate_node]: pos=[0.01 5.55 1.47]  T=22.999N  omega=[-0.009 0.011 0.000]  certified=4 uncertified=0  delta=0.0000  gamma=5.000(fixed)  feasible=1
[autopilot_sv_cbf_rate_node-3] [INFO] [1788157171.301144296] [uav_0.autopilot_sv_cbf_rate_node]: goal_waypoint received: [0.000, 5.500, 1.500] (overrides waypoint_x/y/z params)
[autopilot_sv_cbf_rate_node-3] [INFO] [1788157171.401210146] [uav_0.autopilot_sv_cbf_rate_node]: goal_waypoint received: [0.000, 5.500, 1.500] (overrides waypoint_x/y/z params)
[autopilot_sv_cbf_rate_node-3] [INFO] [1788157171.501227496] [uav_0.autopilot_sv_cbf_rate_node]: goal_waypoint received: [0.000, 5.500, 1.500] (overrides waypoint_x/y/z params)
[autopilot_sv_cbf_rate_node-3] [INFO] [1788157171.601218946] [uav_0.autopilot_sv_cbf_rate_node]: goal_waypoint received: [0.000, 5.500, 1.500] (overrides waypoint_x/y/z params)
[autopilot_sv_cbf_rate_node-3] [INFO] [1788157171.701152797] [uav_0.autopilot_sv_cbf_rate_node]: goal_waypoint received: [0.000, 5.500, 1.500] (overrides waypoint_x/y/z params)
[autopilot_sv_cbf_rate_node-3] [INFO] [1788157171.801271746] [uav_0.autopilot_sv_cbf_rate_node]: goal_waypoint received: [0.000, 5.500, 1.500] (overrides waypoint_x/y/z params)
[autopilot_sv_cbf_rate_node-3] [INFO] [1788157171.901370595] [uav_0.autopilot_sv_cbf_rate_node]: goal_waypoint received: [0.000, 5.500, 1.500] (overrides waypoint_x/y/z params)
[autopilot_sv_cbf_rate_node-3] [INFO] [1788157172.001548543] [uav_0.autopilot_sv_cbf_rate_node]: goal_waypoint received: [0.000, 5.500, 1.500] (overrides waypoint_x/y/z params)
[autopilot_sv_cbf_rate_node-3] [INFO] [1788157172.101219264] [uav_0.autopilot_sv_cbf_rate_node]: goal_waypoint received: [0.000, 5.500, 1.500] (overrides waypoint_x/y/z params)
[autopilot_sv_cbf_rate_node-3] [INFO] [1788157172.201234512] [uav_0.autopilot_sv_cbf_rate_node]: goal_waypoint received: [0.000, 5.500, 1.500] (overrides waypoint_x/y/z params)
[autopilot_sv_cbf_rate_node-3] [INFO] [1788157172.253448163] [uav_0.autopilot_sv_cbf_rate_node]: pos=[0.01 5.55 1.47]  T=23.002N  omega=[-0.013 -0.015 0.000]  certified=4 uncertified=0  delta=0.0000  gamma=5.000(fixed)  feasible=1
[autopilot_sv_cbf_rate_node-3] [INFO] [1788157172.301300759] [uav_0.autopilot_sv_cbf_rate_node]: goal_waypoint received: [0.000, 5.500, 1.500] (overrides waypoint_x/y/z params)
[autopilot_sv_cbf_rate_node-3] [INFO] [1788157172.401283708] [uav_0.autopilot_sv_cbf_rate_node]: goal_waypoint received: [0.000, 5.500, 1.500] (overrides waypoint_x/y/z params)
[autopilot_sv_cbf_rate_node-3] [INFO] [1788157172.501198157] [uav_0.autopilot_sv_cbf_rate_node]: goal_waypoint received: [0.000, 5.500, 1.500] (overrides waypoint_x/y/z params)
[autopilot_sv_cbf_rate_node-3] [INFO] [1788157172.601191905] [uav_0.autopilot_sv_cbf_rate_node]: goal_waypoint received: [0.000, 5.500, 1.500] (overrides waypoint_x/y/z params)
[autopilot_sv_cbf_rate_node-3] [INFO] [1788157172.701178454] [uav_0.autopilot_sv_cbf_rate_node]: goal_waypoint received: [0.000, 5.500, 1.500] (overrides waypoint_x/y/z params)
[autopilot_sv_cbf_rate_node-3] [INFO] [1788157172.801185902] [uav_0.autopilot_sv_cbf_rate_node]: goal_waypoint received: [0.000, 5.500, 1.500] (overrides waypoint_x/y/z params)
[autopilot_sv_cbf_rate_node-3] [INFO] [1788157172.901118351] [uav_0.autopilot_sv_cbf_rate_node]: goal_waypoint received: [0.000, 5.500, 1.500] (overrides waypoint_x/y/z params)
[autopilot_sv_cbf_rate_node-3] [INFO] [1788157173.001194698] [uav_0.autopilot_sv_cbf_rate_node]: goal_waypoint received: [0.000, 5.500, 1.500] (overrides waypoint_x/y/z params)
[autopilot_sv_cbf_rate_node-3] [INFO] [1788157173.101190049] [uav_0.autopilot_sv_cbf_rate_node]: goal_waypoint received: [0.000, 5.500, 1.500] (overrides waypoint_x/y/z params)
[autopilot_sv_cbf_rate_node-3] [INFO] [1788157173.201253899] [uav_0.autopilot_sv_cbf_rate_node]: goal_waypoint received: [0.000, 5.500, 1.500] (overrides waypoint_x/y/z params)
[autopilot_sv_cbf_rate_node-3] [INFO] [1788157173.253411252] [uav_0.autopilot_sv_cbf_rate_node]: pos=[-0.00 5.53 1.48]  T=22.971N  omega=[0.010 0.009 0.000]  certified=4 uncertified=0  delta=0.0000  gamma=5.000(fixed)  feasible=1
[autopilot_sv_cbf_rate_node-3] [INFO] [1788157173.301231050] [uav_0.autopilot_sv_cbf_rate_node]: goal_waypoint received: [0.000, 5.500, 1.500] (overrides waypoint_x/y/z params)
[autopilot_sv_cbf_rate_node-3] [INFO] [1788157173.401173902] [uav_0.autopilot_sv_cbf_rate_node]: goal_waypoint received: [0.000, 5.500, 1.500] (overrides waypoint_x/y/z params)
[autopilot_sv_cbf_rate_node-3] [INFO] [1788157173.501237652] [uav_0.autopilot_sv_cbf_rate_node]: goal_waypoint received: [0.000, 5.500, 1.500] (overrides waypoint_x/y/z params)
[autopilot_sv_cbf_rate_node-3] [INFO] [1788157173.601390180] [uav_0.autopilot_sv_cbf_rate_node]: goal_waypoint received: [0.000, 5.500, 1.500] (overrides waypoint_x/y/z params)
[autopilot_sv_cbf_rate_node-3] [INFO] [1788157173.701306153] [uav_0.autopilot_sv_cbf_rate_node]: goal_waypoint received: [0.000, 5.500, 1.500] (overrides waypoint_x/y/z params)
[autopilot_sv_cbf_rate_node-3] [INFO] [1788157173.801237925] [uav_0.autopilot_sv_cbf_rate_node]: goal_waypoint received: [0.000, 5.500, 1.500] (overrides waypoint_x/y/z params)
[autopilot_sv_cbf_rate_node-3] [INFO] [1788157173.901281895] [uav_0.autopilot_sv_cbf_rate_node]: goal_waypoint received: [0.000, 5.500, 1.500] (overrides waypoint_x/y/z params)
[autopilot_sv_cbf_rate_node-3] [INFO] [1788157174.001216467] [uav_0.autopilot_sv_cbf_rate_node]: goal_waypoint received: [0.000, 5.500, 1.500] (overrides waypoint_x/y/z params)
[autopilot_sv_cbf_rate_node-3] [INFO] [1788157174.101323940] [uav_0.autopilot_sv_cbf_rate_node]: goal_waypoint received: [0.000, 5.500, 1.500] (overrides waypoint_x/y/z params)
[autopilot_sv_cbf_rate_node-3] [INFO] [1788157174.201332013] [uav_0.autopilot_sv_cbf_rate_node]: goal_waypoint received: [0.000, 5.500, 1.500] (overrides waypoint_x/y/z params)
[autopilot_sv_cbf_rate_node-3] [INFO] [1788157174.253440822] [uav_0.autopilot_sv_cbf_rate_node]: pos=[0.00 5.54 1.48]  T=22.991N  omega=[-0.017 -0.011 0.000]  certified=4 uncertified=0  delta=0.0000  gamma=5.000(fixed)  feasible=1
[autopilot_sv_cbf_rate_node-3] [INFO] [1788157174.301371587] [uav_0.autopilot_sv_cbf_rate_node]: goal_waypoint received: [0.000, 5.500, 1.500] (overrides waypoint_x/y/z params)
[autopilot_sv_cbf_rate_node-3] [INFO] [1788157174.401371860] [uav_0.autopilot_sv_cbf_rate_node]: goal_waypoint received: [0.000, 5.500, 1.500] (overrides waypoint_x/y/z params)
[autopilot_sv_cbf_rate_node-3] [INFO] [1788157174.501291235] [uav_0.autopilot_sv_cbf_rate_node]: goal_waypoint received: [0.000, 5.500, 1.500] (overrides waypoint_x/y/z params)
[autopilot_sv_cbf_rate_node-3] [INFO] [1788157174.601268309] [uav_0.autopilot_sv_cbf_rate_node]: goal_waypoint received: [0.000, 5.500, 1.500] (overrides waypoint_x/y/z params)
[autopilot_sv_cbf_rate_node-3] [INFO] [1788157174.701345282] [uav_0.autopilot_sv_cbf_rate_node]: goal_waypoint received: [0.000, 5.500, 1.500] (overrides waypoint_x/y/z params)
[autopilot_sv_cbf_rate_node-3] [INFO] [1788157174.801262657] [uav_0.autopilot_sv_cbf_rate_node]: goal_waypoint received: [0.000, 5.500, 1.500] (overrides waypoint_x/y/z params)
[autopilot_sv_cbf_rate_node-3] [INFO] [1788157174.901241631] [uav_0.autopilot_sv_cbf_rate_node]: goal_waypoint received: [0.000, 5.500, 1.500] (overrides waypoint_x/y/z params)
[autopilot_sv_cbf_rate_node-3] [INFO] [1788157175.001217905] [uav_0.autopilot_sv_cbf_rate_node]: goal_waypoint received: [0.000, 5.500, 1.500] (overrides waypoint_x/y/z params)
[autopilot_sv_cbf_rate_node-3] [INFO] [1788157175.101274281] [uav_0.autopilot_sv_cbf_rate_node]: goal_waypoint received: [0.000, 5.500, 1.500] (overrides waypoint_x/y/z params)
[autopilot_sv_cbf_rate_node-3] [INFO] [1788157175.201219958] [uav_0.autopilot_sv_cbf_rate_node]: goal_waypoint received: [0.000, 5.500, 1.500] (overrides waypoint_x/y/z params)
[autopilot_sv_cbf_rate_node-3] [INFO] [1788157175.253341268] [uav_0.autopilot_sv_cbf_rate_node]: pos=[-0.00 5.51 1.49]  T=22.975N  omega=[0.018 -0.004 0.000]  certified=4 uncertified=0  delta=0.0000  gamma=5.000(fixed)  feasible=1
[autopilot_sv_cbf_rate_node-3] [INFO] [1788157175.301168735] [uav_0.autopilot_sv_cbf_rate_node]: goal_waypoint received: [0.000, 5.500, 1.500] (overrides waypoint_x/y/z params)
[autopilot_sv_cbf_rate_node-3] [INFO] [1788157175.401217710] [uav_0.autopilot_sv_cbf_rate_node]: goal_waypoint received: [0.000, 5.500, 1.500] (overrides waypoint_x/y/z params)
[autopilot_sv_cbf_rate_node-3] [INFO] [1788157175.501196787] [uav_0.autopilot_sv_cbf_rate_node]: goal_waypoint received: [0.000, 5.500, 1.500] (overrides waypoint_x/y/z params)
[autopilot_sv_cbf_rate_node-3] [INFO] [1788157175.601198063] [uav_0.autopilot_sv_cbf_rate_node]: goal_waypoint received: [0.000, 5.500, 1.500] (overrides waypoint_x/y/z params)
[autopilot_sv_cbf_rate_node-3] [INFO] [1788157175.701179840] [uav_0.autopilot_sv_cbf_rate_node]: goal_waypoint received: [0.000, 5.500, 1.500] (overrides waypoint_x/y/z params)
[autopilot_sv_cbf_rate_node-3] [INFO] [1788157175.801380014] [uav_0.autopilot_sv_cbf_rate_node]: goal_waypoint received: [0.000, 5.500, 1.500] (overrides waypoint_x/y/z params)
[autopilot_sv_cbf_rate_node-3] [INFO] [1788157175.901194892] [uav_0.autopilot_sv_cbf_rate_node]: goal_waypoint received: [0.000, 5.500, 1.500] (overrides waypoint_x/y/z params)
[autopilot_sv_cbf_rate_node-3] [INFO] [1788157176.001256768] [uav_0.autopilot_sv_cbf_rate_node]: goal_waypoint received: [0.000, 5.500, 1.500] (overrides waypoint_x/y/z params)
[autopilot_sv_cbf_rate_node-3] [INFO] [1788157176.101146148] [uav_0.autopilot_sv_cbf_rate_node]: goal_waypoint received: [0.000, 5.500, 1.500] (overrides waypoint_x/y/z params)
[autopilot_sv_cbf_rate_node-3] [INFO] [1788157176.201189427] [uav_0.autopilot_sv_cbf_rate_node]: goal_waypoint received: [0.000, 5.500, 1.500] (overrides waypoint_x/y/z params)
[autopilot_sv_cbf_rate_node-3] [INFO] [1788157176.253313938] [uav_0.autopilot_sv_cbf_rate_node]: pos=[0.01 5.52 1.48]  T=23.003N  omega=[-0.005 0.002 0.000]  certified=4 uncertified=0  delta=0.0000  gamma=5.000(fixed)  feasible=1
[autopilot_sv_cbf_rate_node-3] [INFO] [1788157176.301207105] [uav_0.autopilot_sv_cbf_rate_node]: goal_waypoint received: [0.000, 5.500, 1.500] (overrides waypoint_x/y/z params)
[autopilot_sv_cbf_rate_node-3] [INFO] [1788157176.401217584] [uav_0.autopilot_sv_cbf_rate_node]: goal_waypoint received: [0.000, 5.500, 1.500] (overrides waypoint_x/y/z params)
[autopilot_sv_cbf_rate_node-3] [INFO] [1788157176.501241663] [uav_0.autopilot_sv_cbf_rate_node]: goal_waypoint received: [0.000, 5.500, 1.500] (overrides waypoint_x/y/z params)
[autopilot_sv_cbf_rate_node-3] [INFO] [1788157176.601244642] [uav_0.autopilot_sv_cbf_rate_node]: goal_waypoint received: [0.000, 5.500, 1.500] (overrides waypoint_x/y/z params)
[autopilot_sv_cbf_rate_node-3] [INFO] [1788157176.701334520] [uav_0.autopilot_sv_cbf_rate_node]: goal_waypoint received: [0.000, 5.500, 1.500] (overrides waypoint_x/y/z params)
[autopilot_sv_cbf_rate_node-3] [INFO] [1788157176.801400698] [uav_0.autopilot_sv_cbf_rate_node]: goal_waypoint received: [0.000, 5.500, 1.500] (overrides waypoint_x/y/z params)
[autopilot_sv_cbf_rate_node-3] [INFO] [1788157176.901313478] [uav_0.autopilot_sv_cbf_rate_node]: goal_waypoint received: [0.000, 5.500, 1.500] (overrides waypoint_x/y/z params)
[autopilot_sv_cbf_rate_node-3] [INFO] [1788157177.001275657] [uav_0.autopilot_sv_cbf_rate_node]: goal_waypoint received: [0.000, 5.500, 1.500] (overrides waypoint_x/y/z params)
[autopilot_sv_cbf_rate_node-3] [INFO] [1788157177.101224739] [uav_0.autopilot_sv_cbf_rate_node]: goal_waypoint received: [0.000, 5.500, 1.500] (overrides waypoint_x/y/z params)
[autopilot_sv_cbf_rate_node-3] [INFO] [1788157177.201235221] [uav_0.autopilot_sv_cbf_rate_node]: goal_waypoint received: [0.000, 5.500, 1.500] (overrides waypoint_x/y/z params)
[autopilot_sv_cbf_rate_node-3] [INFO] [1788157177.253377833] [uav_0.autopilot_sv_cbf_rate_node]: pos=[0.01 5.51 1.48]  T=23.006N  omega=[0.027 -0.015 0.000]  certified=4 uncertified=0  delta=0.0000  gamma=5.000(fixed)  feasible=1
[autopilot_sv_cbf_rate_node-3] [INFO] [1788157177.301183903] [uav_0.autopilot_sv_cbf_rate_node]: goal_waypoint received: [0.000, 5.500, 1.500] (overrides waypoint_x/y/z params)
[autopilot_sv_cbf_rate_node-3] [INFO] [1788157177.401368782] [uav_0.autopilot_sv_cbf_rate_node]: goal_waypoint received: [0.000, 5.500, 1.500] (overrides waypoint_x/y/z params)
[autopilot_sv_cbf_rate_node-3] [INFO] [1788157177.501184066] [uav_0.autopilot_sv_cbf_rate_node]: goal_waypoint received: [0.000, 5.500, 1.500] (overrides waypoint_x/y/z params)
[autopilot_sv_cbf_rate_node-3] [INFO] [1788157177.601194447] [uav_0.autopilot_sv_cbf_rate_node]: goal_waypoint received: [0.000, 5.500, 1.500] (overrides waypoint_x/y/z params)
[autopilot_sv_cbf_rate_node-3] [INFO] [1788157177.701198729] [uav_0.autopilot_sv_cbf_rate_node]: goal_waypoint received: [0.000, 5.500, 1.500] (overrides waypoint_x/y/z params)
[autopilot_sv_cbf_rate_node-3] [INFO] [1788157177.801279209] [uav_0.autopilot_sv_cbf_rate_node]: goal_waypoint received: [0.000, 5.500, 1.500] (overrides waypoint_x/y/z params)
[autopilot_sv_cbf_rate_node-3] [INFO] [1788157177.901166392] [uav_0.autopilot_sv_cbf_rate_node]: goal_waypoint received: [0.000, 5.500, 1.500] (overrides waypoint_x/y/z params)
[autopilot_sv_cbf_rate_node-3] [INFO] [1788157178.001168674] [uav_0.autopilot_sv_cbf_rate_node]: goal_waypoint received: [0.000, 5.500, 1.500] (overrides waypoint_x/y/z params)
[autopilot_sv_cbf_rate_node-3] [INFO] [1788157178.101276756] [uav_0.autopilot_sv_cbf_rate_node]: goal_waypoint received: [0.000, 5.500, 1.500] (overrides waypoint_x/y/z params)
[autopilot_sv_cbf_rate_node-3] [INFO] [1788157178.201257621] [uav_0.autopilot_sv_cbf_rate_node]: goal_waypoint received: [0.000, 5.500, 1.500] (overrides waypoint_x/y/z params)
[autopilot_sv_cbf_rate_node-3] [INFO] [1788157178.253292869] [uav_0.autopilot_sv_cbf_rate_node]: pos=[0.01 5.54 1.48]  T=23.022N  omega=[-0.011 0.007 0.000]  certified=4 uncertified=0  delta=0.0000  gamma=5.000(fixed)  feasible=1
[autopilot_sv_cbf_rate_node-3] [INFO] [1788157178.301165461] [uav_0.autopilot_sv_cbf_rate_node]: goal_waypoint received: [0.000, 5.500, 1.500] (overrides waypoint_x/y/z params)
[autopilot_sv_cbf_rate_node-3] [INFO] [1788157178.401389797] [uav_0.autopilot_sv_cbf_rate_node]: goal_waypoint received: [0.000, 5.500, 1.500] (overrides waypoint_x/y/z params)
[autopilot_sv_cbf_rate_node-3] [INFO] [1788157178.501193038] [uav_0.autopilot_sv_cbf_rate_node]: goal_waypoint received: [0.000, 5.500, 1.500] (overrides waypoint_x/y/z params)
[autopilot_sv_cbf_rate_node-3] [INFO] [1788157178.601242275] [uav_0.autopilot_sv_cbf_rate_node]: goal_waypoint received: [0.000, 5.500, 1.500] (overrides waypoint_x/y/z params)
[autopilot_sv_cbf_rate_node-3] [INFO] [1788157178.701202914] [uav_0.autopilot_sv_cbf_rate_node]: goal_waypoint received: [0.000, 5.500, 1.500] (overrides waypoint_x/y/z params)
[autopilot_sv_cbf_rate_node-3] [INFO] [1788157178.801682448] [uav_0.autopilot_sv_cbf_rate_node]: goal_waypoint received: [0.000, 5.500, 1.500] (overrides waypoint_x/y/z params)
[autopilot_sv_cbf_rate_node-3] [INFO] [1788157178.901382290] [uav_0.autopilot_sv_cbf_rate_node]: goal_waypoint received: [0.000, 5.500, 1.500] (overrides waypoint_x/y/z params)
[autopilot_sv_cbf_rate_node-3] [INFO] [1788157179.001220630] [uav_0.autopilot_sv_cbf_rate_node]: goal_waypoint received: [0.000, 5.500, 1.500] (overrides waypoint_x/y/z params)
[autopilot_sv_cbf_rate_node-3] [INFO] [1788157179.101232271] [uav_0.autopilot_sv_cbf_rate_node]: goal_waypoint received: [0.000, 5.500, 1.500] (overrides waypoint_x/y/z params)
[autopilot_sv_cbf_rate_node-3] [INFO] [1788157179.201198112] [uav_0.autopilot_sv_cbf_rate_node]: goal_waypoint received: [0.000, 5.500, 1.500] (overrides waypoint_x/y/z params)
[autopilot_sv_cbf_rate_node-3] [INFO] [1788157179.253287260] [uav_0.autopilot_sv_cbf_rate_node]: pos=[-0.02 5.54 1.50]  T=22.922N  omega=[-0.021 -0.006 0.000]  certified=4 uncertified=0  delta=0.0000  gamma=5.000(fixed)  feasible=1
[autopilot_sv_cbf_rate_node-3] [INFO] [1788157179.301168953] [uav_0.autopilot_sv_cbf_rate_node]: goal_waypoint received: [0.000, 5.500, 1.500] (overrides waypoint_x/y/z params)
[autopilot_sv_cbf_rate_node-3] [INFO] [1788157179.401444792] [uav_0.autopilot_sv_cbf_rate_node]: goal_waypoint received: [0.000, 5.500, 1.500] (overrides waypoint_x/y/z params)
[autopilot_sv_cbf_rate_node-3] [INFO] [1788157179.501164336] [uav_0.autopilot_sv_cbf_rate_node]: goal_waypoint received: [0.000, 5.500, 1.500] (overrides waypoint_x/y/z params)
[autopilot_sv_cbf_rate_node-3] [INFO] [1788157179.601242076] [uav_0.autopilot_sv_cbf_rate_node]: goal_waypoint received: [0.000, 5.500, 1.500] (overrides waypoint_x/y/z params)
[autopilot_sv_cbf_rate_node-3] [INFO] [1788157179.701166818] [uav_0.autopilot_sv_cbf_rate_node]: goal_waypoint received: [0.000, 5.500, 1.500] (overrides waypoint_x/y/z params)
[autopilot_sv_cbf_rate_node-3] [INFO] [1788157179.801295057] [uav_0.autopilot_sv_cbf_rate_node]: goal_waypoint received: [0.000, 5.500, 1.500] (overrides waypoint_x/y/z params)
[autopilot_sv_cbf_rate_node-3] [INFO] [1788157179.901196100] [uav_0.autopilot_sv_cbf_rate_node]: goal_waypoint received: [0.000, 5.500, 1.500] (overrides waypoint_x/y/z params)
[autopilot_sv_cbf_rate_node-3] [INFO] [1788157180.001206841] [uav_0.autopilot_sv_cbf_rate_node]: goal_waypoint received: [0.000, 5.500, 1.500] (overrides waypoint_x/y/z params)
[autopilot_sv_cbf_rate_node-3] [INFO] [1788157180.101208184] [uav_0.autopilot_sv_cbf_rate_node]: goal_waypoint received: [0.000, 5.500, 1.500] (overrides waypoint_x/y/z params)
[autopilot_sv_cbf_rate_node-3] [INFO] [1788157180.201152728] [uav_0.autopilot_sv_cbf_rate_node]: goal_waypoint received: [0.000, 5.500, 1.500] (overrides waypoint_x/y/z params)
[autopilot_sv_cbf_rate_node-3] [INFO] [1788157180.253303677] [uav_0.autopilot_sv_cbf_rate_node]: pos=[0.01 5.50 1.50]  T=22.976N  omega=[0.004 0.004 0.000]  certified=4 uncertified=0  delta=0.0000  gamma=5.000(fixed)  feasible=1
[autopilot_sv_cbf_rate_node-3] [INFO] [1788157180.301214871] [uav_0.autopilot_sv_cbf_rate_node]: goal_waypoint received: [0.000, 5.500, 1.500] (overrides waypoint_x/y/z params)
[autopilot_sv_cbf_rate_node-3] [INFO] [1788157180.401429713] [uav_0.autopilot_sv_cbf_rate_node]: goal_waypoint received: [0.000, 5.500, 1.500] (overrides waypoint_x/y/z params)
[autopilot_sv_cbf_rate_node-3] [INFO] [1788157180.501198559] [uav_0.autopilot_sv_cbf_rate_node]: goal_waypoint received: [0.000, 5.500, 1.500] (overrides waypoint_x/y/z params)
[autopilot_sv_cbf_rate_node-3] [INFO] [1788157180.601376900] [uav_0.autopilot_sv_cbf_rate_node]: goal_waypoint received: [0.000, 5.500, 1.500] (overrides waypoint_x/y/z params)
[autopilot_sv_cbf_rate_node-3] [INFO] [1788157180.701232746] [uav_0.autopilot_sv_cbf_rate_node]: goal_waypoint received: [0.000, 5.500, 1.500] (overrides waypoint_x/y/z params)
[autopilot_sv_cbf_rate_node-3] [INFO] [1788157180.801247289] [uav_0.autopilot_sv_cbf_rate_node]: goal_waypoint received: [0.000, 5.500, 1.500] (overrides waypoint_x/y/z params)
[autopilot_sv_cbf_rate_node-3] [INFO] [1788157180.901423831] [uav_0.autopilot_sv_cbf_rate_node]: goal_waypoint received: [0.000, 5.500, 1.500] (overrides waypoint_x/y/z params)
[autopilot_sv_cbf_rate_node-3] [INFO] [1788157181.001198977] [uav_0.autopilot_sv_cbf_rate_node]: goal_waypoint received: [0.000, 5.500, 1.500] (overrides waypoint_x/y/z params)
[autopilot_sv_cbf_rate_node-3] [INFO] [1788157181.101336621] [uav_0.autopilot_sv_cbf_rate_node]: goal_waypoint received: [0.000, 5.500, 1.500] (overrides waypoint_x/y/z params)
[autopilot_sv_cbf_rate_node-3] [INFO] [1788157181.201236269] [uav_0.autopilot_sv_cbf_rate_node]: goal_waypoint received: [0.000, 5.500, 1.500] (overrides waypoint_x/y/z params)
[autopilot_sv_cbf_rate_node-3] [INFO] [1788157181.253272320] [uav_0.autopilot_sv_cbf_rate_node]: pos=[0.00 5.49 1.48]  T=23.057N  omega=[0.002 0.016 0.000]  certified=4 uncertified=0  delta=0.0000  gamma=5.000(fixed)  feasible=1
[autopilot_sv_cbf_rate_node-3] [INFO] [1788157181.301218415] [uav_0.autopilot_sv_cbf_rate_node]: goal_waypoint received: [0.000, 5.500, 1.500] (overrides waypoint_x/y/z params)
[autopilot_sv_cbf_rate_node-3] [INFO] [1788157181.401304360] [uav_0.autopilot_sv_cbf_rate_node]: goal_waypoint received: [0.000, 5.500, 1.500] (overrides waypoint_x/y/z params)
[autopilot_sv_cbf_rate_node-3] [INFO] [1788157181.501156808] [uav_0.autopilot_sv_cbf_rate_node]: goal_waypoint received: [0.000, 5.500, 1.500] (overrides waypoint_x/y/z params)
[autopilot_sv_cbf_rate_node-3] [INFO] [1788157181.601398020] [uav_0.autopilot_sv_cbf_rate_node]: goal_waypoint received: [0.000, 5.500, 1.500] (overrides waypoint_x/y/z params)
[autopilot_sv_cbf_rate_node-3] [INFO] [1788157181.701182372] [uav_0.autopilot_sv_cbf_rate_node]: goal_waypoint received: [0.000, 5.500, 1.500] (overrides waypoint_x/y/z params)
[autopilot_sv_cbf_rate_node-3] [INFO] [1788157181.801212322] [uav_0.autopilot_sv_cbf_rate_node]: goal_waypoint received: [0.000, 5.500, 1.500] (overrides waypoint_x/y/z params)
[autopilot_sv_cbf_rate_node-3] [INFO] [1788157181.901174572] [uav_0.autopilot_sv_cbf_rate_node]: goal_waypoint received: [0.000, 5.500, 1.500] (overrides waypoint_x/y/z params)
[autopilot_sv_cbf_rate_node-3] [INFO] [1788157182.001286421] [uav_0.autopilot_sv_cbf_rate_node]: goal_waypoint received: [0.000, 5.500, 1.500] (overrides waypoint_x/y/z params)
[autopilot_sv_cbf_rate_node-3] [INFO] [1788157182.101267373] [uav_0.autopilot_sv_cbf_rate_node]: goal_waypoint received: [0.000, 5.500, 1.500] (overrides waypoint_x/y/z params)
[autopilot_sv_cbf_rate_node-3] [INFO] [1788157182.201214626] [uav_0.autopilot_sv_cbf_rate_node]: goal_waypoint received: [0.000, 5.500, 1.500] (overrides waypoint_x/y/z params)
[autopilot_sv_cbf_rate_node-3] [INFO] [1788157182.253252629] [uav_0.autopilot_sv_cbf_rate_node]: pos=[-0.00 5.49 1.48]  T=23.023N  omega=[0.007 0.004 0.000]  certified=4 uncertified=0  delta=0.0000  gamma=5.000(fixed)  feasible=1
[autopilot_sv_cbf_rate_node-3] [INFO] [1788157182.301228379] [uav_0.autopilot_sv_cbf_rate_node]: goal_waypoint received: [0.000, 5.500, 1.500] (overrides waypoint_x/y/z params)
[autopilot_sv_cbf_rate_node-3] [INFO] [1788157182.401258131] [uav_0.autopilot_sv_cbf_rate_node]: goal_waypoint received: [0.000, 5.500, 1.500] (overrides waypoint_x/y/z params)
[autopilot_sv_cbf_rate_node-3] [INFO] [1788157182.501222184] [uav_0.autopilot_sv_cbf_rate_node]: goal_waypoint received: [0.000, 5.500, 1.500] (overrides waypoint_x/y/z params)
[autopilot_sv_cbf_rate_node-3] [INFO] [1788157182.601171337] [uav_0.autopilot_sv_cbf_rate_node]: goal_waypoint received: [0.000, 5.500, 1.500] (overrides waypoint_x/y/z params)
[autopilot_sv_cbf_rate_node-3] [INFO] [1788157182.701157989] [uav_0.autopilot_sv_cbf_rate_node]: goal_waypoint received: [0.000, 5.500, 1.500] (overrides waypoint_x/y/z params)
[autopilot_sv_cbf_rate_node-3] [INFO] [1788157182.801180342] [uav_0.autopilot_sv_cbf_rate_node]: goal_waypoint received: [0.000, 5.500, 1.500] (overrides waypoint_x/y/z params)
[autopilot_sv_cbf_rate_node-3] [INFO] [1788157182.901469191] [uav_0.autopilot_sv_cbf_rate_node]: goal_waypoint received: [0.000, 5.500, 1.500] (overrides waypoint_x/y/z params)
[autopilot_sv_cbf_rate_node-3] [INFO] [1788157183.001436244] [uav_0.autopilot_sv_cbf_rate_node]: goal_waypoint received: [0.000, 5.500, 1.500] (overrides waypoint_x/y/z params)
[autopilot_sv_cbf_rate_node-3] [INFO] [1788157183.101241001] [uav_0.autopilot_sv_cbf_rate_node]: goal_waypoint received: [0.000, 5.500, 1.500] (overrides waypoint_x/y/z params)
[autopilot_sv_cbf_rate_node-3] [INFO] [1788157183.201317755] [uav_0.autopilot_sv_cbf_rate_node]: goal_waypoint received: [0.000, 5.500, 1.500] (overrides waypoint_x/y/z params)
[autopilot_sv_cbf_rate_node-3] [INFO] [1788157183.253255360] [uav_0.autopilot_sv_cbf_rate_node]: pos=[0.01 5.53 1.48]  T=22.938N  omega=[-0.011 -0.004 0.000]  certified=4 uncertified=0  delta=0.0000  gamma=5.000(fixed)  feasible=1
[autopilot_sv_cbf_rate_node-3] [INFO] [1788157183.301254811] [uav_0.autopilot_sv_cbf_rate_node]: goal_waypoint received: [0.000, 5.500, 1.500] (overrides waypoint_x/y/z params)
[autopilot_sv_cbf_rate_node-3] [INFO] [1788157183.401301665] [uav_0.autopilot_sv_cbf_rate_node]: goal_waypoint received: [0.000, 5.500, 1.500] (overrides waypoint_x/y/z params)
[autopilot_sv_cbf_rate_node-3] [INFO] [1788157183.501263221] [uav_0.autopilot_sv_cbf_rate_node]: goal_waypoint received: [0.000, 5.500, 1.500] (overrides waypoint_x/y/z params)
[autopilot_sv_cbf_rate_node-3] [INFO] [1788157183.601152377] [uav_0.autopilot_sv_cbf_rate_node]: goal_waypoint received: [0.000, 5.500, 1.500] (overrides waypoint_x/y/z params)
[autopilot_sv_cbf_rate_node-3] [INFO] [1788157183.701268731] [uav_0.autopilot_sv_cbf_rate_node]: goal_waypoint received: [0.000, 5.500, 1.500] (overrides waypoint_x/y/z params)
[autopilot_sv_cbf_rate_node-3] [INFO] [1788157183.801150387] [uav_0.autopilot_sv_cbf_rate_node]: goal_waypoint received: [0.000, 5.500, 1.500] (overrides waypoint_x/y/z params)
[autopilot_sv_cbf_rate_node-3] [INFO] [1788157183.901180642] [uav_0.autopilot_sv_cbf_rate_node]: goal_waypoint received: [0.000, 5.500, 1.500] (overrides waypoint_x/y/z params)
[autopilot_sv_cbf_rate_node-3] [INFO] [1788157184.001195197] [uav_0.autopilot_sv_cbf_rate_node]: goal_waypoint received: [0.000, 5.500, 1.500] (overrides waypoint_x/y/z params)
[autopilot_sv_cbf_rate_node-3] [INFO] [1788157184.101223254] [uav_0.autopilot_sv_cbf_rate_node]: goal_waypoint received: [0.000, 5.500, 1.500] (overrides waypoint_x/y/z params)
[autopilot_sv_cbf_rate_node-3] [INFO] [1788157184.201222411] [uav_0.autopilot_sv_cbf_rate_node]: goal_waypoint received: [0.000, 5.500, 1.500] (overrides waypoint_x/y/z params)
[autopilot_sv_cbf_rate_node-3] [INFO] [1788157184.253283617] [uav_0.autopilot_sv_cbf_rate_node]: pos=[0.00 5.52 1.50]  T=22.936N  omega=[0.008 0.001 0.000]  certified=4 uncertified=0  delta=0.0000  gamma=5.000(fixed)  feasible=1
[autopilot_sv_cbf_rate_node-3] [INFO] [1788157184.301208069] [uav_0.autopilot_sv_cbf_rate_node]: goal_waypoint received: [0.000, 5.500, 1.500] (overrides waypoint_x/y/z params)
[autopilot_sv_cbf_rate_node-3] [INFO] [1788157184.401196327] [uav_0.autopilot_sv_cbf_rate_node]: goal_waypoint received: [0.000, 5.500, 1.500] (overrides waypoint_x/y/z params)
[autopilot_sv_cbf_rate_node-3] [INFO] [1788157184.501215284] [uav_0.autopilot_sv_cbf_rate_node]: goal_waypoint received: [0.000, 5.500, 1.500] (overrides waypoint_x/y/z params)
[autopilot_sv_cbf_rate_node-3] [INFO] [1788157184.601245241] [uav_0.autopilot_sv_cbf_rate_node]: goal_waypoint received: [0.000, 5.500, 1.500] (overrides waypoint_x/y/z params)
[autopilot_sv_cbf_rate_node-3] [INFO] [1788157184.701168700] [uav_0.autopilot_sv_cbf_rate_node]: goal_waypoint received: [0.000, 5.500, 1.500] (overrides waypoint_x/y/z params)
[autopilot_sv_cbf_rate_node-3] [INFO] [1788157184.801269156] [uav_0.autopilot_sv_cbf_rate_node]: goal_waypoint received: [0.000, 5.500, 1.500] (overrides waypoint_x/y/z params)
[autopilot_sv_cbf_rate_node-3] [INFO] [1788157184.901258514] [uav_0.autopilot_sv_cbf_rate_node]: goal_waypoint received: [0.000, 5.500, 1.500] (overrides waypoint_x/y/z params)
[autopilot_sv_cbf_rate_node-3] [INFO] [1788157185.001483469] [uav_0.autopilot_sv_cbf_rate_node]: goal_waypoint received: [0.000, 5.500, 1.500] (overrides waypoint_x/y/z params)
[autopilot_sv_cbf_rate_node-3] [INFO] [1788157185.101366730] [uav_0.autopilot_sv_cbf_rate_node]: goal_waypoint received: [0.000, 5.500, 1.500] (overrides waypoint_x/y/z params)
[autopilot_sv_cbf_rate_node-3] [INFO] [1788157185.201314791] [uav_0.autopilot_sv_cbf_rate_node]: goal_waypoint received: [0.000, 5.500, 1.500] (overrides waypoint_x/y/z params)
[autopilot_sv_cbf_rate_node-3] [INFO] [1788157185.253251199] [uav_0.autopilot_sv_cbf_rate_node]: pos=[-0.00 5.51 1.50]  T=22.971N  omega=[-0.009 0.004 0.000]  certified=4 uncertified=0  delta=0.0000  gamma=5.000(fixed)  feasible=1
[autopilot_sv_cbf_rate_node-3] [INFO] [1788157185.301306451] [uav_0.autopilot_sv_cbf_rate_node]: goal_waypoint received: [0.000, 5.500, 1.500] (overrides waypoint_x/y/z params)
[autopilot_sv_cbf_rate_node-3] [INFO] [1788157185.401349311] [uav_0.autopilot_sv_cbf_rate_node]: goal_waypoint received: [0.000, 5.500, 1.500] (overrides waypoint_x/y/z params)
[autopilot_sv_cbf_rate_node-3] [INFO] [1788157185.501286971] [uav_0.autopilot_sv_cbf_rate_node]: goal_waypoint received: [0.000, 5.500, 1.500] (overrides waypoint_x/y/z params)
[autopilot_sv_cbf_rate_node-3] [INFO] [1788157185.601211832] [uav_0.autopilot_sv_cbf_rate_node]: goal_waypoint received: [0.000, 5.500, 1.500] (overrides waypoint_x/y/z params)
[autopilot_sv_cbf_rate_node-3] [INFO] [1788157185.701155493] [uav_0.autopilot_sv_cbf_rate_node]: goal_waypoint received: [0.000, 5.500, 1.500] (overrides waypoint_x/y/z params)
[autopilot_sv_cbf_rate_node-3] [INFO] [1788157185.801262952] [uav_0.autopilot_sv_cbf_rate_node]: goal_waypoint received: [0.000, 5.500, 1.500] (overrides waypoint_x/y/z params)
[autopilot_sv_cbf_rate_node-3] [INFO] [1788157185.901175213] [uav_0.autopilot_sv_cbf_rate_node]: goal_waypoint received: [0.000, 5.500, 1.500] (overrides waypoint_x/y/z params)
[autopilot_sv_cbf_rate_node-3] [INFO] [1788157186.001235572] [uav_0.autopilot_sv_cbf_rate_node]: goal_waypoint received: [0.000, 5.500, 1.500] (overrides waypoint_x/y/z params)
[autopilot_sv_cbf_rate_node-3] [INFO] [1788157186.101185336] [uav_0.autopilot_sv_cbf_rate_node]: goal_waypoint received: [0.000, 5.500, 1.500] (overrides waypoint_x/y/z params)
[autopilot_sv_cbf_rate_node-3] [INFO] [1788157186.201251497] [uav_0.autopilot_sv_cbf_rate_node]: goal_waypoint received: [0.000, 5.500, 1.500] (overrides waypoint_x/y/z params)
[autopilot_sv_cbf_rate_node-3] [INFO] [1788157186.253239606] [uav_0.autopilot_sv_cbf_rate_node]: pos=[-0.01 5.52 1.49]  T=23.059N  omega=[-0.002 -0.010 0.000]  certified=4 uncertified=0  delta=0.0000  gamma=5.000(fixed)  feasible=1
[autopilot_sv_cbf_rate_node-3] [INFO] [1788157186.301190761] [uav_0.autopilot_sv_cbf_rate_node]: goal_waypoint received: [0.000, 5.500, 1.500] (overrides waypoint_x/y/z params)
[autopilot_sv_cbf_rate_node-3] [INFO] [1788157186.401166124] [uav_0.autopilot_sv_cbf_rate_node]: goal_waypoint received: [0.000, 5.500, 1.500] (overrides waypoint_x/y/z params)
[autopilot_sv_cbf_rate_node-3] [INFO] [1788157186.501243485] [uav_0.autopilot_sv_cbf_rate_node]: goal_waypoint received: [0.000, 5.500, 1.500] (overrides waypoint_x/y/z params)
[autopilot_sv_cbf_rate_node-3] [INFO] [1788157186.601193649] [uav_0.autopilot_sv_cbf_rate_node]: goal_waypoint received: [0.000, 5.500, 1.500] (overrides waypoint_x/y/z params)
[autopilot_sv_cbf_rate_node-3] [INFO] [1788157186.701254211] [uav_0.autopilot_sv_cbf_rate_node]: goal_waypoint received: [0.000, 5.500, 1.500] (overrides waypoint_x/y/z params)
[autopilot_sv_cbf_rate_node-3] [INFO] [1788157186.801207674] [uav_0.autopilot_sv_cbf_rate_node]: goal_waypoint received: [0.000, 5.500, 1.500] (overrides waypoint_x/y/z params)
[autopilot_sv_cbf_rate_node-3] [INFO] [1788157186.901191237] [uav_0.autopilot_sv_cbf_rate_node]: goal_waypoint received: [0.000, 5.500, 1.500] (overrides waypoint_x/y/z params)
[autopilot_sv_cbf_rate_node-3] [INFO] [1788157187.001249798] [uav_0.autopilot_sv_cbf_rate_node]: goal_waypoint received: [0.000, 5.500, 1.500] (overrides waypoint_x/y/z params)
[autopilot_sv_cbf_rate_node-3] [INFO] [1788157187.101217364] [uav_0.autopilot_sv_cbf_rate_node]: goal_waypoint received: [0.000, 5.500, 1.500] (overrides waypoint_x/y/z params)
[autopilot_sv_cbf_rate_node-3] [INFO] [1788157187.201311828] [uav_0.autopilot_sv_cbf_rate_node]: goal_waypoint received: [0.000, 5.500, 1.500] (overrides waypoint_x/y/z params)
[autopilot_sv_cbf_rate_node-3] [INFO] [1788157187.253247939] [uav_0.autopilot_sv_cbf_rate_node]: pos=[-0.01 5.53 1.49]  T=22.986N  omega=[-0.012 -0.005 0.000]  certified=4 uncertified=0  delta=0.0000  gamma=5.000(fixed)  feasible=1
[autopilot_sv_cbf_rate_node-3] [INFO] [1788157187.301345993] [uav_0.autopilot_sv_cbf_rate_node]: goal_waypoint received: [0.000, 5.500, 1.500] (overrides waypoint_x/y/z params)
[autopilot_sv_cbf_rate_node-3] [INFO] [1788157187.401228759] [uav_0.autopilot_sv_cbf_rate_node]: goal_waypoint received: [0.000, 5.500, 1.500] (overrides waypoint_x/y/z params)
[autopilot_sv_cbf_rate_node-3] [INFO] [1788157187.501228124] [uav_0.autopilot_sv_cbf_rate_node]: goal_waypoint received: [0.000, 5.500, 1.500] (overrides waypoint_x/y/z params)
[autopilot_sv_cbf_rate_node-3] [INFO] [1788157187.601169790] [uav_0.autopilot_sv_cbf_rate_node]: goal_waypoint received: [0.000, 5.500, 1.500] (overrides waypoint_x/y/z params)
[autopilot_sv_cbf_rate_node-3] [INFO] [1788157187.701160055] [uav_0.autopilot_sv_cbf_rate_node]: goal_waypoint received: [0.000, 5.500, 1.500] (overrides waypoint_x/y/z params)
[autopilot_sv_cbf_rate_node-3] [INFO] [1788157187.801210620] [uav_0.autopilot_sv_cbf_rate_node]: goal_waypoint received: [0.000, 5.500, 1.500] (overrides waypoint_x/y/z params)
[autopilot_sv_cbf_rate_node-3] [INFO] [1788157187.901226585] [uav_0.autopilot_sv_cbf_rate_node]: goal_waypoint received: [0.000, 5.500, 1.500] (overrides waypoint_x/y/z params)
[autopilot_sv_cbf_rate_node-3] [INFO] [1788157188.001150351] [uav_0.autopilot_sv_cbf_rate_node]: goal_waypoint received: [0.000, 5.500, 1.500] (overrides waypoint_x/y/z params)
[autopilot_sv_cbf_rate_node-3] [INFO] [1788157188.101219118] [uav_0.autopilot_sv_cbf_rate_node]: goal_waypoint received: [0.000, 5.500, 1.500] (overrides waypoint_x/y/z params)
[autopilot_sv_cbf_rate_node-3] [INFO] [1788157188.201178886] [uav_0.autopilot_sv_cbf_rate_node]: goal_waypoint received: [0.000, 5.500, 1.500] (overrides waypoint_x/y/z params)
[autopilot_sv_cbf_rate_node-3] [INFO] [1788157188.253192297] [uav_0.autopilot_sv_cbf_rate_node]: pos=[-0.00 5.53 1.50]  T=22.971N  omega=[0.000 -0.012 0.000]  certified=4 uncertified=0  delta=0.0000  gamma=5.000(fixed)  feasible=1
[autopilot_sv_cbf_rate_node-3] [INFO] [1788157188.301210153] [uav_0.autopilot_sv_cbf_rate_node]: goal_waypoint received: [0.000, 5.500, 1.500] (overrides waypoint_x/y/z params)
[autopilot_sv_cbf_rate_node-3] [INFO] [1788157188.401247520] [uav_0.autopilot_sv_cbf_rate_node]: goal_waypoint received: [0.000, 5.500, 1.500] (overrides waypoint_x/y/z params)
[autopilot_sv_cbf_rate_node-3] [INFO] [1788157188.501148389] [uav_0.autopilot_sv_cbf_rate_node]: goal_waypoint received: [0.000, 5.500, 1.500] (overrides waypoint_x/y/z params)
[autopilot_sv_cbf_rate_node-3] [INFO] [1788157188.601236056] [uav_0.autopilot_sv_cbf_rate_node]: goal_waypoint received: [0.000, 5.500, 1.500] (overrides waypoint_x/y/z params)
[autopilot_sv_cbf_rate_node-3] [INFO] [1788157188.701239923] [uav_0.autopilot_sv_cbf_rate_node]: goal_waypoint received: [0.000, 5.500, 1.500] (overrides waypoint_x/y/z params)
[autopilot_sv_cbf_rate_node-3] [INFO] [1788157188.801223491] [uav_0.autopilot_sv_cbf_rate_node]: goal_waypoint received: [0.000, 5.500, 1.500] (overrides waypoint_x/y/z params)
[autopilot_sv_cbf_rate_node-3] [INFO] [1788157188.901269658] [uav_0.autopilot_sv_cbf_rate_node]: goal_waypoint received: [0.000, 5.500, 1.500] (overrides waypoint_x/y/z params)
[autopilot_sv_cbf_rate_node-3] [INFO] [1788157189.001202027] [uav_0.autopilot_sv_cbf_rate_node]: goal_waypoint received: [0.000, 5.500, 1.500] (overrides waypoint_x/y/z params)
[autopilot_sv_cbf_rate_node-3] [INFO] [1788157189.101322196] [uav_0.autopilot_sv_cbf_rate_node]: goal_waypoint received: [0.000, 5.500, 1.500] (overrides waypoint_x/y/z params)
[autopilot_sv_cbf_rate_node-3] [INFO] [1788157189.201194467] [uav_0.autopilot_sv_cbf_rate_node]: goal_waypoint received: [0.000, 5.500, 1.500] (overrides waypoint_x/y/z params)
[autopilot_sv_cbf_rate_node-3] [INFO] [1788157189.253204180] [uav_0.autopilot_sv_cbf_rate_node]: pos=[0.03 5.53 1.49]  T=23.032N  omega=[0.000 0.009 0.000]  certified=4 uncertified=0  delta=0.0000  gamma=5.000(fixed)  feasible=1
[autopilot_sv_cbf_rate_node-3] [INFO] [1788157189.301201637] [uav_0.autopilot_sv_cbf_rate_node]: goal_waypoint received: [0.000, 5.500, 1.500] (overrides waypoint_x/y/z params)
[autopilot_sv_cbf_rate_node-3] [INFO] [1788157189.401530004] [uav_0.autopilot_sv_cbf_rate_node]: goal_waypoint received: [0.000, 5.500, 1.500] (overrides waypoint_x/y/z params)
[autopilot_sv_cbf_rate_node-3] [INFO] [1788157189.501321976] [uav_0.autopilot_sv_cbf_rate_node]: goal_waypoint received: [0.000, 5.500, 1.500] (overrides waypoint_x/y/z params)
[autopilot_sv_cbf_rate_node-3] [INFO] [1788157189.601357527] [uav_0.autopilot_sv_cbf_rate_node]: goal_waypoint received: [0.000, 5.500, 1.500] (overrides waypoint_x/y/z params)
[autopilot_sv_cbf_rate_node-3] [INFO] [1788157189.701364010] [uav_0.autopilot_sv_cbf_rate_node]: goal_waypoint received: [0.000, 5.500, 1.500] (overrides waypoint_x/y/z params)
[autopilot_sv_cbf_rate_node-3] [INFO] [1788157189.801228895] [uav_0.autopilot_sv_cbf_rate_node]: goal_waypoint received: [0.000, 5.500, 1.500] (overrides waypoint_x/y/z params)
[autopilot_sv_cbf_rate_node-3] [INFO] [1788157189.901217279] [uav_0.autopilot_sv_cbf_rate_node]: goal_waypoint received: [0.000, 5.500, 1.500] (overrides waypoint_x/y/z params)
[autopilot_sv_cbf_rate_node-3] [INFO] [1788157190.001335361] [uav_0.autopilot_sv_cbf_rate_node]: goal_waypoint received: [0.000, 5.500, 1.500] (overrides waypoint_x/y/z params)
[autopilot_sv_cbf_rate_node-3] [INFO] [1788157190.101182049] [uav_0.autopilot_sv_cbf_rate_node]: goal_waypoint received: [0.000, 5.500, 1.500] (overrides waypoint_x/y/z params)
[autopilot_sv_cbf_rate_node-3] [INFO] [1788157190.201177935] [uav_0.autopilot_sv_cbf_rate_node]: goal_waypoint received: [0.000, 5.500, 1.500] (overrides waypoint_x/y/z params)
[autopilot_sv_cbf_rate_node-3] [INFO] [1788157190.253213204] [uav_0.autopilot_sv_cbf_rate_node]: pos=[0.00 5.52 1.49]  T=22.969N  omega=[0.002 0.005 0.000]  certified=4 uncertified=0  delta=0.0000  gamma=5.000(fixed)  feasible=1
[autopilot_sv_cbf_rate_node-3] [INFO] [1788157190.301252020] [uav_0.autopilot_sv_cbf_rate_node]: goal_waypoint received: [0.000, 5.500, 1.500] (overrides waypoint_x/y/z params)
[autopilot_sv_cbf_rate_node-3] [INFO] [1788157190.401280206] [uav_0.autopilot_sv_cbf_rate_node]: goal_waypoint received: [0.000, 5.500, 1.500] (overrides waypoint_x/y/z params)
[autopilot_sv_cbf_rate_node-3] [INFO] [1788157190.501215393] [uav_0.autopilot_sv_cbf_rate_node]: goal_waypoint received: [0.000, 5.500, 1.500] (overrides waypoint_x/y/z params)
[autopilot_sv_cbf_rate_node-3] [INFO] [1788157190.601226079] [uav_0.autopilot_sv_cbf_rate_node]: goal_waypoint received: [0.000, 5.500, 1.500] (overrides waypoint_x/y/z params)
[autopilot_sv_cbf_rate_node-3] [INFO] [1788157190.701283864] [uav_0.autopilot_sv_cbf_rate_node]: goal_waypoint received: [0.000, 5.500, 1.500] (overrides waypoint_x/y/z params)
[autopilot_sv_cbf_rate_node-3] [INFO] [1788157190.801175652] [uav_0.autopilot_sv_cbf_rate_node]: goal_waypoint received: [0.000, 5.500, 1.500] (overrides waypoint_x/y/z params)
[autopilot_sv_cbf_rate_node-3] [INFO] [1788157190.901251637] [uav_0.autopilot_sv_cbf_rate_node]: goal_waypoint received: [0.000, 5.500, 1.500] (overrides waypoint_x/y/z params)
[autopilot_sv_cbf_rate_node-3] [INFO] [1788157191.001208624] [uav_0.autopilot_sv_cbf_rate_node]: goal_waypoint received: [0.000, 5.500, 1.500] (overrides waypoint_x/y/z params)
[autopilot_sv_cbf_rate_node-3] [INFO] [1788157191.101252712] [uav_0.autopilot_sv_cbf_rate_node]: goal_waypoint received: [0.000, 5.500, 1.500] (overrides waypoint_x/y/z params)
[autopilot_sv_cbf_rate_node-3] [INFO] [1788157191.201204901] [uav_0.autopilot_sv_cbf_rate_node]: goal_waypoint received: [0.000, 5.500, 1.500] (overrides waypoint_x/y/z params)
[autopilot_sv_cbf_rate_node-3] [INFO] [1788157191.253204271] [uav_0.autopilot_sv_cbf_rate_node]: pos=[-0.01 5.50 1.51]  T=22.952N  omega=[0.002 -0.006 0.000]  certified=4 uncertified=0  delta=0.0000  gamma=5.000(fixed)  feasible=1
[autopilot_sv_cbf_rate_node-3] [INFO] [1788157191.301202789] [uav_0.autopilot_sv_cbf_rate_node]: goal_waypoint received: [0.000, 5.500, 1.500] (overrides waypoint_x/y/z params)
[autopilot_sv_cbf_rate_node-3] [INFO] [1788157191.401234978] [uav_0.autopilot_sv_cbf_rate_node]: goal_waypoint received: [0.000, 5.500, 1.500] (overrides waypoint_x/y/z params)
[autopilot_sv_cbf_rate_node-3] [INFO] [1788157191.501238166] [uav_0.autopilot_sv_cbf_rate_node]: goal_waypoint received: [0.000, 5.500, 1.500] (overrides waypoint_x/y/z params)
[autopilot_sv_cbf_rate_node-3] [INFO] [1788157191.601423552] [uav_0.autopilot_sv_cbf_rate_node]: goal_waypoint received: [0.000, 5.500, 1.500] (overrides waypoint_x/y/z params)
[autopilot_sv_cbf_rate_node-3] [INFO] [1788157191.701369242] [uav_0.autopilot_sv_cbf_rate_node]: goal_waypoint received: [0.000, 5.500, 1.500] (overrides waypoint_x/y/z params)
[autopilot_sv_cbf_rate_node-3] [INFO] [1788157191.801358530] [uav_0.autopilot_sv_cbf_rate_node]: goal_waypoint received: [0.000, 5.500, 1.500] (overrides waypoint_x/y/z params)
[autopilot_sv_cbf_rate_node-3] [INFO] [1788157191.901213721] [uav_0.autopilot_sv_cbf_rate_node]: goal_waypoint received: [0.000, 5.500, 1.500] (overrides waypoint_x/y/z params)
[autopilot_sv_cbf_rate_node-3] [INFO] [1788157192.001220709] [uav_0.autopilot_sv_cbf_rate_node]: goal_waypoint received: [0.000, 5.500, 1.500] (overrides waypoint_x/y/z params)
[autopilot_sv_cbf_rate_node-3] [INFO] [1788157192.101309999] [uav_0.autopilot_sv_cbf_rate_node]: goal_waypoint received: [0.000, 5.500, 1.500] (overrides waypoint_x/y/z params)
[autopilot_sv_cbf_rate_node-3] [INFO] [1788157192.201263191] [uav_0.autopilot_sv_cbf_rate_node]: goal_waypoint received: [0.000, 5.500, 1.500] (overrides waypoint_x/y/z params)
[autopilot_sv_cbf_rate_node-3] [INFO] [1788157192.253178463] [uav_0.autopilot_sv_cbf_rate_node]: pos=[0.01 5.51 1.49]  T=23.067N  omega=[-0.012 0.010 0.000]  certified=4 uncertified=0  delta=0.0000  gamma=5.000(fixed)  feasible=1
[autopilot_sv_cbf_rate_node-3] [INFO] [1788157192.301214483] [uav_0.autopilot_sv_cbf_rate_node]: goal_waypoint received: [0.000, 5.500, 1.500] (overrides waypoint_x/y/z params)
[autopilot_sv_cbf_rate_node-3] [INFO] [1788157192.401304973] [uav_0.autopilot_sv_cbf_rate_node]: goal_waypoint received: [0.000, 5.500, 1.500] (overrides waypoint_x/y/z params)
[autopilot_sv_cbf_rate_node-3] [INFO] [1788157192.501288264] [uav_0.autopilot_sv_cbf_rate_node]: goal_waypoint received: [0.000, 5.500, 1.500] (overrides waypoint_x/y/z params)
[autopilot_sv_cbf_rate_node-3] [INFO] [1788157192.601257555] [uav_0.autopilot_sv_cbf_rate_node]: goal_waypoint received: [0.000, 5.500, 1.500] (overrides waypoint_x/y/z params)
[autopilot_sv_cbf_rate_node-3] [INFO] [1788157192.701199547] [uav_0.autopilot_sv_cbf_rate_node]: goal_waypoint received: [0.000, 5.500, 1.500] (overrides waypoint_x/y/z params)
[autopilot_sv_cbf_rate_node-3] [INFO] [1788157192.801248138] [uav_0.autopilot_sv_cbf_rate_node]: goal_waypoint received: [0.000, 5.500, 1.500] (overrides waypoint_x/y/z params)
[autopilot_sv_cbf_rate_node-3] [INFO] [1788157192.901160430] [uav_0.autopilot_sv_cbf_rate_node]: goal_waypoint received: [0.000, 5.500, 1.500] (overrides waypoint_x/y/z params)
[autopilot_sv_cbf_rate_node-3] [INFO] [1788157193.001328219] [uav_0.autopilot_sv_cbf_rate_node]: goal_waypoint received: [0.000, 5.500, 1.500] (overrides waypoint_x/y/z params)
[autopilot_sv_cbf_rate_node-3] [INFO] [1788157193.101257513] [uav_0.autopilot_sv_cbf_rate_node]: goal_waypoint received: [0.000, 5.500, 1.500] (overrides waypoint_x/y/z params)
[autopilot_sv_cbf_rate_node-3] [INFO] [1788157193.201228407] [uav_0.autopilot_sv_cbf_rate_node]: goal_waypoint received: [0.000, 5.500, 1.500] (overrides waypoint_x/y/z params)
[autopilot_sv_cbf_rate_node-3] [INFO] [1788157193.253146381] [uav_0.autopilot_sv_cbf_rate_node]: pos=[-0.01 5.50 1.49]  T=22.956N  omega=[0.003 -0.019 0.000]  certified=4 uncertified=0  delta=0.0000  gamma=5.000(fixed)  feasible=1
[autopilot_sv_cbf_rate_node-3] [INFO] [1788157193.301207901] [uav_0.autopilot_sv_cbf_rate_node]: goal_waypoint received: [0.000, 5.500, 1.500] (overrides waypoint_x/y/z params)
[autopilot_sv_cbf_rate_node-3] [INFO] [1788157193.401296894] [uav_0.autopilot_sv_cbf_rate_node]: goal_waypoint received: [0.000, 5.500, 1.500] (overrides waypoint_x/y/z params)
[autopilot_sv_cbf_rate_node-3] [INFO] [1788157193.501327587] [uav_0.autopilot_sv_cbf_rate_node]: goal_waypoint received: [0.000, 5.500, 1.500] (overrides waypoint_x/y/z params)
[autopilot_sv_cbf_rate_node-3] [INFO] [1788157193.601353280] [uav_0.autopilot_sv_cbf_rate_node]: goal_waypoint received: [0.000, 5.500, 1.500] (overrides waypoint_x/y/z params)
[autopilot_sv_cbf_rate_node-3] [INFO] [1788157193.701333674] [uav_0.autopilot_sv_cbf_rate_node]: goal_waypoint received: [0.000, 5.500, 1.500] (overrides waypoint_x/y/z params)
[autopilot_sv_cbf_rate_node-3] [INFO] [1788157193.801248869] [uav_0.autopilot_sv_cbf_rate_node]: goal_waypoint received: [0.000, 5.500, 1.500] (overrides waypoint_x/y/z params)
[autopilot_sv_cbf_rate_node-3] [INFO] [1788157193.901199563] [uav_0.autopilot_sv_cbf_rate_node]: goal_waypoint received: [0.000, 5.500, 1.500] (overrides waypoint_x/y/z params)
[autopilot_sv_cbf_rate_node-3] [INFO] [1788157194.001204156] [uav_0.autopilot_sv_cbf_rate_node]: goal_waypoint received: [0.000, 5.500, 1.500] (overrides waypoint_x/y/z params)
[autopilot_sv_cbf_rate_node-3] [INFO] [1788157194.101227952] [uav_0.autopilot_sv_cbf_rate_node]: goal_waypoint received: [0.000, 5.500, 1.500] (overrides waypoint_x/y/z params)
[autopilot_sv_cbf_rate_node-3] [INFO] [1788157194.201172749] [uav_0.autopilot_sv_cbf_rate_node]: goal_waypoint received: [0.000, 5.500, 1.500] (overrides waypoint_x/y/z params)
[autopilot_sv_cbf_rate_node-3] [INFO] [1788157194.253116823] [uav_0.autopilot_sv_cbf_rate_node]: pos=[-0.00 5.51 1.50]  T=22.956N  omega=[-0.011 0.015 0.000]  certified=4 uncertified=0  delta=0.0000  gamma=5.000(fixed)  feasible=1
[autopilot_sv_cbf_rate_node-3] [INFO] [1788157194.301372842] [uav_0.autopilot_sv_cbf_rate_node]: goal_waypoint received: [0.000, 5.500, 1.500] (overrides waypoint_x/y/z params)
[autopilot_sv_cbf_rate_node-3] [INFO] [1788157194.401284540] [uav_0.autopilot_sv_cbf_rate_node]: goal_waypoint received: [0.000, 5.500, 1.500] (overrides waypoint_x/y/z params)
[autopilot_sv_cbf_rate_node-3] [INFO] [1788157194.501232936] [uav_0.autopilot_sv_cbf_rate_node]: goal_waypoint received: [0.000, 5.500, 1.500] (overrides waypoint_x/y/z params)
[autopilot_sv_cbf_rate_node-3] [INFO] [1788157194.601174433] [uav_0.autopilot_sv_cbf_rate_node]: goal_waypoint received: [0.000, 5.500, 1.500] (overrides waypoint_x/y/z params)
[autopilot_sv_cbf_rate_node-3] [INFO] [1788157194.701307028] [uav_0.autopilot_sv_cbf_rate_node]: goal_waypoint received: [0.000, 5.500, 1.500] (overrides waypoint_x/y/z params)
[autopilot_sv_cbf_rate_node-3] [INFO] [1788157194.801445822] [uav_0.autopilot_sv_cbf_rate_node]: goal_waypoint received: [0.000, 5.500, 1.500] (overrides waypoint_x/y/z params)
[autopilot_sv_cbf_rate_node-3] [INFO] [1788157194.901341819] [uav_0.autopilot_sv_cbf_rate_node]: goal_waypoint received: [0.000, 5.500, 1.500] (overrides waypoint_x/y/z params)
[autopilot_sv_cbf_rate_node-3] [INFO] [1788157195.001247916] [uav_0.autopilot_sv_cbf_rate_node]: goal_waypoint received: [0.000, 5.500, 1.500] (overrides waypoint_x/y/z params)
[autopilot_sv_cbf_rate_node-3] [INFO] [1788157195.101407413] [uav_0.autopilot_sv_cbf_rate_node]: goal_waypoint received: [0.000, 5.500, 1.500] (overrides waypoint_x/y/z params)
[autopilot_sv_cbf_rate_node-3] [INFO] [1788157195.201386912] [uav_0.autopilot_sv_cbf_rate_node]: goal_waypoint received: [0.000, 5.500, 1.500] (overrides waypoint_x/y/z params)
[autopilot_sv_cbf_rate_node-3] [INFO] [1788157195.253136090] [uav_0.autopilot_sv_cbf_rate_node]: pos=[-0.02 5.50 1.49]  T=23.042N  omega=[-0.013 -0.013 0.000]  certified=4 uncertified=0  delta=0.0000  gamma=5.000(fixed)  feasible=1
[autopilot_sv_cbf_rate_node-3] [INFO] [1788157195.301286312] [uav_0.autopilot_sv_cbf_rate_node]: goal_waypoint received: [0.000, 5.500, 1.500] (overrides waypoint_x/y/z params)
[autopilot_sv_cbf_rate_node-3] [INFO] [1788157195.401211211] [uav_0.autopilot_sv_cbf_rate_node]: goal_waypoint received: [0.000, 5.500, 1.500] (overrides waypoint_x/y/z params)
[autopilot_sv_cbf_rate_node-3] [INFO] [1788157195.501251409] [uav_0.autopilot_sv_cbf_rate_node]: goal_waypoint received: [0.000, 5.500, 1.500] (overrides waypoint_x/y/z params)
[autopilot_sv_cbf_rate_node-3] [INFO] [1788157195.601225508] [uav_0.autopilot_sv_cbf_rate_node]: goal_waypoint received: [0.000, 5.500, 1.500] (overrides waypoint_x/y/z params)
[autopilot_sv_cbf_rate_node-3] [INFO] [1788157195.701187907] [uav_0.autopilot_sv_cbf_rate_node]: goal_waypoint received: [0.000, 5.500, 1.500] (overrides waypoint_x/y/z params)
[autopilot_sv_cbf_rate_node-3] [INFO] [1788157195.801293504] [uav_0.autopilot_sv_cbf_rate_node]: goal_waypoint received: [0.000, 5.500, 1.500] (overrides waypoint_x/y/z params)
[autopilot_sv_cbf_rate_node-3] [INFO] [1788157195.901228304] [uav_0.autopilot_sv_cbf_rate_node]: goal_waypoint received: [0.000, 5.500, 1.500] (overrides waypoint_x/y/z params)
[autopilot_sv_cbf_rate_node-3] [INFO] [1788157196.001184503] [uav_0.autopilot_sv_cbf_rate_node]: goal_waypoint received: [0.000, 5.500, 1.500] (overrides waypoint_x/y/z params)
[autopilot_sv_cbf_rate_node-3] [INFO] [1788157196.101141904] [uav_0.autopilot_sv_cbf_rate_node]: goal_waypoint received: [0.000, 5.500, 1.500] (overrides waypoint_x/y/z params)
[autopilot_sv_cbf_rate_node-3] [INFO] [1788157196.201239320] [uav_0.autopilot_sv_cbf_rate_node]: goal_waypoint received: [0.000, 5.500, 1.500] (overrides waypoint_x/y/z params)
[autopilot_sv_cbf_rate_node-3] [INFO] [1788157196.253115869] [uav_0.autopilot_sv_cbf_rate_node]: pos=[-0.00 5.51 1.50]  T=22.981N  omega=[0.016 -0.006 0.000]  certified=4 uncertified=0  delta=0.0000  gamma=5.000(fixed)  feasible=1
[autopilot_sv_cbf_rate_node-3] [INFO] [1788157196.301181758] [uav_0.autopilot_sv_cbf_rate_node]: goal_waypoint received: [0.000, 5.500, 1.500] (overrides waypoint_x/y/z params)
[autopilot_sv_cbf_rate_node-3] [INFO] [1788157196.401215895] [uav_0.autopilot_sv_cbf_rate_node]: goal_waypoint received: [0.000, 5.500, 1.500] (overrides waypoint_x/y/z params)
[autopilot_sv_cbf_rate_node-3] [INFO] [1788157196.501294032] [uav_0.autopilot_sv_cbf_rate_node]: goal_waypoint received: [0.000, 5.500, 1.500] (overrides waypoint_x/y/z params)
[autopilot_sv_cbf_rate_node-3] [INFO] [1788157196.601261269] [uav_0.autopilot_sv_cbf_rate_node]: goal_waypoint received: [0.000, 5.500, 1.500] (overrides waypoint_x/y/z params)
[autopilot_sv_cbf_rate_node-3] [INFO] [1788157196.701205507] [uav_0.autopilot_sv_cbf_rate_node]: goal_waypoint received: [0.000, 5.500, 1.500] (overrides waypoint_x/y/z params)
[autopilot_sv_cbf_rate_node-3] [INFO] [1788157196.801206044] [uav_0.autopilot_sv_cbf_rate_node]: goal_waypoint received: [0.000, 5.500, 1.500] (overrides waypoint_x/y/z params)
[autopilot_sv_cbf_rate_node-3] [INFO] [1788157196.901296581] [uav_0.autopilot_sv_cbf_rate_node]: goal_waypoint received: [0.000, 5.500, 1.500] (overrides waypoint_x/y/z params)
[autopilot_sv_cbf_rate_node-3] [INFO] [1788157197.001238718] [uav_0.autopilot_sv_cbf_rate_node]: goal_waypoint received: [0.000, 5.500, 1.500] (overrides waypoint_x/y/z params)
[autopilot_sv_cbf_rate_node-3] [INFO] [1788157197.101477356] [uav_0.autopilot_sv_cbf_rate_node]: goal_waypoint received: [0.000, 5.500, 1.500] (overrides waypoint_x/y/z params)
[autopilot_sv_cbf_rate_node-3] [INFO] [1788157197.201435696] [uav_0.autopilot_sv_cbf_rate_node]: goal_waypoint received: [0.000, 5.500, 1.500] (overrides waypoint_x/y/z params)
[autopilot_sv_cbf_rate_node-3] [INFO] [1788157197.253106248] [uav_0.autopilot_sv_cbf_rate_node]: pos=[0.01 5.50 1.49]  T=23.045N  omega=[0.010 -0.003 0.000]  certified=4 uncertified=0  delta=0.0000  gamma=5.000(fixed)  feasible=1
[autopilot_sv_cbf_rate_node-3] [INFO] [1788157197.301285037] [uav_0.autopilot_sv_cbf_rate_node]: goal_waypoint received: [0.000, 5.500, 1.500] (overrides waypoint_x/y/z params)
[autopilot_sv_cbf_rate_node-3] [INFO] [1788157197.401310877] [uav_0.autopilot_sv_cbf_rate_node]: goal_waypoint received: [0.000, 5.500, 1.500] (overrides waypoint_x/y/z params)
[autopilot_sv_cbf_rate_node-3] [INFO] [1788157197.501232017] [uav_0.autopilot_sv_cbf_rate_node]: goal_waypoint received: [0.000, 5.500, 1.500] (overrides waypoint_x/y/z params)
[autopilot_sv_cbf_rate_node-3] [INFO] [1788157197.601247300] [uav_0.autopilot_sv_cbf_rate_node]: goal_waypoint received: [0.000, 5.500, 1.500] (overrides waypoint_x/y/z params)
[autopilot_sv_cbf_rate_node-3] [INFO] [1788157197.701221073] [uav_0.autopilot_sv_cbf_rate_node]: goal_waypoint received: [0.000, 5.500, 1.500] (overrides waypoint_x/y/z params)
[autopilot_sv_cbf_rate_node-3] [INFO] [1788157197.801211346] [uav_0.autopilot_sv_cbf_rate_node]: goal_waypoint received: [0.000, 5.500, 1.500] (overrides waypoint_x/y/z params)
[autopilot_sv_cbf_rate_node-3] [INFO] [1788157197.901226218] [uav_0.autopilot_sv_cbf_rate_node]: goal_waypoint received: [0.000, 5.500, 1.500] (overrides waypoint_x/y/z params)
[autopilot_sv_cbf_rate_node-3] [INFO] [1788157198.001176391] [uav_0.autopilot_sv_cbf_rate_node]: goal_waypoint received: [0.000, 5.500, 1.500] (overrides waypoint_x/y/z params)
[autopilot_sv_cbf_rate_node-3] [INFO] [1788157198.101267264] [uav_0.autopilot_sv_cbf_rate_node]: goal_waypoint received: [0.000, 5.500, 1.500] (overrides waypoint_x/y/z params)
[autopilot_sv_cbf_rate_node-3] [INFO] [1788157198.201317039] [uav_0.autopilot_sv_cbf_rate_node]: goal_waypoint received: [0.000, 5.500, 1.500] (overrides waypoint_x/y/z params)
[autopilot_sv_cbf_rate_node-3] [INFO] [1788157198.253065249] [uav_0.autopilot_sv_cbf_rate_node]: pos=[-0.00 5.51 1.50]  T=22.930N  omega=[-0.008 -0.015 0.000]  certified=4 uncertified=0  delta=0.0000  gamma=5.000(fixed)  feasible=1
[autopilot_sv_cbf_rate_node-3] [INFO] [1788157198.301205615] [uav_0.autopilot_sv_cbf_rate_node]: goal_waypoint received: [0.000, 5.500, 1.500] (overrides waypoint_x/y/z params)
[autopilot_sv_cbf_rate_node-3] [INFO] [1788157198.401216090] [uav_0.autopilot_sv_cbf_rate_node]: goal_waypoint received: [0.000, 5.500, 1.500] (overrides waypoint_x/y/z params)
[autopilot_sv_cbf_rate_node-3] [INFO] [1788157198.501169965] [uav_0.autopilot_sv_cbf_rate_node]: goal_waypoint received: [0.000, 5.500, 1.500] (overrides waypoint_x/y/z params)
[autopilot_sv_cbf_rate_node-3] [INFO] [1788157198.601202040] [uav_0.autopilot_sv_cbf_rate_node]: goal_waypoint received: [0.000, 5.500, 1.500] (overrides waypoint_x/y/z params)
[autopilot_sv_cbf_rate_node-3] [INFO] [1788157198.701223314] [uav_0.autopilot_sv_cbf_rate_node]: goal_waypoint received: [0.000, 5.500, 1.500] (overrides waypoint_x/y/z params)
[autopilot_sv_cbf_rate_node-3] [INFO] [1788157198.801206090] [uav_0.autopilot_sv_cbf_rate_node]: goal_waypoint received: [0.000, 5.500, 1.500] (overrides waypoint_x/y/z params)
[autopilot_sv_cbf_rate_node-3] [INFO] [1788157198.901167865] [uav_0.autopilot_sv_cbf_rate_node]: goal_waypoint received: [0.000, 5.500, 1.500] (overrides waypoint_x/y/z params)
[autopilot_sv_cbf_rate_node-3] [INFO] [1788157199.001399636] [uav_0.autopilot_sv_cbf_rate_node]: goal_waypoint received: [0.000, 5.500, 1.500] (overrides waypoint_x/y/z params)
[autopilot_sv_cbf_rate_node-3] [INFO] [1788157199.101326915] [uav_0.autopilot_sv_cbf_rate_node]: goal_waypoint received: [0.000, 5.500, 1.500] (overrides waypoint_x/y/z params)
[autopilot_sv_cbf_rate_node-3] [INFO] [1788157199.201494690] [uav_0.autopilot_sv_cbf_rate_node]: goal_waypoint received: [0.000, 5.500, 1.500] (overrides waypoint_x/y/z params)
[autopilot_sv_cbf_rate_node-3] [INFO] [1788157199.253079804] [uav_0.autopilot_sv_cbf_rate_node]: pos=[-0.01 5.51 1.50]  T=23.008N  omega=[-0.000 0.006 0.000]  certified=4 uncertified=0  delta=0.0000  gamma=5.000(fixed)  feasible=1
[autopilot_sv_cbf_rate_node-3] [INFO] [1788157199.301354869] [uav_0.autopilot_sv_cbf_rate_node]: goal_waypoint received: [0.000, 5.500, 1.500] (overrides waypoint_x/y/z params)
[autopilot_sv_cbf_rate_node-3] [INFO] [1788157199.401289047] [uav_0.autopilot_sv_cbf_rate_node]: goal_waypoint received: [0.000, 5.500, 1.500] (overrides waypoint_x/y/z params)
[autopilot_sv_cbf_rate_node-3] [INFO] [1788157199.501276525] [uav_0.autopilot_sv_cbf_rate_node]: goal_waypoint received: [0.000, 5.500, 1.500] (overrides waypoint_x/y/z params)
[autopilot_sv_cbf_rate_node-3] [INFO] [1788157199.601296402] [uav_0.autopilot_sv_cbf_rate_node]: goal_waypoint received: [0.000, 5.500, 1.500] (overrides waypoint_x/y/z params)
[autopilot_sv_cbf_rate_node-3] [INFO] [1788157199.701259780] [uav_0.autopilot_sv_cbf_rate_node]: goal_waypoint received: [0.000, 5.500, 1.500] (overrides waypoint_x/y/z params)
[autopilot_sv_cbf_rate_node-3] [INFO] [1788157199.801168859] [uav_0.autopilot_sv_cbf_rate_node]: goal_waypoint received: [0.000, 5.500, 1.500] (overrides waypoint_x/y/z params)
[autopilot_sv_cbf_rate_node-3] [INFO] [1788157199.901222335] [uav_0.autopilot_sv_cbf_rate_node]: goal_waypoint received: [0.000, 5.500, 1.500] (overrides waypoint_x/y/z params)
[autopilot_sv_cbf_rate_node-3] [INFO] [1788157200.001219413] [uav_0.autopilot_sv_cbf_rate_node]: goal_waypoint received: [0.000, 5.500, 1.500] (overrides waypoint_x/y/z params)
[autopilot_sv_cbf_rate_node-3] [INFO] [1788157200.101235992] [uav_0.autopilot_sv_cbf_rate_node]: goal_waypoint received: [0.000, 5.500, 1.500] (overrides waypoint_x/y/z params)
[autopilot_sv_cbf_rate_node-3] [INFO] [1788157200.201135233] [uav_0.autopilot_sv_cbf_rate_node]: goal_waypoint received: [0.000, 5.500, 1.500] (overrides waypoint_x/y/z params)
[autopilot_sv_cbf_rate_node-3] [INFO] [1788157200.253072260] [uav_0.autopilot_sv_cbf_rate_node]: pos=[-0.00 5.50 1.50]  T=23.023N  omega=[-0.005 -0.013 0.000]  certified=4 uncertified=0  delta=0.0000  gamma=5.000(fixed)  feasible=1
[autopilot_sv_cbf_rate_node-3] [INFO] [1788157200.301205528] [uav_0.autopilot_sv_cbf_rate_node]: goal_waypoint received: [0.000, 5.500, 1.500] (overrides waypoint_x/y/z params)
[autopilot_sv_cbf_rate_node-3] [INFO] [1788157200.401229823] [uav_0.autopilot_sv_cbf_rate_node]: goal_waypoint received: [0.000, 5.500, 1.500] (overrides waypoint_x/y/z params)
[autopilot_sv_cbf_rate_node-3] [INFO] [1788157200.501223619] [uav_0.autopilot_sv_cbf_rate_node]: goal_waypoint received: [0.000, 5.500, 1.500] (overrides waypoint_x/y/z params)
[autopilot_sv_cbf_rate_node-3] [INFO] [1788157200.601188115] [uav_0.autopilot_sv_cbf_rate_node]: goal_waypoint received: [0.000, 5.500, 1.500] (overrides waypoint_x/y/z params)
[autopilot_sv_cbf_rate_node-3] [INFO] [1788157200.701202810] [uav_0.autopilot_sv_cbf_rate_node]: goal_waypoint received: [0.000, 5.500, 1.500] (overrides waypoint_x/y/z params)
[autopilot_sv_cbf_rate_node-3] [INFO] [1788157200.801273805] [uav_0.autopilot_sv_cbf_rate_node]: goal_waypoint received: [0.000, 5.500, 1.500] (overrides waypoint_x/y/z params)
[autopilot_sv_cbf_rate_node-3] [INFO] [1788157200.901194901] [uav_0.autopilot_sv_cbf_rate_node]: goal_waypoint received: [0.000, 5.500, 1.500] (overrides waypoint_x/y/z params)
[autopilot_sv_cbf_rate_node-3] [INFO] [1788157201.001614292] [uav_0.autopilot_sv_cbf_rate_node]: goal_waypoint received: [0.000, 5.500, 1.500] (overrides waypoint_x/y/z params)
[autopilot_sv_cbf_rate_node-3] [INFO] [1788157201.101193895] [uav_0.autopilot_sv_cbf_rate_node]: goal_waypoint received: [0.000, 5.500, 1.500] (overrides waypoint_x/y/z params)
[autopilot_sv_cbf_rate_node-3] [INFO] [1788157201.201196593] [uav_0.autopilot_sv_cbf_rate_node]: goal_waypoint received: [0.000, 5.500, 1.500] (overrides waypoint_x/y/z params)
[autopilot_sv_cbf_rate_node-3] [INFO] [1788157201.253114821] [uav_0.autopilot_sv_cbf_rate_node]: pos=[0.01 5.49 1.50]  T=22.994N  omega=[0.006 0.008 0.000]  certified=4 uncertified=0  delta=0.0000  gamma=5.000(fixed)  feasible=1
[autopilot_sv_cbf_rate_node-3] [INFO] [1788157201.301264990] [uav_0.autopilot_sv_cbf_rate_node]: goal_waypoint received: [0.000, 5.500, 1.500] (overrides waypoint_x/y/z params)
[autopilot_sv_cbf_rate_node-3] [INFO] [1788157201.401222189] [uav_0.autopilot_sv_cbf_rate_node]: goal_waypoint received: [0.000, 5.500, 1.500] (overrides waypoint_x/y/z params)
[autopilot_sv_cbf_rate_node-3] [INFO] [1788157201.501787380] [uav_0.autopilot_sv_cbf_rate_node]: goal_waypoint received: [0.000, 5.500, 1.500] (overrides waypoint_x/y/z params)
[autopilot_sv_cbf_rate_node-3] [INFO] [1788157201.601391383] [uav_0.autopilot_sv_cbf_rate_node]: goal_waypoint received: [0.000, 5.500, 1.500] (overrides waypoint_x/y/z params)
[autopilot_sv_cbf_rate_node-3] [INFO] [1788157201.701248082] [uav_0.autopilot_sv_cbf_rate_node]: goal_waypoint received: [0.000, 5.500, 1.500] (overrides waypoint_x/y/z params)
[autopilot_sv_cbf_rate_node-3] [INFO] [1788157201.801310980] [uav_0.autopilot_sv_cbf_rate_node]: goal_waypoint received: [0.000, 5.500, 1.500] (overrides waypoint_x/y/z params)
[autopilot_sv_cbf_rate_node-3] [INFO] [1788157201.901185479] [uav_0.autopilot_sv_cbf_rate_node]: goal_waypoint received: [0.000, 5.500, 1.500] (overrides waypoint_x/y/z params)
[autopilot_sv_cbf_rate_node-3] [INFO] [1788157202.001134077] [uav_0.autopilot_sv_cbf_rate_node]: goal_waypoint received: [0.000, 5.500, 1.500] (overrides waypoint_x/y/z params)
[autopilot_sv_cbf_rate_node-3] [INFO] [1788157202.101191877] [uav_0.autopilot_sv_cbf_rate_node]: goal_waypoint received: [0.000, 5.500, 1.500] (overrides waypoint_x/y/z params)
[autopilot_sv_cbf_rate_node-3] [INFO] [1788157202.201141678] [uav_0.autopilot_sv_cbf_rate_node]: goal_waypoint received: [0.000, 5.500, 1.500] (overrides waypoint_x/y/z params)
[autopilot_sv_cbf_rate_node-3] [INFO] [1788157202.253002308] [uav_0.autopilot_sv_cbf_rate_node]: pos=[0.01 5.49 1.50]  T=22.989N  omega=[0.006 0.007 0.000]  certified=4 uncertified=0  delta=0.0000  gamma=5.000(fixed)  feasible=1
[autopilot_sv_cbf_rate_node-3] [INFO] [1788157202.301231578] [uav_0.autopilot_sv_cbf_rate_node]: goal_waypoint received: [0.000, 5.500, 1.500] (overrides waypoint_x/y/z params)
[autopilot_sv_cbf_rate_node-3] [INFO] [1788157202.401243978] [uav_0.autopilot_sv_cbf_rate_node]: goal_waypoint received: [0.000, 5.500, 1.500] (overrides waypoint_x/y/z params)
[autopilot_sv_cbf_rate_node-3] [INFO] [1788157202.501197379] [uav_0.autopilot_sv_cbf_rate_node]: goal_waypoint received: [0.000, 5.500, 1.500] (overrides waypoint_x/y/z params)
[autopilot_sv_cbf_rate_node-3] [INFO] [1788157202.601181080] [uav_0.autopilot_sv_cbf_rate_node]: goal_waypoint received: [0.000, 5.500, 1.500] (overrides waypoint_x/y/z params)
[autopilot_sv_cbf_rate_node-3] [INFO] [1788157202.701177480] [uav_0.autopilot_sv_cbf_rate_node]: goal_waypoint received: [0.000, 5.500, 1.500] (overrides waypoint_x/y/z params)
[autopilot_sv_cbf_rate_node-3] [INFO] [1788157202.801158081] [uav_0.autopilot_sv_cbf_rate_node]: goal_waypoint received: [0.000, 5.500, 1.500] (overrides waypoint_x/y/z params)
[autopilot_sv_cbf_rate_node-3] [INFO] [1788157202.901215780] [uav_0.autopilot_sv_cbf_rate_node]: goal_waypoint received: [0.000, 5.500, 1.500] (overrides waypoint_x/y/z params)
[autopilot_sv_cbf_rate_node-3] [INFO] [1788157203.001182881] [uav_0.autopilot_sv_cbf_rate_node]: goal_waypoint received: [0.000, 5.500, 1.500] (overrides waypoint_x/y/z params)
[autopilot_sv_cbf_rate_node-3] [INFO] [1788157203.101484881] [uav_0.autopilot_sv_cbf_rate_node]: goal_waypoint received: [0.000, 5.500, 1.500] (overrides waypoint_x/y/z params)
[autopilot_sv_cbf_rate_node-3] [INFO] [1788157203.201232686] [uav_0.autopilot_sv_cbf_rate_node]: goal_waypoint received: [0.000, 5.500, 1.500] (overrides waypoint_x/y/z params)
[autopilot_sv_cbf_rate_node-3] [INFO] [1788157203.253012618] [uav_0.autopilot_sv_cbf_rate_node]: pos=[-0.00 5.52 1.49]  T=23.032N  omega=[-0.001 -0.012 0.000]  certified=4 uncertified=0  delta=0.0000  gamma=5.000(fixed)  feasible=1
[autopilot_sv_cbf_rate_node-3] [INFO] [1788157203.301273989] [uav_0.autopilot_sv_cbf_rate_node]: goal_waypoint received: [0.000, 5.500, 1.500] (overrides waypoint_x/y/z params)
[autopilot_sv_cbf_rate_node-3] [INFO] [1788157203.401174493] [uav_0.autopilot_sv_cbf_rate_node]: goal_waypoint received: [0.000, 5.500, 1.500] (overrides waypoint_x/y/z params)
[autopilot_sv_cbf_rate_node-3] [INFO] [1788157203.501452393] [uav_0.autopilot_sv_cbf_rate_node]: goal_waypoint received: [0.000, 5.500, 1.500] (overrides waypoint_x/y/z params)
[autopilot_sv_cbf_rate_node-3] [INFO] [1788157203.601317197] [uav_0.autopilot_sv_cbf_rate_node]: goal_waypoint received: [0.000, 5.500, 1.500] (overrides waypoint_x/y/z params)
[autopilot_sv_cbf_rate_node-3] [INFO] [1788157203.701253601] [uav_0.autopilot_sv_cbf_rate_node]: goal_waypoint received: [0.000, 5.500, 1.500] (overrides waypoint_x/y/z params)
[autopilot_sv_cbf_rate_node-3] [INFO] [1788157203.801288103] [uav_0.autopilot_sv_cbf_rate_node]: goal_waypoint received: [0.000, 5.500, 1.500] (overrides waypoint_x/y/z params)
[autopilot_sv_cbf_rate_node-3] [INFO] [1788157203.901286706] [uav_0.autopilot_sv_cbf_rate_node]: goal_waypoint received: [0.000, 5.500, 1.500] (overrides waypoint_x/y/z params)
[autopilot_sv_cbf_rate_node-3] [INFO] [1788157204.001169210] [uav_0.autopilot_sv_cbf_rate_node]: goal_waypoint received: [0.000, 5.500, 1.500] (overrides waypoint_x/y/z params)
[autopilot_sv_cbf_rate_node-3] [INFO] [1788157204.101212915] [uav_0.autopilot_sv_cbf_rate_node]: goal_waypoint received: [0.000, 5.500, 1.500] (overrides waypoint_x/y/z params)
[autopilot_sv_cbf_rate_node-3] [INFO] [1788157204.201194221] [uav_0.autopilot_sv_cbf_rate_node]: goal_waypoint received: [0.000, 5.500, 1.500] (overrides waypoint_x/y/z params)
[autopilot_sv_cbf_rate_node-3] [INFO] [1788157204.252977454] [uav_0.autopilot_sv_cbf_rate_node]: pos=[0.01 5.51 1.49]  T=22.988N  omega=[0.004 0.010 0.000]  certified=4 uncertified=0  delta=0.0000  gamma=5.000(fixed)  feasible=1
[autopilot_sv_cbf_rate_node-3] [INFO] [1788157204.301241425] [uav_0.autopilot_sv_cbf_rate_node]: goal_waypoint received: [0.000, 5.500, 1.500] (overrides waypoint_x/y/z params)
[autopilot_sv_cbf_rate_node-3] [INFO] [1788157204.401199431] [uav_0.autopilot_sv_cbf_rate_node]: goal_waypoint received: [0.000, 5.500, 1.500] (overrides waypoint_x/y/z params)
[autopilot_sv_cbf_rate_node-3] [INFO] [1788157204.501193137] [uav_0.autopilot_sv_cbf_rate_node]: goal_waypoint received: [0.000, 5.500, 1.500] (overrides waypoint_x/y/z params)
[autopilot_sv_cbf_rate_node-3] [INFO] [1788157204.601275941] [uav_0.autopilot_sv_cbf_rate_node]: goal_waypoint received: [0.000, 5.500, 1.500] (overrides waypoint_x/y/z params)
[autopilot_sv_cbf_rate_node-3] [INFO] [1788157204.701180947] [uav_0.autopilot_sv_cbf_rate_node]: goal_waypoint received: [0.000, 5.500, 1.500] (overrides waypoint_x/y/z params)
[autopilot_sv_cbf_rate_node-3] [INFO] [1788157204.801181253] [uav_0.autopilot_sv_cbf_rate_node]: goal_waypoint received: [0.000, 5.500, 1.500] (overrides waypoint_x/y/z params)
[autopilot_sv_cbf_rate_node-3] [INFO] [1788157204.901197058] [uav_0.autopilot_sv_cbf_rate_node]: goal_waypoint received: [0.000, 5.500, 1.500] (overrides waypoint_x/y/z params)
[autopilot_sv_cbf_rate_node-3] [INFO] [1788157205.001205563] [uav_0.autopilot_sv_cbf_rate_node]: goal_waypoint received: [0.000, 5.500, 1.500] (overrides waypoint_x/y/z params)
[autopilot_sv_cbf_rate_node-3] [INFO] [1788157205.101206271] [uav_0.autopilot_sv_cbf_rate_node]: goal_waypoint received: [0.000, 5.500, 1.500] (overrides waypoint_x/y/z params)
[autopilot_sv_cbf_rate_node-3] [INFO] [1788157205.201200179] [uav_0.autopilot_sv_cbf_rate_node]: goal_waypoint received: [0.000, 5.500, 1.500] (overrides waypoint_x/y/z params)
[autopilot_sv_cbf_rate_node-3] [INFO] [1788157205.253030112] [uav_0.autopilot_sv_cbf_rate_node]: pos=[0.00 5.51 1.50]  T=22.925N  omega=[-0.005 0.020 0.000]  certified=4 uncertified=0  delta=0.0000  gamma=5.000(fixed)  feasible=1
[autopilot_sv_cbf_rate_node-3] [INFO] [1788157205.301321485] [uav_0.autopilot_sv_cbf_rate_node]: goal_waypoint received: [0.000, 5.500, 1.500] (overrides waypoint_x/y/z params)
[autopilot_sv_cbf_rate_node-3] [INFO] [1788157205.401298293] [uav_0.autopilot_sv_cbf_rate_node]: goal_waypoint received: [0.000, 5.500, 1.500] (overrides waypoint_x/y/z params)
[autopilot_sv_cbf_rate_node-3] [INFO] [1788157205.501154002] [uav_0.autopilot_sv_cbf_rate_node]: goal_waypoint received: [0.000, 5.500, 1.500] (overrides waypoint_x/y/z params)
[autopilot_sv_cbf_rate_node-3] [INFO] [1788157205.601272609] [uav_0.autopilot_sv_cbf_rate_node]: goal_waypoint received: [0.000, 5.500, 1.500] (overrides waypoint_x/y/z params)
[autopilot_sv_cbf_rate_node-3] [INFO] [1788157205.701412534] [uav_0.autopilot_sv_cbf_rate_node]: goal_waypoint received: [0.000, 5.500, 1.500] (overrides waypoint_x/y/z params)
[autopilot_sv_cbf_rate_node-3] [INFO] [1788157205.801401560] [uav_0.autopilot_sv_cbf_rate_node]: goal_waypoint received: [0.000, 5.500, 1.500] (overrides waypoint_x/y/z params)
[autopilot_sv_cbf_rate_node-3] [INFO] [1788157205.901257587] [uav_0.autopilot_sv_cbf_rate_node]: goal_waypoint received: [0.000, 5.500, 1.500] (overrides waypoint_x/y/z params)
[autopilot_sv_cbf_rate_node-3] [INFO] [1788157206.001288913] [uav_0.autopilot_sv_cbf_rate_node]: goal_waypoint received: [0.000, 5.500, 1.500] (overrides waypoint_x/y/z params)
[autopilot_sv_cbf_rate_node-3] [INFO] [1788157206.101204542] [uav_0.autopilot_sv_cbf_rate_node]: goal_waypoint received: [0.000, 5.500, 1.500] (overrides waypoint_x/y/z params)
[autopilot_sv_cbf_rate_node-3] [INFO] [1788157206.201193471] [uav_0.autopilot_sv_cbf_rate_node]: goal_waypoint received: [0.000, 5.500, 1.500] (overrides waypoint_x/y/z params)
[autopilot_sv_cbf_rate_node-3] [INFO] [1788157206.252990916] [uav_0.autopilot_sv_cbf_rate_node]: pos=[-0.01 5.50 1.49]  T=23.081N  omega=[-0.003 -0.025 0.000]  certified=4 uncertified=0  delta=0.0000  gamma=5.000(fixed)  feasible=1
[autopilot_sv_cbf_rate_node-3] [INFO] [1788157206.301209599] [uav_0.autopilot_sv_cbf_rate_node]: goal_waypoint received: [0.000, 5.500, 1.500] (overrides waypoint_x/y/z params)
[autopilot_sv_cbf_rate_node-3] [INFO] [1788157206.401213627] [uav_0.autopilot_sv_cbf_rate_node]: goal_waypoint received: [0.000, 5.500, 1.500] (overrides waypoint_x/y/z params)
[autopilot_sv_cbf_rate_node-3] [INFO] [1788157206.501334054] [uav_0.autopilot_sv_cbf_rate_node]: goal_waypoint received: [0.000, 5.500, 1.500] (overrides waypoint_x/y/z params)
[autopilot_sv_cbf_rate_node-3] [INFO] [1788157206.601232284] [uav_0.autopilot_sv_cbf_rate_node]: goal_waypoint received: [0.000, 5.500, 1.500] (overrides waypoint_x/y/z params)
[autopilot_sv_cbf_rate_node-3] [INFO] [1788157206.701243512] [uav_0.autopilot_sv_cbf_rate_node]: goal_waypoint received: [0.000, 5.500, 1.500] (overrides waypoint_x/y/z params)
[autopilot_sv_cbf_rate_node-3] [INFO] [1788157206.801488038] [uav_0.autopilot_sv_cbf_rate_node]: goal_waypoint received: [0.000, 5.500, 1.500] (overrides waypoint_x/y/z params)
[autopilot_sv_cbf_rate_node-3] [INFO] [1788157206.901172970] [uav_0.autopilot_sv_cbf_rate_node]: goal_waypoint received: [0.000, 5.500, 1.500] (overrides waypoint_x/y/z params)
[autopilot_sv_cbf_rate_node-3] [INFO] [1788157207.001225198] [uav_0.autopilot_sv_cbf_rate_node]: goal_waypoint received: [0.000, 5.500, 1.500] (overrides waypoint_x/y/z params)
[autopilot_sv_cbf_rate_node-3] [INFO] [1788157207.101269828] [uav_0.autopilot_sv_cbf_rate_node]: goal_waypoint received: [0.000, 5.500, 1.500] (overrides waypoint_x/y/z params)
[autopilot_sv_cbf_rate_node-3] [INFO] [1788157207.201296758] [uav_0.autopilot_sv_cbf_rate_node]: goal_waypoint received: [0.000, 5.500, 1.500] (overrides waypoint_x/y/z params)
[autopilot_sv_cbf_rate_node-3] [INFO] [1788157207.253003606] [uav_0.autopilot_sv_cbf_rate_node]: pos=[-0.01 5.50 1.50]  T=22.976N  omega=[-0.008 -0.004 0.000]  certified=4 uncertified=0  delta=0.0000  gamma=5.000(fixed)  feasible=1
[autopilot_sv_cbf_rate_node-3] [INFO] [1788157207.301227990] [uav_0.autopilot_sv_cbf_rate_node]: goal_waypoint received: [0.000, 5.500, 1.500] (overrides waypoint_x/y/z params)
[autopilot_sv_cbf_rate_node-3] [INFO] [1788157207.401269120] [uav_0.autopilot_sv_cbf_rate_node]: goal_waypoint received: [0.000, 5.500, 1.500] (overrides waypoint_x/y/z params)
[autopilot_sv_cbf_rate_node-3] [INFO] [1788157207.501191352] [uav_0.autopilot_sv_cbf_rate_node]: goal_waypoint received: [0.000, 5.500, 1.500] (overrides waypoint_x/y/z params)
[autopilot_sv_cbf_rate_node-3] [INFO] [1788157207.601286682] [uav_0.autopilot_sv_cbf_rate_node]: goal_waypoint received: [0.000, 5.500, 1.500] (overrides waypoint_x/y/z params)
[autopilot_sv_cbf_rate_node-3] [INFO] [1788157207.701276313] [uav_0.autopilot_sv_cbf_rate_node]: goal_waypoint received: [0.000, 5.500, 1.500] (overrides waypoint_x/y/z params)
[autopilot_sv_cbf_rate_node-3] [INFO] [1788157207.801304443] [uav_0.autopilot_sv_cbf_rate_node]: goal_waypoint received: [0.000, 5.500, 1.500] (overrides waypoint_x/y/z params)
[autopilot_sv_cbf_rate_node-3] [INFO] [1788157207.901314074] [uav_0.autopilot_sv_cbf_rate_node]: goal_waypoint received: [0.000, 5.500, 1.500] (overrides waypoint_x/y/z params)
[autopilot_sv_cbf_rate_node-3] [INFO] [1788157208.001324905] [uav_0.autopilot_sv_cbf_rate_node]: goal_waypoint received: [0.000, 5.500, 1.500] (overrides waypoint_x/y/z params)
[autopilot_sv_cbf_rate_node-3] [INFO] [1788157208.101493636] [uav_0.autopilot_sv_cbf_rate_node]: goal_waypoint received: [0.000, 5.500, 1.500] (overrides waypoint_x/y/z params)
[autopilot_sv_cbf_rate_node-3] [INFO] [1788157208.201213072] [uav_0.autopilot_sv_cbf_rate_node]: goal_waypoint received: [0.000, 5.500, 1.500] (overrides waypoint_x/y/z params)
[autopilot_sv_cbf_rate_node-3] [INFO] [1788157208.252935920] [uav_0.autopilot_sv_cbf_rate_node]: pos=[0.00 5.51 1.51]  T=22.945N  omega=[-0.019 0.004 0.000]  certified=4 uncertified=0  delta=0.0000  gamma=5.000(fixed)  feasible=1
[autopilot_sv_cbf_rate_node-3] [INFO] [1788157208.301216905] [uav_0.autopilot_sv_cbf_rate_node]: goal_waypoint received: [0.000, 5.500, 1.500] (overrides waypoint_x/y/z params)
[autopilot_sv_cbf_rate_node-3] [INFO] [1788157208.401295938] [uav_0.autopilot_sv_cbf_rate_node]: goal_waypoint received: [0.000, 5.500, 1.500] (overrides waypoint_x/y/z params)
[autopilot_sv_cbf_rate_node-3] [INFO] [1788157208.501206872] [uav_0.autopilot_sv_cbf_rate_node]: goal_waypoint received: [0.000, 5.500, 1.500] (overrides waypoint_x/y/z params)
[autopilot_sv_cbf_rate_node-3] [INFO] [1788157208.601251505] [uav_0.autopilot_sv_cbf_rate_node]: goal_waypoint received: [0.000, 5.500, 1.500] (overrides waypoint_x/y/z params)
[autopilot_sv_cbf_rate_node-3] [INFO] [1788157208.701218838] [uav_0.autopilot_sv_cbf_rate_node]: goal_waypoint received: [0.000, 5.500, 1.500] (overrides waypoint_x/y/z params)
[autopilot_sv_cbf_rate_node-3] [INFO] [1788157208.801200772] [uav_0.autopilot_sv_cbf_rate_node]: goal_waypoint received: [0.000, 5.500, 1.500] (overrides waypoint_x/y/z params)
[autopilot_sv_cbf_rate_node-3] [INFO] [1788157208.901195205] [uav_0.autopilot_sv_cbf_rate_node]: goal_waypoint received: [0.000, 5.500, 1.500] (overrides waypoint_x/y/z params)
[autopilot_sv_cbf_rate_node-3] [INFO] [1788157209.001157239] [uav_0.autopilot_sv_cbf_rate_node]: goal_waypoint received: [0.000, 5.500, 1.500] (overrides waypoint_x/y/z params)
[autopilot_sv_cbf_rate_node-3] [INFO] [1788157209.101198174] [uav_0.autopilot_sv_cbf_rate_node]: goal_waypoint received: [0.000, 5.500, 1.500] (overrides waypoint_x/y/z params)
[autopilot_sv_cbf_rate_node-3] [INFO] [1788157209.201206510] [uav_0.autopilot_sv_cbf_rate_node]: goal_waypoint received: [0.000, 5.500, 1.500] (overrides waypoint_x/y/z params)
[autopilot_sv_cbf_rate_node-3] [INFO] [1788157209.252923659] [uav_0.autopilot_sv_cbf_rate_node]: pos=[0.02 5.50 1.51]  T=23.018N  omega=[0.018 -0.013 0.000]  certified=4 uncertified=0  delta=0.0000  gamma=5.000(fixed)  feasible=1
[autopilot_sv_cbf_rate_node-3] [INFO] [1788157209.301259745] [uav_0.autopilot_sv_cbf_rate_node]: goal_waypoint received: [0.000, 5.500, 1.500] (overrides waypoint_x/y/z params)
[autopilot_sv_cbf_rate_node-3] [INFO] [1788157209.401233481] [uav_0.autopilot_sv_cbf_rate_node]: goal_waypoint received: [0.000, 5.500, 1.500] (overrides waypoint_x/y/z params)
[autopilot_sv_cbf_rate_node-3] [INFO] [1788157209.501237916] [uav_0.autopilot_sv_cbf_rate_node]: goal_waypoint received: [0.000, 5.500, 1.500] (overrides waypoint_x/y/z params)
[autopilot_sv_cbf_rate_node-3] [INFO] [1788157209.601186852] [uav_0.autopilot_sv_cbf_rate_node]: goal_waypoint received: [0.000, 5.500, 1.500] (overrides waypoint_x/y/z params)
[autopilot_sv_cbf_rate_node-3] [INFO] [1788157209.701298387] [uav_0.autopilot_sv_cbf_rate_node]: goal_waypoint received: [0.000, 5.500, 1.500] (overrides waypoint_x/y/z params)
[autopilot_sv_cbf_rate_node-3] [INFO] [1788157209.801290323] [uav_0.autopilot_sv_cbf_rate_node]: goal_waypoint received: [0.000, 5.500, 1.500] (overrides waypoint_x/y/z params)
[autopilot_sv_cbf_rate_node-3] [INFO] [1788157209.901498556] [uav_0.autopilot_sv_cbf_rate_node]: goal_waypoint received: [0.000, 5.500, 1.500] (overrides waypoint_x/y/z params)
[autopilot_sv_cbf_rate_node-3] [INFO] [1788157210.001424693] [uav_0.autopilot_sv_cbf_rate_node]: goal_waypoint received: [0.000, 5.500, 1.500] (overrides waypoint_x/y/z params)
[autopilot_sv_cbf_rate_node-3] [INFO] [1788157210.101315032] [uav_0.autopilot_sv_cbf_rate_node]: goal_waypoint received: [0.000, 5.500, 1.500] (overrides waypoint_x/y/z params)
[autopilot_sv_cbf_rate_node-3] [INFO] [1788157210.201224571] [uav_0.autopilot_sv_cbf_rate_node]: goal_waypoint received: [0.000, 5.500, 1.500] (overrides waypoint_x/y/z params)
[autopilot_sv_cbf_rate_node-3] [INFO] [1788157210.252978321] [uav_0.autopilot_sv_cbf_rate_node]: pos=[-0.01 5.52 1.50]  T=22.989N  omega=[-0.004 0.007 0.000]  certified=4 uncertified=0  delta=0.0000  gamma=5.000(fixed)  feasible=1
[autopilot_sv_cbf_rate_node-3] [INFO] [1788157210.301194409] [uav_0.autopilot_sv_cbf_rate_node]: goal_waypoint received: [0.000, 5.500, 1.500] (overrides waypoint_x/y/z params)
[autopilot_sv_cbf_rate_node-3] [INFO] [1788157210.401234047] [uav_0.autopilot_sv_cbf_rate_node]: goal_waypoint received: [0.000, 5.500, 1.500] (overrides waypoint_x/y/z params)
[autopilot_sv_cbf_rate_node-3] [INFO] [1788157210.501179685] [uav_0.autopilot_sv_cbf_rate_node]: goal_waypoint received: [0.000, 5.500, 1.500] (overrides waypoint_x/y/z params)
[autopilot_sv_cbf_rate_node-3] [INFO] [1788157210.601206423] [uav_0.autopilot_sv_cbf_rate_node]: goal_waypoint received: [0.000, 5.500, 1.500] (overrides waypoint_x/y/z params)
[autopilot_sv_cbf_rate_node-3] [INFO] [1788157210.701209761] [uav_0.autopilot_sv_cbf_rate_node]: goal_waypoint received: [0.000, 5.500, 1.500] (overrides waypoint_x/y/z params)
[autopilot_sv_cbf_rate_node-3] [INFO] [1788157210.801169500] [uav_0.autopilot_sv_cbf_rate_node]: goal_waypoint received: [0.000, 5.500, 1.500] (overrides waypoint_x/y/z params)
[autopilot_sv_cbf_rate_node-3] [INFO] [1788157210.901218837] [uav_0.autopilot_sv_cbf_rate_node]: goal_waypoint received: [0.000, 5.500, 1.500] (overrides waypoint_x/y/z params)
[autopilot_sv_cbf_rate_node-3] [INFO] [1788157211.001229575] [uav_0.autopilot_sv_cbf_rate_node]: goal_waypoint received: [0.000, 5.500, 1.500] (overrides waypoint_x/y/z params)
[autopilot_sv_cbf_rate_node-3] [INFO] [1788157211.101197216] [uav_0.autopilot_sv_cbf_rate_node]: goal_waypoint received: [0.000, 5.500, 1.500] (overrides waypoint_x/y/z params)
[autopilot_sv_cbf_rate_node-3] [INFO] [1788157211.201202956] [uav_0.autopilot_sv_cbf_rate_node]: goal_waypoint received: [0.000, 5.500, 1.500] (overrides waypoint_x/y/z params)
[autopilot_sv_cbf_rate_node-3] [INFO] [1788157211.252930408] [uav_0.autopilot_sv_cbf_rate_node]: pos=[-0.01 5.51 1.52]  T=22.960N  omega=[-0.023 0.015 0.000]  certified=4 uncertified=0  delta=0.0000  gamma=5.000(fixed)  feasible=1
[autopilot_sv_cbf_rate_node-3] [INFO] [1788157211.301183097] [uav_0.autopilot_sv_cbf_rate_node]: goal_waypoint received: [0.000, 5.500, 1.500] (overrides waypoint_x/y/z params)
[autopilot_sv_cbf_rate_node-3] [INFO] [1788157211.401202937] [uav_0.autopilot_sv_cbf_rate_node]: goal_waypoint received: [0.000, 5.500, 1.500] (overrides waypoint_x/y/z params)
[autopilot_sv_cbf_rate_node-3] [INFO] [1788157211.501218578] [uav_0.autopilot_sv_cbf_rate_node]: goal_waypoint received: [0.000, 5.500, 1.500] (overrides waypoint_x/y/z params)
[autopilot_sv_cbf_rate_node-3] [INFO] [1788157211.601214518] [uav_0.autopilot_sv_cbf_rate_node]: goal_waypoint received: [0.000, 5.500, 1.500] (overrides waypoint_x/y/z params)
[autopilot_sv_cbf_rate_node-3] [INFO] [1788157211.701170159] [uav_0.autopilot_sv_cbf_rate_node]: goal_waypoint received: [0.000, 5.500, 1.500] (overrides waypoint_x/y/z params)
[autopilot_sv_cbf_rate_node-3] [INFO] [1788157211.801209199] [uav_0.autopilot_sv_cbf_rate_node]: goal_waypoint received: [0.000, 5.500, 1.500] (overrides waypoint_x/y/z params)
[autopilot_sv_cbf_rate_node-3] [INFO] [1788157211.901161640] [uav_0.autopilot_sv_cbf_rate_node]: goal_waypoint received: [0.000, 5.500, 1.500] (overrides waypoint_x/y/z params)
[autopilot_sv_cbf_rate_node-3] [INFO] [1788157212.001331479] [uav_0.autopilot_sv_cbf_rate_node]: goal_waypoint received: [0.000, 5.500, 1.500] (overrides waypoint_x/y/z params)
[autopilot_sv_cbf_rate_node-3] [INFO] [1788157212.101387121] [uav_0.autopilot_sv_cbf_rate_node]: goal_waypoint received: [0.000, 5.500, 1.500] (overrides waypoint_x/y/z params)
[autopilot_sv_cbf_rate_node-3] [INFO] [1788157212.201327465] [uav_0.autopilot_sv_cbf_rate_node]: goal_waypoint received: [0.000, 5.500, 1.500] (overrides waypoint_x/y/z params)
[autopilot_sv_cbf_rate_node-3] [INFO] [1788157212.252945819] [uav_0.autopilot_sv_cbf_rate_node]: pos=[-0.01 5.49 1.50]  T=23.041N  omega=[-0.006 -0.010 0.000]  certified=4 uncertified=0  delta=0.0000  gamma=5.000(fixed)  feasible=1
[autopilot_sv_cbf_rate_node-3] [INFO] [1788157212.301329808] [uav_0.autopilot_sv_cbf_rate_node]: goal_waypoint received: [0.000, 5.500, 1.500] (overrides waypoint_x/y/z params)
[autopilot_sv_cbf_rate_node-3] [INFO] [1788157212.401238651] [uav_0.autopilot_sv_cbf_rate_node]: goal_waypoint received: [0.000, 5.500, 1.500] (overrides waypoint_x/y/z params)
[autopilot_sv_cbf_rate_node-3] [INFO] [1788157212.501245694] [uav_0.autopilot_sv_cbf_rate_node]: goal_waypoint received: [0.000, 5.500, 1.500] (overrides waypoint_x/y/z params)
[autopilot_sv_cbf_rate_node-3] [INFO] [1788157212.601151638] [uav_0.autopilot_sv_cbf_rate_node]: goal_waypoint received: [0.000, 5.500, 1.500] (overrides waypoint_x/y/z params)
[autopilot_sv_cbf_rate_node-3] [INFO] [1788157212.701220580] [uav_0.autopilot_sv_cbf_rate_node]: goal_waypoint received: [0.000, 5.500, 1.500] (overrides waypoint_x/y/z params)
[autopilot_sv_cbf_rate_node-3] [INFO] [1788157212.801212923] [uav_0.autopilot_sv_cbf_rate_node]: goal_waypoint received: [0.000, 5.500, 1.500] (overrides waypoint_x/y/z params)
[autopilot_sv_cbf_rate_node-3] [INFO] [1788157212.901190466] [uav_0.autopilot_sv_cbf_rate_node]: goal_waypoint received: [0.000, 5.500, 1.500] (overrides waypoint_x/y/z params)
[autopilot_sv_cbf_rate_node-3] [INFO] [1788157213.001253409] [uav_0.autopilot_sv_cbf_rate_node]: goal_waypoint received: [0.000, 5.500, 1.500] (overrides waypoint_x/y/z params)
[autopilot_sv_cbf_rate_node-3] [INFO] [1788157213.101225354] [uav_0.autopilot_sv_cbf_rate_node]: goal_waypoint received: [0.000, 5.500, 1.500] (overrides waypoint_x/y/z params)
[autopilot_sv_cbf_rate_node-3] [INFO] [1788157213.201222699] [uav_0.autopilot_sv_cbf_rate_node]: goal_waypoint received: [0.000, 5.500, 1.500] (overrides waypoint_x/y/z params)
[autopilot_sv_cbf_rate_node-3] [INFO] [1788157213.252933454] [uav_0.autopilot_sv_cbf_rate_node]: pos=[0.00 5.48 1.50]  T=22.965N  omega=[0.017 -0.001 0.000]  certified=4 uncertified=0  delta=0.0000  gamma=5.000(fixed)  feasible=1
[autopilot_sv_cbf_rate_node-3] [INFO] [1788157213.301175645] [uav_0.autopilot_sv_cbf_rate_node]: goal_waypoint received: [0.000, 5.500, 1.500] (overrides waypoint_x/y/z params)
[autopilot_sv_cbf_rate_node-3] [INFO] [1788157213.401220090] [uav_0.autopilot_sv_cbf_rate_node]: goal_waypoint received: [0.000, 5.500, 1.500] (overrides waypoint_x/y/z params)
[autopilot_sv_cbf_rate_node-3] [INFO] [1788157213.501186236] [uav_0.autopilot_sv_cbf_rate_node]: goal_waypoint received: [0.000, 5.500, 1.500] (overrides waypoint_x/y/z params)
[autopilot_sv_cbf_rate_node-3] [INFO] [1788157213.601149881] [uav_0.autopilot_sv_cbf_rate_node]: goal_waypoint received: [0.000, 5.500, 1.500] (overrides waypoint_x/y/z params)
