[INFO] [launch]: All log files can be found below /home/matt/.ros/log/2026-08-31-02-00-37-926206-main-1861948
[INFO] [launch]: Default logging verbosity is set to INFO
[INFO] [microxrce_agent-1]: process started with pid [1861949]
[INFO] [px4_sitl-2]: process started with pid [1861951]
[INFO] [autopilot_sv_cbf_rate_node-3]: process started with pid [1861953]
[INFO] [synthetic_obstacle_publisher-4]: process started with pid [1861955]
[INFO] [px4_odom_bridge_node-5]: process started with pid [1861957]
[px4_sitl-2] 
[px4_sitl-2] ______  __   __    ___ 
[px4_sitl-2] | ___ \ \ \ / /   /   |
[px4_sitl-2] | |_/ /  \ V /   / /| |
[px4_sitl-2] |  __/   /   \  / /_| |
[px4_sitl-2] | |     / /^\ \ \___  |
[px4_sitl-2] \_|     \/   \/     |_/
[px4_sitl-2] 
[px4_sitl-2] px4 starting.
[px4_sitl-2] 
[px4_sitl-2] INFO  [px4] startup script: /bin/sh etc/init.d-posix/rcS 0
[px4_sitl-2] env SYS_AUTOSTART: 4001
[px4_sitl-2] INFO  [param] selected parameter default file parameters.bson
[px4_sitl-2] INFO  [param] importing from 'parameters.bson'
[px4_sitl-2] INFO  [parameters] BSON document size 354 bytes, decoded 354 bytes (INT32:15, FLOAT:3)
[px4_sitl-2] INFO  [param] selected parameter backup file parameters_backup.bson
[autopilot_sv_cbf_rate_node-3] [WARN] [1788156038.316649764] [uav_0.autopilot_sv_cbf_rate_node]: T reset to hover thrust 20.2478N (reason: construction)
[autopilot_sv_cbf_rate_node-3] [INFO] [1788156038.319224134] [uav_0.autopilot_sv_cbf_rate_node]: PENN+GAT model loaded from /home/matt/arc_2026/install/single_vehicle_cbf_rate_arc/share/single_vehicle_cbf_rate_arc/nn_model/checkpoint/gat_penn_weights.pt
[autopilot_sv_cbf_rate_node-3] [INFO] [1788156038.326633649] [uav_0.autopilot_sv_cbf_rate_node]: single_vehicle_cbf_rate_node started: control_rate=100.0Hz (dt=0.0100s), T_min=4.700N T_max=36.148N
[synthetic_obstacle_publisher-4] [INFO] [1788156038.508853764] [uav_0.synthetic_obstacle_publisher]: synthetic_obstacle_publisher started: 5 obstacle(s) on /arc/obstacles at 10.0 Hz, frame_id="map", sensing envelope max_range_m=8.0 z=[0.1,2.5]
[px4_odom_bridge_node-5] [INFO] [1788156038.522742005] [uav_0.px4_odom_bridge_node]: px4_odom_bridge_node started (NED fmu/out/vehicle_odometry -> ENU state_estimator/local_position/odom)
[synthetic_obstacle_publisher-4] [WARN] [1788156038.593347296] [uav_0.synthetic_obstacle_publisher]: No odometry yet -- cannot evaluate the sensing envelope, publishing no obstacles
[px4_sitl-2] INFO  [dataman] data manager file './dataman' size is 1208528 bytes
[px4_sitl-2] INFO  [init] Gazebo simulator 8.14.0
[synthetic_obstacle_publisher-4] [WARN] [1788156040.593551209] [uav_0.synthetic_obstacle_publisher]: No odometry yet -- cannot evaluate the sensing envelope, publishing no obstacles
[px4_sitl-2] INFO  [init] Starting gazebo with world: /home/matt/PX4-Autopilot/Tools/simulation/gz/worlds/default.sdf
[synthetic_obstacle_publisher-4] [WARN] [1788156042.593796837] [uav_0.synthetic_obstacle_publisher]: No odometry yet -- cannot evaluate the sensing envelope, publishing no obstacles
[INFO] [ground_station_stub_node-6]: process started with pid [1862212]
[px4_sitl-2] INFO  [init] Waiting for Gazebo world...
[ground_station_stub_node-6] [INFO] [1788156043.811360923] [uav_0.ground_station_stub_node]: ground_station_stub_node started: waypoint=(0.0, 5.5, 1.5), first arm attempt in 5.0s, retrying every 1.0s until armed
[autopilot_sv_cbf_rate_node-3] [INFO] [1788156043.884909582] [uav_0.autopilot_sv_cbf_rate_node]: goal_waypoint received: [0.000, 5.500, 1.500] (overrides waypoint_x/y/z params)
[autopilot_sv_cbf_rate_node-3] [INFO] [1788156043.984809341] [uav_0.autopilot_sv_cbf_rate_node]: goal_waypoint received: [0.000, 5.500, 1.500] (overrides waypoint_x/y/z params)
[autopilot_sv_cbf_rate_node-3] [INFO] [1788156044.084900197] [uav_0.autopilot_sv_cbf_rate_node]: goal_waypoint received: [0.000, 5.500, 1.500] (overrides waypoint_x/y/z params)
[autopilot_sv_cbf_rate_node-3] [INFO] [1788156044.184923054] [uav_0.autopilot_sv_cbf_rate_node]: goal_waypoint received: [0.000, 5.500, 1.500] (overrides waypoint_x/y/z params)
[autopilot_sv_cbf_rate_node-3] [INFO] [1788156044.284879511] [uav_0.autopilot_sv_cbf_rate_node]: goal_waypoint received: [0.000, 5.500, 1.500] (overrides waypoint_x/y/z params)
[autopilot_sv_cbf_rate_node-3] [INFO] [1788156044.384855869] [uav_0.autopilot_sv_cbf_rate_node]: goal_waypoint received: [0.000, 5.500, 1.500] (overrides waypoint_x/y/z params)
[autopilot_sv_cbf_rate_node-3] [INFO] [1788156044.484905825] [uav_0.autopilot_sv_cbf_rate_node]: goal_waypoint received: [0.000, 5.500, 1.500] (overrides waypoint_x/y/z params)
[autopilot_sv_cbf_rate_node-3] [INFO] [1788156044.586527664] [uav_0.autopilot_sv_cbf_rate_node]: goal_waypoint received: [0.000, 5.500, 1.500] (overrides waypoint_x/y/z params)
[synthetic_obstacle_publisher-4] [WARN] [1788156044.594885768] [uav_0.synthetic_obstacle_publisher]: No odometry yet -- cannot evaluate the sensing envelope, publishing no obstacles
[autopilot_sv_cbf_rate_node-3] [INFO] [1788156044.684855840] [uav_0.autopilot_sv_cbf_rate_node]: goal_waypoint received: [0.000, 5.500, 1.500] (overrides waypoint_x/y/z params)
[autopilot_sv_cbf_rate_node-3] [INFO] [1788156044.784880297] [uav_0.autopilot_sv_cbf_rate_node]: goal_waypoint received: [0.000, 5.500, 1.500] (overrides waypoint_x/y/z params)
[autopilot_sv_cbf_rate_node-3] [INFO] [1788156044.884878354] [uav_0.autopilot_sv_cbf_rate_node]: goal_waypoint received: [0.000, 5.500, 1.500] (overrides waypoint_x/y/z params)
[autopilot_sv_cbf_rate_node-3] [INFO] [1788156044.984842911] [uav_0.autopilot_sv_cbf_rate_node]: goal_waypoint received: [0.000, 5.500, 1.500] (overrides waypoint_x/y/z params)
[autopilot_sv_cbf_rate_node-3] [INFO] [1788156045.084842869] [uav_0.autopilot_sv_cbf_rate_node]: goal_waypoint received: [0.000, 5.500, 1.500] (overrides waypoint_x/y/z params)
[autopilot_sv_cbf_rate_node-3] [INFO] [1788156045.184902225] [uav_0.autopilot_sv_cbf_rate_node]: goal_waypoint received: [0.000, 5.500, 1.500] (overrides waypoint_x/y/z params)
[autopilot_sv_cbf_rate_node-3] [INFO] [1788156045.284892383] [uav_0.autopilot_sv_cbf_rate_node]: goal_waypoint received: [0.000, 5.500, 1.500] (overrides waypoint_x/y/z params)
[autopilot_sv_cbf_rate_node-3] [INFO] [1788156045.384929440] [uav_0.autopilot_sv_cbf_rate_node]: goal_waypoint received: [0.000, 5.500, 1.500] (overrides waypoint_x/y/z params)
[autopilot_sv_cbf_rate_node-3] [INFO] [1788156045.484950497] [uav_0.autopilot_sv_cbf_rate_node]: goal_waypoint received: [0.000, 5.500, 1.500] (overrides waypoint_x/y/z params)
[autopilot_sv_cbf_rate_node-3] [INFO] [1788156045.584938355] [uav_0.autopilot_sv_cbf_rate_node]: goal_waypoint received: [0.000, 5.500, 1.500] (overrides waypoint_x/y/z params)
[autopilot_sv_cbf_rate_node-3] [INFO] [1788156045.684931412] [uav_0.autopilot_sv_cbf_rate_node]: goal_waypoint received: [0.000, 5.500, 1.500] (overrides waypoint_x/y/z params)
[autopilot_sv_cbf_rate_node-3] [INFO] [1788156045.784895970] [uav_0.autopilot_sv_cbf_rate_node]: goal_waypoint received: [0.000, 5.500, 1.500] (overrides waypoint_x/y/z params)
[autopilot_sv_cbf_rate_node-3] [INFO] [1788156045.884927827] [uav_0.autopilot_sv_cbf_rate_node]: goal_waypoint received: [0.000, 5.500, 1.500] (overrides waypoint_x/y/z params)
[autopilot_sv_cbf_rate_node-3] [INFO] [1788156045.984913185] [uav_0.autopilot_sv_cbf_rate_node]: goal_waypoint received: [0.000, 5.500, 1.500] (overrides waypoint_x/y/z params)
[autopilot_sv_cbf_rate_node-3] [INFO] [1788156046.084826544] [uav_0.autopilot_sv_cbf_rate_node]: goal_waypoint received: [0.000, 5.500, 1.500] (overrides waypoint_x/y/z params)
[autopilot_sv_cbf_rate_node-3] [INFO] [1788156046.184954800] [uav_0.autopilot_sv_cbf_rate_node]: goal_waypoint received: [0.000, 5.500, 1.500] (overrides waypoint_x/y/z params)
[autopilot_sv_cbf_rate_node-3] [INFO] [1788156046.284903559] [uav_0.autopilot_sv_cbf_rate_node]: goal_waypoint received: [0.000, 5.500, 1.500] (overrides waypoint_x/y/z params)
[autopilot_sv_cbf_rate_node-3] [INFO] [1788156046.384835317] [uav_0.autopilot_sv_cbf_rate_node]: goal_waypoint received: [0.000, 5.500, 1.500] (overrides waypoint_x/y/z params)
[autopilot_sv_cbf_rate_node-3] [INFO] [1788156046.484911574] [uav_0.autopilot_sv_cbf_rate_node]: goal_waypoint received: [0.000, 5.500, 1.500] (overrides waypoint_x/y/z params)
[px4_sitl-2] INFO  [init] Gazebo world is ready
[px4_sitl-2] INFO  [init] Spawning Gazebo model
[autopilot_sv_cbf_rate_node-3] [INFO] [1788156046.584975931] [uav_0.autopilot_sv_cbf_rate_node]: goal_waypoint received: [0.000, 5.500, 1.500] (overrides waypoint_x/y/z params)
[autopilot_sv_cbf_rate_node-3] [INFO] [1788156046.684848691] [uav_0.autopilot_sv_cbf_rate_node]: goal_waypoint received: [0.000, 5.500, 1.500] (overrides waypoint_x/y/z params)
[synthetic_obstacle_publisher-4] [WARN] [1788156046.693237895] [uav_0.synthetic_obstacle_publisher]: No odometry yet -- cannot evaluate the sensing envelope, publishing no obstacles
[autopilot_sv_cbf_rate_node-3] [INFO] [1788156046.786499130] [uav_0.autopilot_sv_cbf_rate_node]: goal_waypoint received: [0.000, 5.500, 1.500] (overrides waypoint_x/y/z params)
[autopilot_sv_cbf_rate_node-3] [INFO] [1788156046.884882606] [uav_0.autopilot_sv_cbf_rate_node]: goal_waypoint received: [0.000, 5.500, 1.500] (overrides waypoint_x/y/z params)
[autopilot_sv_cbf_rate_node-3] [INFO] [1788156046.984786465] [uav_0.autopilot_sv_cbf_rate_node]: goal_waypoint received: [0.000, 5.500, 1.500] (overrides waypoint_x/y/z params)
[px4_sitl-2] [1;33mWarning [Utils.cc:132][0m [/sdf/model[@name="x500_base"]/link[@name="base_link"]/sensor[@name="air_pressure_sensor"]/gz_frame_id:/home/matt/PX4-Autopilot/Tools/simulation/gz/models/x500_base/model.sdf:L219]: XML Element[gz_frame_id], child of element[sensor], not defined in SDF. Copying[gz_frame_id] as children of [sensor].
[px4_sitl-2] [1;33mWarning [Utils.cc:132][0m [/sdf/model[@name="x500_base"]/link[@name="base_link"]/sensor[@name="magnetometer_sensor"]/gz_frame_id:/home/matt/PX4-Autopilot/Tools/simulation/gz/models/x500_base/model.sdf:L233]: XML Element[gz_frame_id], child of element[sensor], not defined in SDF. Copying[gz_frame_id] as children of [sensor].
[px4_sitl-2] [1;33mWarning [Utils.cc:132][0m [/sdf/model[@name="x500_base"]/link[@name="base_link"]/sensor[@name="imu_sensor"]/gz_frame_id:/home/matt/PX4-Autopilot/Tools/simulation/gz/models/x500_base/model.sdf:L259]: XML Element[gz_frame_id], child of element[sensor], not defined in SDF. Copying[gz_frame_id] as children of [sensor].
[px4_sitl-2] [1;33mWarning [Utils.cc:132][0m [/sdf/model[@name="x500_base"]/link[@name="base_link"]/sensor[@name="navsat_sensor"]/gz_frame_id:/home/matt/PX4-Autopilot/Tools/simulation/gz/models/x500_base/model.sdf:L311]: XML Element[gz_frame_id], child of element[sensor], not defined in SDF. Copying[gz_frame_id] as children of [sensor].
[autopilot_sv_cbf_rate_node-3] [INFO] [1788156047.084828823] [uav_0.autopilot_sv_cbf_rate_node]: goal_waypoint received: [0.000, 5.500, 1.500] (overrides waypoint_x/y/z params)
[autopilot_sv_cbf_rate_node-3] [INFO] [1788156047.184896580] [uav_0.autopilot_sv_cbf_rate_node]: goal_waypoint received: [0.000, 5.500, 1.500] (overrides waypoint_x/y/z params)
[autopilot_sv_cbf_rate_node-3] [INFO] [1788156047.284889538] [uav_0.autopilot_sv_cbf_rate_node]: goal_waypoint received: [0.000, 5.500, 1.500] (overrides waypoint_x/y/z params)
[autopilot_sv_cbf_rate_node-3] [INFO] [1788156047.384894397] [uav_0.autopilot_sv_cbf_rate_node]: goal_waypoint received: [0.000, 5.500, 1.500] (overrides waypoint_x/y/z params)
[autopilot_sv_cbf_rate_node-3] [INFO] [1788156047.484895155] [uav_0.autopilot_sv_cbf_rate_node]: goal_waypoint received: [0.000, 5.500, 1.500] (overrides waypoint_x/y/z params)
[autopilot_sv_cbf_rate_node-3] [INFO] [1788156047.584843814] [uav_0.autopilot_sv_cbf_rate_node]: goal_waypoint received: [0.000, 5.500, 1.500] (overrides waypoint_x/y/z params)
[autopilot_sv_cbf_rate_node-3] [INFO] [1788156047.684929471] [uav_0.autopilot_sv_cbf_rate_node]: goal_waypoint received: [0.000, 5.500, 1.500] (overrides waypoint_x/y/z params)
[autopilot_sv_cbf_rate_node-3] [INFO] [1788156047.784907829] [uav_0.autopilot_sv_cbf_rate_node]: goal_waypoint received: [0.000, 5.500, 1.500] (overrides waypoint_x/y/z params)
[autopilot_sv_cbf_rate_node-3] [INFO] [1788156047.884788989] [uav_0.autopilot_sv_cbf_rate_node]: goal_waypoint received: [0.000, 5.500, 1.500] (overrides waypoint_x/y/z params)
[px4_sitl-2] INFO  [lockstep_scheduler] setting initial absolute time to 4152000 us
[px4_sitl-2] INFO  [gz_bridge] world: default, model: x500_0
[autopilot_sv_cbf_rate_node-3] [INFO] [1788156047.984791947] [uav_0.autopilot_sv_cbf_rate_node]: goal_waypoint received: [0.000, 5.500, 1.500] (overrides waypoint_x/y/z params)
[autopilot_sv_cbf_rate_node-3] [INFO] [1788156048.084938904] [uav_0.autopilot_sv_cbf_rate_node]: goal_waypoint received: [0.000, 5.500, 1.500] (overrides waypoint_x/y/z params)
[autopilot_sv_cbf_rate_node-3] [INFO] [1788156048.184818464] [uav_0.autopilot_sv_cbf_rate_node]: goal_waypoint received: [0.000, 5.500, 1.500] (overrides waypoint_x/y/z params)
[autopilot_sv_cbf_rate_node-3] [INFO] [1788156048.284795723] [uav_0.autopilot_sv_cbf_rate_node]: goal_waypoint received: [0.000, 5.500, 1.500] (overrides waypoint_x/y/z params)
[autopilot_sv_cbf_rate_node-3] [INFO] [1788156048.384816382] [uav_0.autopilot_sv_cbf_rate_node]: goal_waypoint received: [0.000, 5.500, 1.500] (overrides waypoint_x/y/z params)
[autopilot_sv_cbf_rate_node-3] [INFO] [1788156048.484758641] [uav_0.autopilot_sv_cbf_rate_node]: goal_waypoint received: [0.000, 5.500, 1.500] (overrides waypoint_x/y/z params)
[autopilot_sv_cbf_rate_node-3] [INFO] [1788156048.584795899] [uav_0.autopilot_sv_cbf_rate_node]: goal_waypoint received: [0.000, 5.500, 1.500] (overrides waypoint_x/y/z params)
[px4_sitl-2] INFO  [commander] LED: open /dev/led0 failed (22)
[px4_sitl-2] WARN  [health_and_arming_checks] Preflight Fail: ekf2 missing data
[autopilot_sv_cbf_rate_node-3] [INFO] [1788156048.684772158] [uav_0.autopilot_sv_cbf_rate_node]: goal_waypoint received: [0.000, 5.500, 1.500] (overrides waypoint_x/y/z params)
[autopilot_sv_cbf_rate_node-3] [INFO] [1788156048.784856116] [uav_0.autopilot_sv_cbf_rate_node]: goal_waypoint received: [0.000, 5.500, 1.500] (overrides waypoint_x/y/z params)
[ground_station_stub_node-6] [INFO] [1788156048.785279011] [uav_0.ground_station_stub_node]: Switching to offboard mode
[ground_station_stub_node-6] [INFO] [1788156048.785615007] [uav_0.ground_station_stub_node]: Arm command sent
[synthetic_obstacle_publisher-4] [WARN] [1788156048.793088222] [uav_0.synthetic_obstacle_publisher]: No odometry yet -- cannot evaluate the sensing envelope, publishing no obstacles
[autopilot_sv_cbf_rate_node-3] [INFO] [1788156048.884806675] [uav_0.autopilot_sv_cbf_rate_node]: goal_waypoint received: [0.000, 5.500, 1.500] (overrides waypoint_x/y/z params)
[autopilot_sv_cbf_rate_node-3] [INFO] [1788156048.984800234] [uav_0.autopilot_sv_cbf_rate_node]: goal_waypoint received: [0.000, 5.500, 1.500] (overrides waypoint_x/y/z params)
[autopilot_sv_cbf_rate_node-3] [INFO] [1788156049.084795893] [uav_0.autopilot_sv_cbf_rate_node]: goal_waypoint received: [0.000, 5.500, 1.500] (overrides waypoint_x/y/z params)
[autopilot_sv_cbf_rate_node-3] [INFO] [1788156049.184860451] [uav_0.autopilot_sv_cbf_rate_node]: goal_waypoint received: [0.000, 5.500, 1.500] (overrides waypoint_x/y/z params)
[autopilot_sv_cbf_rate_node-3] [INFO] [1788156049.284769011] [uav_0.autopilot_sv_cbf_rate_node]: goal_waypoint received: [0.000, 5.500, 1.500] (overrides waypoint_x/y/z params)
[px4_sitl-2] INFO  [uxrce_dds_client] init UDP agent IP:127.0.0.1, port:8888
[autopilot_sv_cbf_rate_node-3] [INFO] [1788156049.384886769] [uav_0.autopilot_sv_cbf_rate_node]: goal_waypoint received: [0.000, 5.500, 1.500] (overrides waypoint_x/y/z params)
[px4_sitl-2] INFO  [tone_alarm] home set
[autopilot_sv_cbf_rate_node-3] [INFO] [1788156049.484788429] [uav_0.autopilot_sv_cbf_rate_node]: goal_waypoint received: [0.000, 5.500, 1.500] (overrides waypoint_x/y/z params)
[autopilot_sv_cbf_rate_node-3] [INFO] [1788156049.584792588] [uav_0.autopilot_sv_cbf_rate_node]: goal_waypoint received: [0.000, 5.500, 1.500] (overrides waypoint_x/y/z params)
[autopilot_sv_cbf_rate_node-3] [INFO] [1788156049.684819447] [uav_0.autopilot_sv_cbf_rate_node]: goal_waypoint received: [0.000, 5.500, 1.500] (overrides waypoint_x/y/z params)
[px4_sitl-2] INFO  [mavlink] mode: Normal, data rate: 4000000 B/s on udp port 18570 remote port 14550
[autopilot_sv_cbf_rate_node-3] [INFO] [1788156049.784862205] [uav_0.autopilot_sv_cbf_rate_node]: goal_waypoint received: [0.000, 5.500, 1.500] (overrides waypoint_x/y/z params)
[px4_sitl-2] INFO  [mavlink] mode: Onboard, data rate: 4000000 B/s on udp port 14580 remote port 14540
[autopilot_sv_cbf_rate_node-3] [INFO] [1788156049.884850465] [uav_0.autopilot_sv_cbf_rate_node]: goal_waypoint received: [0.000, 5.500, 1.500] (overrides waypoint_x/y/z params)
[ground_station_stub_node-6] [INFO] [1788156049.885194261] [uav_0.ground_station_stub_node]: Switching to offboard mode
[ground_station_stub_node-6] [INFO] [1788156049.885523057] [uav_0.ground_station_stub_node]: Arm command sent
[px4_sitl-2] INFO  [mavlink] mode: Onboard, data rate: 4000 B/s on udp port 14280 remote port 14030
[px4_sitl-2] INFO  [mavlink] mode: Gimbal, data rate: 400000 B/s on udp port 13030 remote port 13280
[autopilot_sv_cbf_rate_node-3] [INFO] [1788156049.984893823] [uav_0.autopilot_sv_cbf_rate_node]: goal_waypoint received: [0.000, 5.500, 1.500] (overrides waypoint_x/y/z params)
[px4_sitl-2] INFO  [logger] logger started (mode=all)
[px4_sitl-2] INFO  [logger] Start file log (type: full)
[px4_sitl-2] INFO  [logger] [logger] ./log/2026-08-31/06_00_50.ulg	
[px4_sitl-2] INFO  [logger] Opened full log file: ./log/2026-08-31/06_00_50.ulg
[px4_sitl-2] INFO  [mavlink] MAVLink only on localhost (set param MAV_{i}_BROADCAST = 1 to enable network)
[px4_sitl-2] INFO  [mavlink] MAVLink only on localhost (set param MAV_{i}_BROADCAST = 1 to enable network)
[autopilot_sv_cbf_rate_node-3] [INFO] [1788156050.084911682] [uav_0.autopilot_sv_cbf_rate_node]: goal_waypoint received: [0.000, 5.500, 1.500] (overrides waypoint_x/y/z params)
[px4_sitl-2] INFO  [px4] Startup script returned successfully
[autopilot_sv_cbf_rate_node-3] [INFO] [1788156050.184837843] [uav_0.autopilot_sv_cbf_rate_node]: goal_waypoint received: [0.000, 5.500, 1.500] (overrides waypoint_x/y/z params)
[autopilot_sv_cbf_rate_node-3] [INFO] [1788156050.284774303] [uav_0.autopilot_sv_cbf_rate_node]: goal_waypoint received: [0.000, 5.500, 1.500] (overrides waypoint_x/y/z params)
[autopilot_sv_cbf_rate_node-3] [INFO] [1788156050.384814062] [uav_0.autopilot_sv_cbf_rate_node]: goal_waypoint received: [0.000, 5.500, 1.500] (overrides waypoint_x/y/z params)
[autopilot_sv_cbf_rate_node-3] [INFO] [1788156050.484819021] [uav_0.autopilot_sv_cbf_rate_node]: goal_waypoint received: [0.000, 5.500, 1.500] (overrides waypoint_x/y/z params)
[autopilot_sv_cbf_rate_node-3] [INFO] [1788156050.584809281] [uav_0.autopilot_sv_cbf_rate_node]: goal_waypoint received: [0.000, 5.500, 1.500] (overrides waypoint_x/y/z params)
[autopilot_sv_cbf_rate_node-3] [INFO] [1788156050.684818940] [uav_0.autopilot_sv_cbf_rate_node]: goal_waypoint received: [0.000, 5.500, 1.500] (overrides waypoint_x/y/z params)
[autopilot_sv_cbf_rate_node-3] [INFO] [1788156050.784840399] [uav_0.autopilot_sv_cbf_rate_node]: goal_waypoint received: [0.000, 5.500, 1.500] (overrides waypoint_x/y/z params)
[synthetic_obstacle_publisher-4] [WARN] [1788156050.793134105] [uav_0.synthetic_obstacle_publisher]: No odometry yet -- cannot evaluate the sensing envelope, publishing no obstacles
[autopilot_sv_cbf_rate_node-3] [INFO] [1788156050.885046556] [uav_0.autopilot_sv_cbf_rate_node]: goal_waypoint received: [0.000, 5.500, 1.500] (overrides waypoint_x/y/z params)
[ground_station_stub_node-6] [INFO] [1788156050.885519551] [uav_0.ground_station_stub_node]: Switching to offboard mode
[ground_station_stub_node-6] [INFO] [1788156050.885879347] [uav_0.ground_station_stub_node]: Arm command sent
[autopilot_sv_cbf_rate_node-3] [INFO] [1788156050.984849618] [uav_0.autopilot_sv_cbf_rate_node]: goal_waypoint received: [0.000, 5.500, 1.500] (overrides waypoint_x/y/z params)
[autopilot_sv_cbf_rate_node-3] [INFO] [1788156051.084805178] [uav_0.autopilot_sv_cbf_rate_node]: goal_waypoint received: [0.000, 5.500, 1.500] (overrides waypoint_x/y/z params)
[autopilot_sv_cbf_rate_node-3] [INFO] [1788156051.184870937] [uav_0.autopilot_sv_cbf_rate_node]: goal_waypoint received: [0.000, 5.500, 1.500] (overrides waypoint_x/y/z params)
[autopilot_sv_cbf_rate_node-3] [INFO] [1788156051.284779098] [uav_0.autopilot_sv_cbf_rate_node]: goal_waypoint received: [0.000, 5.500, 1.500] (overrides waypoint_x/y/z params)
[autopilot_sv_cbf_rate_node-3] [INFO] [1788156051.384844457] [uav_0.autopilot_sv_cbf_rate_node]: goal_waypoint received: [0.000, 5.500, 1.500] (overrides waypoint_x/y/z params)
[autopilot_sv_cbf_rate_node-3] [INFO] [1788156051.484810518] [uav_0.autopilot_sv_cbf_rate_node]: goal_waypoint received: [0.000, 5.500, 1.500] (overrides waypoint_x/y/z params)
[autopilot_sv_cbf_rate_node-3] [INFO] [1788156051.584801778] [uav_0.autopilot_sv_cbf_rate_node]: goal_waypoint received: [0.000, 5.500, 1.500] (overrides waypoint_x/y/z params)
[autopilot_sv_cbf_rate_node-3] [INFO] [1788156051.684796537] [uav_0.autopilot_sv_cbf_rate_node]: goal_waypoint received: [0.000, 5.500, 1.500] (overrides waypoint_x/y/z params)
[autopilot_sv_cbf_rate_node-3] [INFO] [1788156051.784821397] [uav_0.autopilot_sv_cbf_rate_node]: goal_waypoint received: [0.000, 5.500, 1.500] (overrides waypoint_x/y/z params)
[autopilot_sv_cbf_rate_node-3] [INFO] [1788156051.884985755] [uav_0.autopilot_sv_cbf_rate_node]: goal_waypoint received: [0.000, 5.500, 1.500] (overrides waypoint_x/y/z params)
[px4_sitl-2] pxh> INFO  [commander] [32mReady for takeoff![0m
[autopilot_sv_cbf_rate_node-3] [INFO] [1788156051.984819417] [uav_0.autopilot_sv_cbf_rate_node]: goal_waypoint received: [0.000, 5.500, 1.500] (overrides waypoint_x/y/z params)
[ground_station_stub_node-6] [INFO] [1788156051.985170013] [uav_0.ground_station_stub_node]: Switching to offboard mode
[ground_station_stub_node-6] [INFO] [1788156051.985502309] [uav_0.ground_station_stub_node]: Arm command sent
[autopilot_sv_cbf_rate_node-3] [INFO] [1788156052.084840656] [uav_0.autopilot_sv_cbf_rate_node]: goal_waypoint received: [0.000, 5.500, 1.500] (overrides waypoint_x/y/z params)
[autopilot_sv_cbf_rate_node-3] [INFO] [1788156052.184894431] [uav_0.autopilot_sv_cbf_rate_node]: goal_waypoint received: [0.000, 5.500, 1.500] (overrides waypoint_x/y/z params)
[autopilot_sv_cbf_rate_node-3] [INFO] [1788156052.284790809] [uav_0.autopilot_sv_cbf_rate_node]: goal_waypoint received: [0.000, 5.500, 1.500] (overrides waypoint_x/y/z params)
[autopilot_sv_cbf_rate_node-3] [INFO] [1788156052.384899984] [uav_0.autopilot_sv_cbf_rate_node]: goal_waypoint received: [0.000, 5.500, 1.500] (overrides waypoint_x/y/z params)
[autopilot_sv_cbf_rate_node-3] [INFO] [1788156052.484822661] [uav_0.autopilot_sv_cbf_rate_node]: goal_waypoint received: [0.000, 5.500, 1.500] (overrides waypoint_x/y/z params)
[autopilot_sv_cbf_rate_node-3] [INFO] [1788156052.584824538] [uav_0.autopilot_sv_cbf_rate_node]: goal_waypoint received: [0.000, 5.500, 1.500] (overrides waypoint_x/y/z params)
[autopilot_sv_cbf_rate_node-3] [INFO] [1788156052.684866814] [uav_0.autopilot_sv_cbf_rate_node]: goal_waypoint received: [0.000, 5.500, 1.500] (overrides waypoint_x/y/z params)
[autopilot_sv_cbf_rate_node-3] [INFO] [1788156052.784788091] [uav_0.autopilot_sv_cbf_rate_node]: goal_waypoint received: [0.000, 5.500, 1.500] (overrides waypoint_x/y/z params)
[synthetic_obstacle_publisher-4] [WARN] [1788156052.793201388] [uav_0.synthetic_obstacle_publisher]: No odometry yet -- cannot evaluate the sensing envelope, publishing no obstacles
[autopilot_sv_cbf_rate_node-3] [INFO] [1788156052.884805567] [uav_0.autopilot_sv_cbf_rate_node]: goal_waypoint received: [0.000, 5.500, 1.500] (overrides waypoint_x/y/z params)
[autopilot_sv_cbf_rate_node-3] [INFO] [1788156052.984882942] [uav_0.autopilot_sv_cbf_rate_node]: goal_waypoint received: [0.000, 5.500, 1.500] (overrides waypoint_x/y/z params)
[ground_station_stub_node-6] [INFO] [1788156052.985278138] [uav_0.ground_station_stub_node]: Switching to offboard mode
[ground_station_stub_node-6] [INFO] [1788156052.985629233] [uav_0.ground_station_stub_node]: Arm command sent
[autopilot_sv_cbf_rate_node-3] [INFO] [1788156053.084764621] [uav_0.autopilot_sv_cbf_rate_node]: goal_waypoint received: [0.000, 5.500, 1.500] (overrides waypoint_x/y/z params)
[autopilot_sv_cbf_rate_node-3] [INFO] [1788156053.184831396] [uav_0.autopilot_sv_cbf_rate_node]: goal_waypoint received: [0.000, 5.500, 1.500] (overrides waypoint_x/y/z params)
[autopilot_sv_cbf_rate_node-3] [INFO] [1788156053.284762874] [uav_0.autopilot_sv_cbf_rate_node]: goal_waypoint received: [0.000, 5.500, 1.500] (overrides waypoint_x/y/z params)
[autopilot_sv_cbf_rate_node-3] [INFO] [1788156053.384813850] [uav_0.autopilot_sv_cbf_rate_node]: goal_waypoint received: [0.000, 5.500, 1.500] (overrides waypoint_x/y/z params)
[autopilot_sv_cbf_rate_node-3] [INFO] [1788156053.484770428] [uav_0.autopilot_sv_cbf_rate_node]: goal_waypoint received: [0.000, 5.500, 1.500] (overrides waypoint_x/y/z params)
[autopilot_sv_cbf_rate_node-3] [INFO] [1788156053.584766704] [uav_0.autopilot_sv_cbf_rate_node]: goal_waypoint received: [0.000, 5.500, 1.500] (overrides waypoint_x/y/z params)
[autopilot_sv_cbf_rate_node-3] [INFO] [1788156053.684862580] [uav_0.autopilot_sv_cbf_rate_node]: goal_waypoint received: [0.000, 5.500, 1.500] (overrides waypoint_x/y/z params)
[autopilot_sv_cbf_rate_node-3] [INFO] [1788156053.784786058] [uav_0.autopilot_sv_cbf_rate_node]: goal_waypoint received: [0.000, 5.500, 1.500] (overrides waypoint_x/y/z params)
[autopilot_sv_cbf_rate_node-3] [INFO] [1788156053.884827034] [uav_0.autopilot_sv_cbf_rate_node]: goal_waypoint received: [0.000, 5.500, 1.500] (overrides waypoint_x/y/z params)
[autopilot_sv_cbf_rate_node-3] [INFO] [1788156053.984940609] [uav_0.autopilot_sv_cbf_rate_node]: goal_waypoint received: [0.000, 5.500, 1.500] (overrides waypoint_x/y/z params)
[ground_station_stub_node-6] [INFO] [1788156053.985290605] [uav_0.ground_station_stub_node]: Switching to offboard mode
[ground_station_stub_node-6] [INFO] [1788156053.985633801] [uav_0.ground_station_stub_node]: Arm command sent
[autopilot_sv_cbf_rate_node-3] [INFO] [1788156054.084784788] [uav_0.autopilot_sv_cbf_rate_node]: goal_waypoint received: [0.000, 5.500, 1.500] (overrides waypoint_x/y/z params)
[autopilot_sv_cbf_rate_node-3] [INFO] [1788156054.184862364] [uav_0.autopilot_sv_cbf_rate_node]: goal_waypoint received: [0.000, 5.500, 1.500] (overrides waypoint_x/y/z params)
[autopilot_sv_cbf_rate_node-3] [INFO] [1788156054.284757343] [uav_0.autopilot_sv_cbf_rate_node]: goal_waypoint received: [0.000, 5.500, 1.500] (overrides waypoint_x/y/z params)
[autopilot_sv_cbf_rate_node-3] [INFO] [1788156054.384821319] [uav_0.autopilot_sv_cbf_rate_node]: goal_waypoint received: [0.000, 5.500, 1.500] (overrides waypoint_x/y/z params)
[autopilot_sv_cbf_rate_node-3] [INFO] [1788156054.484834596] [uav_0.autopilot_sv_cbf_rate_node]: goal_waypoint received: [0.000, 5.500, 1.500] (overrides waypoint_x/y/z params)
[autopilot_sv_cbf_rate_node-3] [INFO] [1788156054.584798074] [uav_0.autopilot_sv_cbf_rate_node]: goal_waypoint received: [0.000, 5.500, 1.500] (overrides waypoint_x/y/z params)
[autopilot_sv_cbf_rate_node-3] [INFO] [1788156054.684844350] [uav_0.autopilot_sv_cbf_rate_node]: goal_waypoint received: [0.000, 5.500, 1.500] (overrides waypoint_x/y/z params)
[autopilot_sv_cbf_rate_node-3] [INFO] [1788156054.784797528] [uav_0.autopilot_sv_cbf_rate_node]: goal_waypoint received: [0.000, 5.500, 1.500] (overrides waypoint_x/y/z params)
[autopilot_sv_cbf_rate_node-3] [INFO] [1788156054.884784905] [uav_0.autopilot_sv_cbf_rate_node]: goal_waypoint received: [0.000, 5.500, 1.500] (overrides waypoint_x/y/z params)
[synthetic_obstacle_publisher-4] [WARN] [1788156054.893205902] [uav_0.synthetic_obstacle_publisher]: No odometry yet -- cannot evaluate the sensing envelope, publishing no obstacles
[autopilot_sv_cbf_rate_node-3] [INFO] [1788156054.984837082] [uav_0.autopilot_sv_cbf_rate_node]: goal_waypoint received: [0.000, 5.500, 1.500] (overrides waypoint_x/y/z params)
[autopilot_sv_cbf_rate_node-3] [INFO] [1788156055.084797960] [uav_0.autopilot_sv_cbf_rate_node]: goal_waypoint received: [0.000, 5.500, 1.500] (overrides waypoint_x/y/z params)
[ground_station_stub_node-6] [INFO] [1788156055.085161455] [uav_0.ground_station_stub_node]: Switching to offboard mode
[ground_station_stub_node-6] [INFO] [1788156055.085489951] [uav_0.ground_station_stub_node]: Arm command sent
[autopilot_sv_cbf_rate_node-3] [INFO] [1788156055.184803837] [uav_0.autopilot_sv_cbf_rate_node]: goal_waypoint received: [0.000, 5.500, 1.500] (overrides waypoint_x/y/z params)
[autopilot_sv_cbf_rate_node-3] [INFO] [1788156055.284792115] [uav_0.autopilot_sv_cbf_rate_node]: goal_waypoint received: [0.000, 5.500, 1.500] (overrides waypoint_x/y/z params)
[px4_sitl-2] INFO  [uxrce_dds_client] synchronized with time offset 1788156043759199us
[px4_sitl-2] INFO  [uxrce_dds_client] successfully created rt/uav_0/fmu/out/register_ext_component_reply data writer, topic id: 205
[px4_sitl-2] INFO  [uxrce_dds_client] successfully created rt/uav_0/fmu/out/arming_check_request_v1 data writer, topic id: 16
[px4_sitl-2] INFO  [uxrce_dds_client] successfully created rt/uav_0/fmu/out/mode_completed data writer, topic id: 157
[px4_sitl-2] INFO  [uxrce_dds_client] successfully created rt/uav_0/fmu/out/battery_status_v1 data writer, topic id: 20
[px4_sitl-2] INFO  [uxrce_dds_client] successfully created rt/uav_0/fmu/out/collision_constraints data writer, topic id: 27
[px4_sitl-2] INFO  [uxrce_dds_client] successfully created rt/uav_0/fmu/out/estimator_status_flags data writer, topic id: 85
[px4_sitl-2] INFO  [uxrce_dds_client] successfully created rt/uav_0/fmu/out/failsafe_flags data writer, topic id: 91
[px4_sitl-2] INFO  [uxrce_dds_client] successfully created rt/uav_0/fmu/out/manual_control_setpoint data writer, topic id: 148
[px4_sitl-2] INFO  [uxrce_dds_client] successfully created rt/uav_0/fmu/out/message_format_response data writer, topic id: 154
[px4_sitl-2] INFO  [uxrce_dds_client] successfully created rt/uav_0/fmu/out/position_setpoint_triplet data writer, topic id: 192
[px4_sitl-2] INFO  [uxrce_dds_client] successfully created rt/uav_0/fmu/out/sensor_combined data writer, topic id: 225
[px4_sitl-2] INFO  [uxrce_dds_client] successfully created rt/uav_0/fmu/out/timesync_status data writer, topic id: 249
[px4_sitl-2] INFO  [uxrce_dds_client] successfully created rt/uav_0/fmu/out/transponder_report data writer, topic id: 252
[px4_sitl-2] INFO  [uxrce_dds_client] successfully created rt/uav_0/fmu/out/vehicle_land_detected data writer, topic id: 277
[px4_sitl-2] INFO  [uxrce_dds_client] successfully created rt/uav_0/fmu/out/vehicle_attitude data writer, topic id: 264
[px4_sitl-2] INFO  [uxrce_dds_client] successfully created rt/uav_0/fmu/out/vehicle_control_mode data writer, topic id: 271
[px4_sitl-2] INFO  [uxrce_dds_client] successfully created rt/uav_0/fmu/out/vehicle_command_ack data writer, topic id: 268
[px4_sitl-2] INFO  [uxrce_dds_client] successfully created rt/uav_0/fmu/out/vehicle_global_position data writer, topic id: 272
[px4_sitl-2] INFO  [uxrce_dds_client] successfully created rt/uav_0/fmu/out/vehicle_gps_position data writer, topic id: 274
[px4_sitl-2] INFO  [uxrce_dds_client] successfully created rt/uav_0/fmu/out/vehicle_local_position_v1 data writer, topic id: 278
[px4_sitl-2] INFO  [uxrce_dds_client] successfully created rt/uav_0/fmu/out/vehicle_odometry data writer, topic id: 283
[px4_sitl-2] INFO  [uxrce_dds_client] successfully created rt/uav_0/fmu/out/vehicle_status_v1 data writer, topic id: 288
[px4_sitl-2] INFO  [uxrce_dds_client] successfully created rt/uav_0/fmu/out/airspeed_validated_v1 data writer, topic id: 13
[px4_sitl-2] INFO  [uxrce_dds_client] successfully created rt/uav_0/fmu/out/vtol_vehicle_status data writer, topic id: 297
[px4_sitl-2] INFO  [uxrce_dds_client] successfully created rt/uav_0/fmu/out/home_position_v1 data writer, topic id: 128
[px4_sitl-2] INFO  [uxrce_dds_client] successfully created rt/uav_0/fmu/out/wind data writer, topic id: 299
[px4_sitl-2] INFO  [uxrce_dds_client] successfully created rt/uav_0/fmu/out/gimbal_device_attitude_status data writer, topic id: 110
[autopilot_sv_cbf_rate_node-3] [INFO] [1788156055.384996190] [uav_0.autopilot_sv_cbf_rate_node]: goal_waypoint received: [0.000, 5.500, 1.500] (overrides waypoint_x/y/z params)
[autopilot_sv_cbf_rate_node-3] [INFO] [1788156055.484919769] [uav_0.autopilot_sv_cbf_rate_node]: goal_waypoint received: [0.000, 5.500, 1.500] (overrides waypoint_x/y/z params)
[autopilot_sv_cbf_rate_node-3] [INFO] [1788156055.584822947] [uav_0.autopilot_sv_cbf_rate_node]: goal_waypoint received: [0.000, 5.500, 1.500] (overrides waypoint_x/y/z params)
[autopilot_sv_cbf_rate_node-3] [INFO] [1788156055.684820625] [uav_0.autopilot_sv_cbf_rate_node]: goal_waypoint received: [0.000, 5.500, 1.500] (overrides waypoint_x/y/z params)
[autopilot_sv_cbf_rate_node-3] [INFO] [1788156055.784777203] [uav_0.autopilot_sv_cbf_rate_node]: goal_waypoint received: [0.000, 5.500, 1.500] (overrides waypoint_x/y/z params)
[autopilot_sv_cbf_rate_node-3] [INFO] [1788156055.884744881] [uav_0.autopilot_sv_cbf_rate_node]: goal_waypoint received: [0.000, 5.500, 1.500] (overrides waypoint_x/y/z params)
[autopilot_sv_cbf_rate_node-3] [INFO] [1788156055.984796258] [uav_0.autopilot_sv_cbf_rate_node]: goal_waypoint received: [0.000, 5.500, 1.500] (overrides waypoint_x/y/z params)
[autopilot_sv_cbf_rate_node-3] [INFO] [1788156056.084810035] [uav_0.autopilot_sv_cbf_rate_node]: goal_waypoint received: [0.000, 5.500, 1.500] (overrides waypoint_x/y/z params)
[autopilot_sv_cbf_rate_node-3] [INFO] [1788156056.184762314] [uav_0.autopilot_sv_cbf_rate_node]: goal_waypoint received: [0.000, 5.500, 1.500] (overrides waypoint_x/y/z params)
[ground_station_stub_node-6] [INFO] [1788156056.185168409] [uav_0.ground_station_stub_node]: Switching to offboard mode
[ground_station_stub_node-6] [INFO] [1788156056.185549104] [uav_0.ground_station_stub_node]: Arm command sent
[px4_sitl-2] INFO  [commander] Armed by external command	
[px4_sitl-2] INFO  [tone_alarm] arming warning
[autopilot_sv_cbf_rate_node-3] [WARN] [1788156056.203645183] [uav_0.autopilot_sv_cbf_rate_node]: arming_state changed: DISARMED -> ARMED
[autopilot_sv_cbf_rate_node-3] [WARN] [1788156056.203698483] [uav_0.autopilot_sv_cbf_rate_node]: T reset to hover thrust 20.2478N (reason: re-armed)
[autopilot_sv_cbf_rate_node-3] [INFO] [1788156056.203724282] [uav_0.autopilot_sv_cbf_rate_node]: armed: holding current position [0.017, -0.007, 0.046] as goal
[px4_sitl-2] INFO  [commander] Takeoff detected	
[autopilot_sv_cbf_rate_node-3] [INFO] [1788156056.284739692] [uav_0.autopilot_sv_cbf_rate_node]: goal_waypoint received: [0.000, 5.500, 1.500] (overrides waypoint_x/y/z params)
[autopilot_sv_cbf_rate_node-3] [INFO] [1788156056.367889276] [uav_0.autopilot_sv_cbf_rate_node]: pos=[0.02 -0.01 0.04]  T=24.546N  omega=[-2.701 -0.173 0.000]  certified=5 uncertified=0  delta=0.0000  gamma=9.500(PENN)  feasible=1
[autopilot_sv_cbf_rate_node-3] [INFO] [1788156056.384820669] [uav_0.autopilot_sv_cbf_rate_node]: goal_waypoint received: [0.000, 5.500, 1.500] (overrides waypoint_x/y/z params)
[autopilot_sv_cbf_rate_node-3] [INFO] [1788156056.484775148] [uav_0.autopilot_sv_cbf_rate_node]: goal_waypoint received: [0.000, 5.500, 1.500] (overrides waypoint_x/y/z params)
[autopilot_sv_cbf_rate_node-3] [INFO] [1788156056.584775726] [uav_0.autopilot_sv_cbf_rate_node]: goal_waypoint received: [0.000, 5.500, 1.500] (overrides waypoint_x/y/z params)
[autopilot_sv_cbf_rate_node-3] [INFO] [1788156056.684806103] [uav_0.autopilot_sv_cbf_rate_node]: goal_waypoint received: [0.000, 5.500, 1.500] (overrides waypoint_x/y/z params)
[autopilot_sv_cbf_rate_node-3] [INFO] [1788156056.784726582] [uav_0.autopilot_sv_cbf_rate_node]: goal_waypoint received: [0.000, 5.500, 1.500] (overrides waypoint_x/y/z params)
[autopilot_sv_cbf_rate_node-3] [ERROR] [1788156056.856635603] [uav_0.autopilot_sv_cbf_rate_node]: QP solve infeasible -- braking this cycle (was: holding T, zero body rate).
[autopilot_sv_cbf_rate_node-3] [INFO] [1788156056.884728960] [uav_0.autopilot_sv_cbf_rate_node]: goal_waypoint received: [0.000, 5.500, 1.500] (overrides waypoint_x/y/z params)
[autopilot_sv_cbf_rate_node-3] [WARN] [1788156056.893535252] [uav_0.autopilot_sv_cbf_rate_node]: Obstacle id=0 FAILED entry certification at first sighting (psi0=9.223 psi1=20.611 psi2=-9.602, gamma=3.974) -- routed through the QP's slack-relaxed row (D14), not excluded.
[autopilot_sv_cbf_rate_node-3] [WARN] [1788156056.893600652] [uav_0.autopilot_sv_cbf_rate_node]: Obstacle id=1 FAILED entry certification at first sighting (psi0=2.351 psi1=0.815 psi2=-38.003, gamma=3.974) -- routed through the QP's slack-relaxed row (D14), not excluded.
[autopilot_sv_cbf_rate_node-3] [WARN] [1788156056.893613351] [uav_0.autopilot_sv_cbf_rate_node]: Obstacle id=4 FAILED entry certification at first sighting (psi0=10.899 psi1=25.312 psi2=-5.391, gamma=3.974) -- routed through the QP's slack-relaxed row (D14), not excluded.
[autopilot_sv_cbf_rate_node-3] [INFO] [1788156056.984762737] [uav_0.autopilot_sv_cbf_rate_node]: goal_waypoint received: [0.000, 5.500, 1.500] (overrides waypoint_x/y/z params)
[autopilot_sv_cbf_rate_node-3] [WARN] [1788156056.993797927] [uav_0.autopilot_sv_cbf_rate_node]: Obstacle id=2 FAILED entry certification at first sighting (psi0=6.812 psi1=9.563 psi2=-9.926, gamma=3.184) -- routed through the QP's slack-relaxed row (D14), not excluded.
[autopilot_sv_cbf_rate_node-3] [WARN] [1788156057.016656948] [uav_0.autopilot_sv_cbf_rate_node]: slack in use: delta=0.0010 across 4 uncertified obstacle(s) -- QP could not satisfy the hard part of that row within actuator bounds this cycle.
[autopilot_sv_cbf_rate_node-3] [INFO] [1788156057.084740516] [uav_0.autopilot_sv_cbf_rate_node]: goal_waypoint received: [0.000, 5.500, 1.500] (overrides waypoint_x/y/z params)
[autopilot_sv_cbf_rate_node-3] [INFO] [1788156057.184728094] [uav_0.autopilot_sv_cbf_rate_node]: goal_waypoint received: [0.000, 5.500, 1.500] (overrides waypoint_x/y/z params)
[autopilot_sv_cbf_rate_node-3] [INFO] [1788156057.284841671] [uav_0.autopilot_sv_cbf_rate_node]: goal_waypoint received: [0.000, 5.500, 1.500] (overrides waypoint_x/y/z params)
[autopilot_sv_cbf_rate_node-3] [INFO] [1788156057.367550361] [uav_0.autopilot_sv_cbf_rate_node]: pos=[-0.11 2.45 0.52]  T=25.324N  omega=[-0.134 0.313 0.000]  certified=3 uncertified=2  delta=0.0000  gamma=2.000(PENN)  feasible=1
[autopilot_sv_cbf_rate_node-3] [INFO] [1788156057.384706551] [uav_0.autopilot_sv_cbf_rate_node]: goal_waypoint received: [0.000, 5.500, 1.500] (overrides waypoint_x/y/z params)
[autopilot_sv_cbf_rate_node-3] [INFO] [1788156057.484714630] [uav_0.autopilot_sv_cbf_rate_node]: goal_waypoint received: [0.000, 5.500, 1.500] (overrides waypoint_x/y/z params)
[autopilot_sv_cbf_rate_node-3] [INFO] [1788156057.584705908] [uav_0.autopilot_sv_cbf_rate_node]: goal_waypoint received: [0.000, 5.500, 1.500] (overrides waypoint_x/y/z params)
[autopilot_sv_cbf_rate_node-3] [INFO] [1788156057.684690387] [uav_0.autopilot_sv_cbf_rate_node]: goal_waypoint received: [0.000, 5.500, 1.500] (overrides waypoint_x/y/z params)
[autopilot_sv_cbf_rate_node-3] [INFO] [1788156057.784985061] [uav_0.autopilot_sv_cbf_rate_node]: goal_waypoint received: [0.000, 5.500, 1.500] (overrides waypoint_x/y/z params)
[autopilot_sv_cbf_rate_node-3] [ERROR] [1788156057.867566052] [uav_0.autopilot_sv_cbf_rate_node]: QP solve infeasible -- braking this cycle (was: holding T, zero body rate).
[autopilot_sv_cbf_rate_node-3] [INFO] [1788156057.884784442] [uav_0.autopilot_sv_cbf_rate_node]: goal_waypoint received: [0.000, 5.500, 1.500] (overrides waypoint_x/y/z params)
[autopilot_sv_cbf_rate_node-3] [INFO] [1788156057.984991818] [uav_0.autopilot_sv_cbf_rate_node]: goal_waypoint received: [0.000, 5.500, 1.500] (overrides waypoint_x/y/z params)
[autopilot_sv_cbf_rate_node-3] [WARN] [1788156058.016712830] [uav_0.autopilot_sv_cbf_rate_node]: slack in use: delta=0.0012 across 1 uncertified obstacle(s) -- QP could not satisfy the hard part of that row within actuator bounds this cycle.
[autopilot_sv_cbf_rate_node-3] [INFO] [1788156058.084869498] [uav_0.autopilot_sv_cbf_rate_node]: goal_waypoint received: [0.000, 5.500, 1.500] (overrides waypoint_x/y/z params)
[autopilot_sv_cbf_rate_node-3] [INFO] [1788156058.184875477] [uav_0.autopilot_sv_cbf_rate_node]: goal_waypoint received: [0.000, 5.500, 1.500] (overrides waypoint_x/y/z params)
[autopilot_sv_cbf_rate_node-3] [INFO] [1788156058.284901255] [uav_0.autopilot_sv_cbf_rate_node]: goal_waypoint received: [0.000, 5.500, 1.500] (overrides waypoint_x/y/z params)
[autopilot_sv_cbf_rate_node-3] [INFO] [1788156058.367855542] [uav_0.autopilot_sv_cbf_rate_node]: pos=[-0.15 3.13 0.75]  T=24.686N  omega=[-0.835 -0.945 0.000]  certified=5 uncertified=0  delta=0.0000  gamma=4.158(PENN)  feasible=1
[autopilot_sv_cbf_rate_node-3] [INFO] [1788156058.384857834] [uav_0.autopilot_sv_cbf_rate_node]: goal_waypoint received: [0.000, 5.500, 1.500] (overrides waypoint_x/y/z params)
[autopilot_sv_cbf_rate_node-3] [INFO] [1788156058.484863634] [uav_0.autopilot_sv_cbf_rate_node]: goal_waypoint received: [0.000, 5.500, 1.500] (overrides waypoint_x/y/z params)
[autopilot_sv_cbf_rate_node-3] [INFO] [1788156058.585019294] [uav_0.autopilot_sv_cbf_rate_node]: goal_waypoint received: [0.000, 5.500, 1.500] (overrides waypoint_x/y/z params)
[autopilot_sv_cbf_rate_node-3] [INFO] [1788156058.684849558] [uav_0.autopilot_sv_cbf_rate_node]: goal_waypoint received: [0.000, 5.500, 1.500] (overrides waypoint_x/y/z params)
[autopilot_sv_cbf_rate_node-3] [INFO] [1788156058.784928318] [uav_0.autopilot_sv_cbf_rate_node]: goal_waypoint received: [0.000, 5.500, 1.500] (overrides waypoint_x/y/z params)
[autopilot_sv_cbf_rate_node-3] [INFO] [1788156058.885006679] [uav_0.autopilot_sv_cbf_rate_node]: goal_waypoint received: [0.000, 5.500, 1.500] (overrides waypoint_x/y/z params)
[autopilot_sv_cbf_rate_node-3] [INFO] [1788156058.984866042] [uav_0.autopilot_sv_cbf_rate_node]: goal_waypoint received: [0.000, 5.500, 1.500] (overrides waypoint_x/y/z params)
[autopilot_sv_cbf_rate_node-3] [INFO] [1788156059.084771905] [uav_0.autopilot_sv_cbf_rate_node]: goal_waypoint received: [0.000, 5.500, 1.500] (overrides waypoint_x/y/z params)
[autopilot_sv_cbf_rate_node-3] [INFO] [1788156059.184685868] [uav_0.autopilot_sv_cbf_rate_node]: goal_waypoint received: [0.000, 5.500, 1.500] (overrides waypoint_x/y/z params)
[autopilot_sv_cbf_rate_node-3] [INFO] [1788156059.284784029] [uav_0.autopilot_sv_cbf_rate_node]: goal_waypoint received: [0.000, 5.500, 1.500] (overrides waypoint_x/y/z params)
[autopilot_sv_cbf_rate_node-3] [INFO] [1788156059.367907483] [uav_0.autopilot_sv_cbf_rate_node]: pos=[0.01 3.11 1.15]  T=21.589N  omega=[0.291 0.102 0.000]  certified=5 uncertified=0  delta=0.0000  gamma=4.763(PENN)  feasible=1
[autopilot_sv_cbf_rate_node-3] [INFO] [1788156059.384741492] [uav_0.autopilot_sv_cbf_rate_node]: goal_waypoint received: [0.000, 5.500, 1.500] (overrides waypoint_x/y/z params)
[autopilot_sv_cbf_rate_node-3] [WARN] [1788156059.396697356] [uav_0.autopilot_sv_cbf_rate_node]: slack in use: delta=0.0022 across 1 uncertified obstacle(s) -- QP could not satisfy the hard part of that row within actuator bounds this cycle.
[autopilot_sv_cbf_rate_node-3] [INFO] [1788156059.484804053] [uav_0.autopilot_sv_cbf_rate_node]: goal_waypoint received: [0.000, 5.500, 1.500] (overrides waypoint_x/y/z params)
[autopilot_sv_cbf_rate_node-3] [INFO] [1788156059.584729216] [uav_0.autopilot_sv_cbf_rate_node]: goal_waypoint received: [0.000, 5.500, 1.500] (overrides waypoint_x/y/z params)
[autopilot_sv_cbf_rate_node-3] [INFO] [1788156059.684722878] [uav_0.autopilot_sv_cbf_rate_node]: goal_waypoint received: [0.000, 5.500, 1.500] (overrides waypoint_x/y/z params)
[autopilot_sv_cbf_rate_node-3] [INFO] [1788156059.784737440] [uav_0.autopilot_sv_cbf_rate_node]: goal_waypoint received: [0.000, 5.500, 1.500] (overrides waypoint_x/y/z params)
[autopilot_sv_cbf_rate_node-3] [INFO] [1788156059.884894000] [uav_0.autopilot_sv_cbf_rate_node]: goal_waypoint received: [0.000, 5.500, 1.500] (overrides waypoint_x/y/z params)
[autopilot_sv_cbf_rate_node-3] [INFO] [1788156059.984742064] [uav_0.autopilot_sv_cbf_rate_node]: goal_waypoint received: [0.000, 5.500, 1.500] (overrides waypoint_x/y/z params)
[autopilot_sv_cbf_rate_node-3] [INFO] [1788156060.084827225] [uav_0.autopilot_sv_cbf_rate_node]: goal_waypoint received: [0.000, 5.500, 1.500] (overrides waypoint_x/y/z params)
[autopilot_sv_cbf_rate_node-3] [INFO] [1788156060.184790487] [uav_0.autopilot_sv_cbf_rate_node]: goal_waypoint received: [0.000, 5.500, 1.500] (overrides waypoint_x/y/z params)
[autopilot_sv_cbf_rate_node-3] [INFO] [1788156060.284714450] [uav_0.autopilot_sv_cbf_rate_node]: goal_waypoint received: [0.000, 5.500, 1.500] (overrides waypoint_x/y/z params)
[autopilot_sv_cbf_rate_node-3] [INFO] [1788156060.367424108] [uav_0.autopilot_sv_cbf_rate_node]: pos=[-0.01 3.23 1.73]  T=22.501N  omega=[-1.379 -0.225 0.000]  certified=3 uncertified=2  delta=0.0000  gamma=5.737(PENN)  feasible=1
[autopilot_sv_cbf_rate_node-3] [INFO] [1788156060.384757211] [uav_0.autopilot_sv_cbf_rate_node]: goal_waypoint received: [0.000, 5.500, 1.500] (overrides waypoint_x/y/z params)
[autopilot_sv_cbf_rate_node-3] [INFO] [1788156060.484862571] [uav_0.autopilot_sv_cbf_rate_node]: goal_waypoint received: [0.000, 5.500, 1.500] (overrides waypoint_x/y/z params)
[autopilot_sv_cbf_rate_node-3] [INFO] [1788156060.584854533] [uav_0.autopilot_sv_cbf_rate_node]: goal_waypoint received: [0.000, 5.500, 1.500] (overrides waypoint_x/y/z params)
[autopilot_sv_cbf_rate_node-3] [INFO] [1788156060.684758795] [uav_0.autopilot_sv_cbf_rate_node]: goal_waypoint received: [0.000, 5.500, 1.500] (overrides waypoint_x/y/z params)
[autopilot_sv_cbf_rate_node-3] [INFO] [1788156060.784747857] [uav_0.autopilot_sv_cbf_rate_node]: goal_waypoint received: [0.000, 5.500, 1.500] (overrides waypoint_x/y/z params)
[autopilot_sv_cbf_rate_node-3] [INFO] [1788156060.885022115] [uav_0.autopilot_sv_cbf_rate_node]: goal_waypoint received: [0.000, 5.500, 1.500] (overrides waypoint_x/y/z params)
[autopilot_sv_cbf_rate_node-3] [INFO] [1788156060.984876878] [uav_0.autopilot_sv_cbf_rate_node]: goal_waypoint received: [0.000, 5.500, 1.500] (overrides waypoint_x/y/z params)
[autopilot_sv_cbf_rate_node-3] [INFO] [1788156061.084907540] [uav_0.autopilot_sv_cbf_rate_node]: goal_waypoint received: [0.000, 5.500, 1.500] (overrides waypoint_x/y/z params)
[autopilot_sv_cbf_rate_node-3] [INFO] [1788156061.184811303] [uav_0.autopilot_sv_cbf_rate_node]: goal_waypoint received: [0.000, 5.500, 1.500] (overrides waypoint_x/y/z params)
[autopilot_sv_cbf_rate_node-3] [INFO] [1788156061.284670366] [uav_0.autopilot_sv_cbf_rate_node]: goal_waypoint received: [0.000, 5.500, 1.500] (overrides waypoint_x/y/z params)
[autopilot_sv_cbf_rate_node-3] [INFO] [1788156061.367310426] [uav_0.autopilot_sv_cbf_rate_node]: pos=[-0.00 5.31 1.66]  T=26.020N  omega=[-0.641 0.038 0.000]  certified=5 uncertified=0  delta=0.0000  gamma=9.500(PENN)  feasible=1
[autopilot_sv_cbf_rate_node-3] [INFO] [1788156061.384862426] [uav_0.autopilot_sv_cbf_rate_node]: goal_waypoint received: [0.000, 5.500, 1.500] (overrides waypoint_x/y/z params)
[autopilot_sv_cbf_rate_node-3] [INFO] [1788156061.484753989] [uav_0.autopilot_sv_cbf_rate_node]: goal_waypoint received: [0.000, 5.500, 1.500] (overrides waypoint_x/y/z params)
[autopilot_sv_cbf_rate_node-3] [INFO] [1788156061.584939149] [uav_0.autopilot_sv_cbf_rate_node]: goal_waypoint received: [0.000, 5.500, 1.500] (overrides waypoint_x/y/z params)
[autopilot_sv_cbf_rate_node-3] [INFO] [1788156061.684938711] [uav_0.autopilot_sv_cbf_rate_node]: goal_waypoint received: [0.000, 5.500, 1.500] (overrides waypoint_x/y/z params)
[autopilot_sv_cbf_rate_node-3] [INFO] [1788156061.784960672] [uav_0.autopilot_sv_cbf_rate_node]: goal_waypoint received: [0.000, 5.500, 1.500] (overrides waypoint_x/y/z params)
[autopilot_sv_cbf_rate_node-3] [INFO] [1788156061.884856735] [uav_0.autopilot_sv_cbf_rate_node]: goal_waypoint received: [0.000, 5.500, 1.500] (overrides waypoint_x/y/z params)
[autopilot_sv_cbf_rate_node-3] [INFO] [1788156061.985261593] [uav_0.autopilot_sv_cbf_rate_node]: goal_waypoint received: [0.000, 5.500, 1.500] (overrides waypoint_x/y/z params)
[autopilot_sv_cbf_rate_node-3] [INFO] [1788156062.085156956] [uav_0.autopilot_sv_cbf_rate_node]: goal_waypoint received: [0.000, 5.500, 1.500] (overrides waypoint_x/y/z params)
[autopilot_sv_cbf_rate_node-3] [INFO] [1788156062.184901021] [uav_0.autopilot_sv_cbf_rate_node]: goal_waypoint received: [0.000, 5.500, 1.500] (overrides waypoint_x/y/z params)
[autopilot_sv_cbf_rate_node-3] [INFO] [1788156062.285030182] [uav_0.autopilot_sv_cbf_rate_node]: goal_waypoint received: [0.000, 5.500, 1.500] (overrides waypoint_x/y/z params)
[autopilot_sv_cbf_rate_node-3] [INFO] [1788156062.367700641] [uav_0.autopilot_sv_cbf_rate_node]: pos=[-0.04 5.58 1.44]  T=23.004N  omega=[0.408 -0.052 0.000]  certified=5 uncertified=0  delta=0.0000  gamma=2.000(PENN)  feasible=1
[autopilot_sv_cbf_rate_node-3] [INFO] [1788156062.384906846] [uav_0.autopilot_sv_cbf_rate_node]: goal_waypoint received: [0.000, 5.500, 1.500] (overrides waypoint_x/y/z params)
[autopilot_sv_cbf_rate_node-3] [INFO] [1788156062.485205604] [uav_0.autopilot_sv_cbf_rate_node]: goal_waypoint received: [0.000, 5.500, 1.500] (overrides waypoint_x/y/z params)
[autopilot_sv_cbf_rate_node-3] [INFO] [1788156062.585068068] [uav_0.autopilot_sv_cbf_rate_node]: goal_waypoint received: [0.000, 5.500, 1.500] (overrides waypoint_x/y/z params)
[autopilot_sv_cbf_rate_node-3] [INFO] [1788156062.684872933] [uav_0.autopilot_sv_cbf_rate_node]: goal_waypoint received: [0.000, 5.500, 1.500] (overrides waypoint_x/y/z params)
[autopilot_sv_cbf_rate_node-3] [INFO] [1788156062.784816296] [uav_0.autopilot_sv_cbf_rate_node]: goal_waypoint received: [0.000, 5.500, 1.500] (overrides waypoint_x/y/z params)
[autopilot_sv_cbf_rate_node-3] [INFO] [1788156062.884792858] [uav_0.autopilot_sv_cbf_rate_node]: goal_waypoint received: [0.000, 5.500, 1.500] (overrides waypoint_x/y/z params)
[autopilot_sv_cbf_rate_node-3] [INFO] [1788156062.985051617] [uav_0.autopilot_sv_cbf_rate_node]: goal_waypoint received: [0.000, 5.500, 1.500] (overrides waypoint_x/y/z params)
[autopilot_sv_cbf_rate_node-3] [INFO] [1788156063.084808183] [uav_0.autopilot_sv_cbf_rate_node]: goal_waypoint received: [0.000, 5.500, 1.500] (overrides waypoint_x/y/z params)
[autopilot_sv_cbf_rate_node-3] [INFO] [1788156063.184890145] [uav_0.autopilot_sv_cbf_rate_node]: goal_waypoint received: [0.000, 5.500, 1.500] (overrides waypoint_x/y/z params)
[autopilot_sv_cbf_rate_node-3] [INFO] [1788156063.284902307] [uav_0.autopilot_sv_cbf_rate_node]: goal_waypoint received: [0.000, 5.500, 1.500] (overrides waypoint_x/y/z params)
[autopilot_sv_cbf_rate_node-3] [INFO] [1788156063.367497668] [uav_0.autopilot_sv_cbf_rate_node]: pos=[-0.00 5.92 1.38]  T=23.207N  omega=[-0.051 -0.040 0.000]  certified=5 uncertified=0  delta=0.0000  gamma=3.974(PENN)  feasible=1
[autopilot_sv_cbf_rate_node-3] [INFO] [1788156063.384861870] [uav_0.autopilot_sv_cbf_rate_node]: goal_waypoint received: [0.000, 5.500, 1.500] (overrides waypoint_x/y/z params)
[autopilot_sv_cbf_rate_node-3] [INFO] [1788156063.484760434] [uav_0.autopilot_sv_cbf_rate_node]: goal_waypoint received: [0.000, 5.500, 1.500] (overrides waypoint_x/y/z params)
[autopilot_sv_cbf_rate_node-3] [INFO] [1788156063.584820196] [uav_0.autopilot_sv_cbf_rate_node]: goal_waypoint received: [0.000, 5.500, 1.500] (overrides waypoint_x/y/z params)
[autopilot_sv_cbf_rate_node-3] [INFO] [1788156063.684887258] [uav_0.autopilot_sv_cbf_rate_node]: goal_waypoint received: [0.000, 5.500, 1.500] (overrides waypoint_x/y/z params)
[autopilot_sv_cbf_rate_node-3] [INFO] [1788156063.784803321] [uav_0.autopilot_sv_cbf_rate_node]: goal_waypoint received: [0.000, 5.500, 1.500] (overrides waypoint_x/y/z params)
[autopilot_sv_cbf_rate_node-3] [INFO] [1788156063.884856083] [uav_0.autopilot_sv_cbf_rate_node]: goal_waypoint received: [0.000, 5.500, 1.500] (overrides waypoint_x/y/z params)
[autopilot_sv_cbf_rate_node-3] [INFO] [1788156063.984894546] [uav_0.autopilot_sv_cbf_rate_node]: goal_waypoint received: [0.000, 5.500, 1.500] (overrides waypoint_x/y/z params)
[autopilot_sv_cbf_rate_node-3] [INFO] [1788156064.084846009] [uav_0.autopilot_sv_cbf_rate_node]: goal_waypoint received: [0.000, 5.500, 1.500] (overrides waypoint_x/y/z params)
[autopilot_sv_cbf_rate_node-3] [INFO] [1788156064.184858772] [uav_0.autopilot_sv_cbf_rate_node]: goal_waypoint received: [0.000, 5.500, 1.500] (overrides waypoint_x/y/z params)
[autopilot_sv_cbf_rate_node-3] [INFO] [1788156064.284958434] [uav_0.autopilot_sv_cbf_rate_node]: goal_waypoint received: [0.000, 5.500, 1.500] (overrides waypoint_x/y/z params)
[autopilot_sv_cbf_rate_node-3] [INFO] [1788156064.367325597] [uav_0.autopilot_sv_cbf_rate_node]: pos=[0.06 5.97 1.38]  T=22.911N  omega=[-0.024 0.000 0.000]  certified=5 uncertified=0  delta=0.0000  gamma=3.974(PENN)  feasible=1
[autopilot_sv_cbf_rate_node-3] [INFO] [1788156064.384913997] [uav_0.autopilot_sv_cbf_rate_node]: goal_waypoint received: [0.000, 5.500, 1.500] (overrides waypoint_x/y/z params)
[autopilot_sv_cbf_rate_node-3] [INFO] [1788156064.484794062] [uav_0.autopilot_sv_cbf_rate_node]: goal_waypoint received: [0.000, 5.500, 1.500] (overrides waypoint_x/y/z params)
[autopilot_sv_cbf_rate_node-3] [INFO] [1788156064.584804325] [uav_0.autopilot_sv_cbf_rate_node]: goal_waypoint received: [0.000, 5.500, 1.500] (overrides waypoint_x/y/z params)
[autopilot_sv_cbf_rate_node-3] [INFO] [1788156064.684856487] [uav_0.autopilot_sv_cbf_rate_node]: goal_waypoint received: [0.000, 5.500, 1.500] (overrides waypoint_x/y/z params)
[autopilot_sv_cbf_rate_node-3] [INFO] [1788156064.784899550] [uav_0.autopilot_sv_cbf_rate_node]: goal_waypoint received: [0.000, 5.500, 1.500] (overrides waypoint_x/y/z params)
[autopilot_sv_cbf_rate_node-3] [INFO] [1788156064.884952212] [uav_0.autopilot_sv_cbf_rate_node]: goal_waypoint received: [0.000, 5.500, 1.500] (overrides waypoint_x/y/z params)
[autopilot_sv_cbf_rate_node-3] [INFO] [1788156064.984953675] [uav_0.autopilot_sv_cbf_rate_node]: goal_waypoint received: [0.000, 5.500, 1.500] (overrides waypoint_x/y/z params)
[autopilot_sv_cbf_rate_node-3] [INFO] [1788156065.085103237] [uav_0.autopilot_sv_cbf_rate_node]: goal_waypoint received: [0.000, 5.500, 1.500] (overrides waypoint_x/y/z params)
[autopilot_sv_cbf_rate_node-3] [INFO] [1788156065.184936502] [uav_0.autopilot_sv_cbf_rate_node]: goal_waypoint received: [0.000, 5.500, 1.500] (overrides waypoint_x/y/z params)
[autopilot_sv_cbf_rate_node-3] [INFO] [1788156065.284716768] [uav_0.autopilot_sv_cbf_rate_node]: goal_waypoint received: [0.000, 5.500, 1.500] (overrides waypoint_x/y/z params)
[autopilot_sv_cbf_rate_node-3] [INFO] [1788156065.367476327] [uav_0.autopilot_sv_cbf_rate_node]: pos=[0.09 5.96 1.38]  T=23.059N  omega=[-0.009 0.010 0.000]  certified=5 uncertified=0  delta=0.0000  gamma=3.974(PENN)  feasible=1
[autopilot_sv_cbf_rate_node-3] [INFO] [1788156065.385322525] [uav_0.autopilot_sv_cbf_rate_node]: goal_waypoint received: [0.000, 5.500, 1.500] (overrides waypoint_x/y/z params)
[autopilot_sv_cbf_rate_node-3] [INFO] [1788156065.484892693] [uav_0.autopilot_sv_cbf_rate_node]: goal_waypoint received: [0.000, 5.500, 1.500] (overrides waypoint_x/y/z params)
[autopilot_sv_cbf_rate_node-3] [INFO] [1788156065.584882157] [uav_0.autopilot_sv_cbf_rate_node]: goal_waypoint received: [0.000, 5.500, 1.500] (overrides waypoint_x/y/z params)
[autopilot_sv_cbf_rate_node-3] [INFO] [1788156065.684835120] [uav_0.autopilot_sv_cbf_rate_node]: goal_waypoint received: [0.000, 5.500, 1.500] (overrides waypoint_x/y/z params)
[autopilot_sv_cbf_rate_node-3] [INFO] [1788156065.784861884] [uav_0.autopilot_sv_cbf_rate_node]: goal_waypoint received: [0.000, 5.500, 1.500] (overrides waypoint_x/y/z params)
[autopilot_sv_cbf_rate_node-3] [INFO] [1788156065.884874947] [uav_0.autopilot_sv_cbf_rate_node]: goal_waypoint received: [0.000, 5.500, 1.500] (overrides waypoint_x/y/z params)
[autopilot_sv_cbf_rate_node-3] [INFO] [1788156065.984874010] [uav_0.autopilot_sv_cbf_rate_node]: goal_waypoint received: [0.000, 5.500, 1.500] (overrides waypoint_x/y/z params)
[autopilot_sv_cbf_rate_node-3] [INFO] [1788156066.084793375] [uav_0.autopilot_sv_cbf_rate_node]: goal_waypoint received: [0.000, 5.500, 1.500] (overrides waypoint_x/y/z params)
[autopilot_sv_cbf_rate_node-3] [INFO] [1788156066.184811839] [uav_0.autopilot_sv_cbf_rate_node]: goal_waypoint received: [0.000, 5.500, 1.500] (overrides waypoint_x/y/z params)
[autopilot_sv_cbf_rate_node-3] [INFO] [1788156066.284897401] [uav_0.autopilot_sv_cbf_rate_node]: goal_waypoint received: [0.000, 5.500, 1.500] (overrides waypoint_x/y/z params)
[autopilot_sv_cbf_rate_node-3] [INFO] [1788156066.367277565] [uav_0.autopilot_sv_cbf_rate_node]: pos=[0.07 5.91 1.39]  T=22.962N  omega=[0.003 0.003 0.000]  certified=5 uncertified=0  delta=0.0000  gamma=3.579(PENN)  feasible=1
[autopilot_sv_cbf_rate_node-3] [INFO] [1788156066.384839766] [uav_0.autopilot_sv_cbf_rate_node]: goal_waypoint received: [0.000, 5.500, 1.500] (overrides waypoint_x/y/z params)
[autopilot_sv_cbf_rate_node-3] [INFO] [1788156066.484839830] [uav_0.autopilot_sv_cbf_rate_node]: goal_waypoint received: [0.000, 5.500, 1.500] (overrides waypoint_x/y/z params)
[autopilot_sv_cbf_rate_node-3] [INFO] [1788156066.584800694] [uav_0.autopilot_sv_cbf_rate_node]: goal_waypoint received: [0.000, 5.500, 1.500] (overrides waypoint_x/y/z params)
[autopilot_sv_cbf_rate_node-3] [INFO] [1788156066.684925256] [uav_0.autopilot_sv_cbf_rate_node]: goal_waypoint received: [0.000, 5.500, 1.500] (overrides waypoint_x/y/z params)
[autopilot_sv_cbf_rate_node-3] [INFO] [1788156066.784897720] [uav_0.autopilot_sv_cbf_rate_node]: goal_waypoint received: [0.000, 5.500, 1.500] (overrides waypoint_x/y/z params)
[autopilot_sv_cbf_rate_node-3] [INFO] [1788156066.884870284] [uav_0.autopilot_sv_cbf_rate_node]: goal_waypoint received: [0.000, 5.500, 1.500] (overrides waypoint_x/y/z params)
[autopilot_sv_cbf_rate_node-3] [INFO] [1788156066.984899948] [uav_0.autopilot_sv_cbf_rate_node]: goal_waypoint received: [0.000, 5.500, 1.500] (overrides waypoint_x/y/z params)
[autopilot_sv_cbf_rate_node-3] [INFO] [1788156067.084926912] [uav_0.autopilot_sv_cbf_rate_node]: goal_waypoint received: [0.000, 5.500, 1.500] (overrides waypoint_x/y/z params)
[autopilot_sv_cbf_rate_node-3] [INFO] [1788156067.185115274] [uav_0.autopilot_sv_cbf_rate_node]: goal_waypoint received: [0.000, 5.500, 1.500] (overrides waypoint_x/y/z params)
[autopilot_sv_cbf_rate_node-3] [INFO] [1788156067.284870541] [uav_0.autopilot_sv_cbf_rate_node]: goal_waypoint received: [0.000, 5.500, 1.500] (overrides waypoint_x/y/z params)
[autopilot_sv_cbf_rate_node-3] [INFO] [1788156067.367301305] [uav_0.autopilot_sv_cbf_rate_node]: pos=[0.07 5.88 1.40]  T=22.981N  omega=[-0.016 -0.005 0.000]  certified=5 uncertified=0  delta=0.0000  gamma=2.789(PENN)  feasible=1
[autopilot_sv_cbf_rate_node-3] [INFO] [1788156067.384789206] [uav_0.autopilot_sv_cbf_rate_node]: goal_waypoint received: [0.000, 5.500, 1.500] (overrides waypoint_x/y/z params)
[autopilot_sv_cbf_rate_node-3] [INFO] [1788156067.484768370] [uav_0.autopilot_sv_cbf_rate_node]: goal_waypoint received: [0.000, 5.500, 1.500] (overrides waypoint_x/y/z params)
[autopilot_sv_cbf_rate_node-3] [INFO] [1788156067.584762335] [uav_0.autopilot_sv_cbf_rate_node]: goal_waypoint received: [0.000, 5.500, 1.500] (overrides waypoint_x/y/z params)
[autopilot_sv_cbf_rate_node-3] [INFO] [1788156067.684905697] [uav_0.autopilot_sv_cbf_rate_node]: goal_waypoint received: [0.000, 5.500, 1.500] (overrides waypoint_x/y/z params)
[autopilot_sv_cbf_rate_node-3] [INFO] [1788156067.784781863] [uav_0.autopilot_sv_cbf_rate_node]: goal_waypoint received: [0.000, 5.500, 1.500] (overrides waypoint_x/y/z params)
[autopilot_sv_cbf_rate_node-3] [INFO] [1788156067.884851226] [uav_0.autopilot_sv_cbf_rate_node]: goal_waypoint received: [0.000, 5.500, 1.500] (overrides waypoint_x/y/z params)
[autopilot_sv_cbf_rate_node-3] [INFO] [1788156067.984927089] [uav_0.autopilot_sv_cbf_rate_node]: goal_waypoint received: [0.000, 5.500, 1.500] (overrides waypoint_x/y/z params)
[autopilot_sv_cbf_rate_node-3] [INFO] [1788156068.085044336] [uav_0.autopilot_sv_cbf_rate_node]: goal_waypoint received: [0.000, 5.500, 1.500] (overrides waypoint_x/y/z params)
[autopilot_sv_cbf_rate_node-3] [INFO] [1788156068.185036153] [uav_0.autopilot_sv_cbf_rate_node]: goal_waypoint received: [0.000, 5.500, 1.500] (overrides waypoint_x/y/z params)
[autopilot_sv_cbf_rate_node-3] [INFO] [1788156068.284963770] [uav_0.autopilot_sv_cbf_rate_node]: goal_waypoint received: [0.000, 5.500, 1.500] (overrides waypoint_x/y/z params)
[autopilot_sv_cbf_rate_node-3] [INFO] [1788156068.367384648] [uav_0.autopilot_sv_cbf_rate_node]: pos=[0.06 5.80 1.39]  T=23.070N  omega=[0.001 -0.002 0.000]  certified=5 uncertified=0  delta=0.0000  gamma=2.000(PENN)  feasible=1
[autopilot_sv_cbf_rate_node-3] [INFO] [1788156068.384818389] [uav_0.autopilot_sv_cbf_rate_node]: goal_waypoint received: [0.000, 5.500, 1.500] (overrides waypoint_x/y/z params)
[autopilot_sv_cbf_rate_node-3] [INFO] [1788156068.484986004] [uav_0.autopilot_sv_cbf_rate_node]: goal_waypoint received: [0.000, 5.500, 1.500] (overrides waypoint_x/y/z params)
[autopilot_sv_cbf_rate_node-3] [INFO] [1788156068.584864522] [uav_0.autopilot_sv_cbf_rate_node]: goal_waypoint received: [0.000, 5.500, 1.500] (overrides waypoint_x/y/z params)
[autopilot_sv_cbf_rate_node-3] [INFO] [1788156068.684858139] [uav_0.autopilot_sv_cbf_rate_node]: goal_waypoint received: [0.000, 5.500, 1.500] (overrides waypoint_x/y/z params)
[autopilot_sv_cbf_rate_node-3] [INFO] [1788156068.784990354] [uav_0.autopilot_sv_cbf_rate_node]: goal_waypoint received: [0.000, 5.500, 1.500] (overrides waypoint_x/y/z params)
[autopilot_sv_cbf_rate_node-3] [INFO] [1788156068.884792573] [uav_0.autopilot_sv_cbf_rate_node]: goal_waypoint received: [0.000, 5.500, 1.500] (overrides waypoint_x/y/z params)
[autopilot_sv_cbf_rate_node-3] [INFO] [1788156068.984820790] [uav_0.autopilot_sv_cbf_rate_node]: goal_waypoint received: [0.000, 5.500, 1.500] (overrides waypoint_x/y/z params)
[autopilot_sv_cbf_rate_node-3] [INFO] [1788156069.084939805] [uav_0.autopilot_sv_cbf_rate_node]: goal_waypoint received: [0.000, 5.500, 1.500] (overrides waypoint_x/y/z params)
[autopilot_sv_cbf_rate_node-3] [INFO] [1788156069.184728825] [uav_0.autopilot_sv_cbf_rate_node]: goal_waypoint received: [0.000, 5.500, 1.500] (overrides waypoint_x/y/z params)
[autopilot_sv_cbf_rate_node-3] [INFO] [1788156069.284841441] [uav_0.autopilot_sv_cbf_rate_node]: goal_waypoint received: [0.000, 5.500, 1.500] (overrides waypoint_x/y/z params)
[autopilot_sv_cbf_rate_node-3] [INFO] [1788156069.367658413] [uav_0.autopilot_sv_cbf_rate_node]: pos=[0.02 5.75 1.38]  T=23.054N  omega=[0.012 -0.008 0.000]  certified=5 uncertified=0  delta=0.0000  gamma=2.000(PENN)  feasible=1
[autopilot_sv_cbf_rate_node-3] [INFO] [1788156069.384870357] [uav_0.autopilot_sv_cbf_rate_node]: goal_waypoint received: [0.000, 5.500, 1.500] (overrides waypoint_x/y/z params)
[autopilot_sv_cbf_rate_node-3] [INFO] [1788156069.485096871] [uav_0.autopilot_sv_cbf_rate_node]: goal_waypoint received: [0.000, 5.500, 1.500] (overrides waypoint_x/y/z params)
[autopilot_sv_cbf_rate_node-3] [INFO] [1788156069.585059889] [uav_0.autopilot_sv_cbf_rate_node]: goal_waypoint received: [0.000, 5.500, 1.500] (overrides waypoint_x/y/z params)
[autopilot_sv_cbf_rate_node-3] [INFO] [1788156069.684920008] [uav_0.autopilot_sv_cbf_rate_node]: goal_waypoint received: [0.000, 5.500, 1.500] (overrides waypoint_x/y/z params)
[autopilot_sv_cbf_rate_node-3] [INFO] [1788156069.785034024] [uav_0.autopilot_sv_cbf_rate_node]: goal_waypoint received: [0.000, 5.500, 1.500] (overrides waypoint_x/y/z params)
[autopilot_sv_cbf_rate_node-3] [INFO] [1788156069.884854043] [uav_0.autopilot_sv_cbf_rate_node]: goal_waypoint received: [0.000, 5.500, 1.500] (overrides waypoint_x/y/z params)
[autopilot_sv_cbf_rate_node-3] [INFO] [1788156069.985003658] [uav_0.autopilot_sv_cbf_rate_node]: goal_waypoint received: [0.000, 5.500, 1.500] (overrides waypoint_x/y/z params)
[autopilot_sv_cbf_rate_node-3] [INFO] [1788156070.084843778] [uav_0.autopilot_sv_cbf_rate_node]: goal_waypoint received: [0.000, 5.500, 1.500] (overrides waypoint_x/y/z params)
[autopilot_sv_cbf_rate_node-3] [INFO] [1788156070.184893895] [uav_0.autopilot_sv_cbf_rate_node]: goal_waypoint received: [0.000, 5.500, 1.500] (overrides waypoint_x/y/z params)
[autopilot_sv_cbf_rate_node-3] [INFO] [1788156070.285009511] [uav_0.autopilot_sv_cbf_rate_node]: goal_waypoint received: [0.000, 5.500, 1.500] (overrides waypoint_x/y/z params)
[autopilot_sv_cbf_rate_node-3] [INFO] [1788156070.367741584] [uav_0.autopilot_sv_cbf_rate_node]: pos=[0.03 5.75 1.39]  T=22.948N  omega=[-0.008 0.012 0.000]  certified=5 uncertified=0  delta=0.0000  gamma=2.000(PENN)  feasible=1
[autopilot_sv_cbf_rate_node-3] [INFO] [1788156070.384768832] [uav_0.autopilot_sv_cbf_rate_node]: goal_waypoint received: [0.000, 5.500, 1.500] (overrides waypoint_x/y/z params)
[autopilot_sv_cbf_rate_node-3] [INFO] [1788156070.484864448] [uav_0.autopilot_sv_cbf_rate_node]: goal_waypoint received: [0.000, 5.500, 1.500] (overrides waypoint_x/y/z params)
[autopilot_sv_cbf_rate_node-3] [INFO] [1788156070.584784667] [uav_0.autopilot_sv_cbf_rate_node]: goal_waypoint received: [0.000, 5.500, 1.500] (overrides waypoint_x/y/z params)
[autopilot_sv_cbf_rate_node-3] [INFO] [1788156070.684885783] [uav_0.autopilot_sv_cbf_rate_node]: goal_waypoint received: [0.000, 5.500, 1.500] (overrides waypoint_x/y/z params)
[autopilot_sv_cbf_rate_node-3] [INFO] [1788156070.784966799] [uav_0.autopilot_sv_cbf_rate_node]: goal_waypoint received: [0.000, 5.500, 1.500] (overrides waypoint_x/y/z params)
[autopilot_sv_cbf_rate_node-3] [INFO] [1788156070.885019418] [uav_0.autopilot_sv_cbf_rate_node]: goal_waypoint received: [0.000, 5.500, 1.500] (overrides waypoint_x/y/z params)
[autopilot_sv_cbf_rate_node-3] [INFO] [1788156070.984935073] [uav_0.autopilot_sv_cbf_rate_node]: goal_waypoint received: [0.000, 5.500, 1.500] (overrides waypoint_x/y/z params)
[autopilot_sv_cbf_rate_node-3] [INFO] [1788156071.084782629] [uav_0.autopilot_sv_cbf_rate_node]: goal_waypoint received: [0.000, 5.500, 1.500] (overrides waypoint_x/y/z params)
[autopilot_sv_cbf_rate_node-3] [INFO] [1788156071.184823183] [uav_0.autopilot_sv_cbf_rate_node]: goal_waypoint received: [0.000, 5.500, 1.500] (overrides waypoint_x/y/z params)
[autopilot_sv_cbf_rate_node-3] [INFO] [1788156071.284823937] [uav_0.autopilot_sv_cbf_rate_node]: goal_waypoint received: [0.000, 5.500, 1.500] (overrides waypoint_x/y/z params)
[autopilot_sv_cbf_rate_node-3] [INFO] [1788156071.370061761] [uav_0.autopilot_sv_cbf_rate_node]: pos=[0.02 5.76 1.41]  T=23.014N  omega=[-0.002 -0.002 0.000]  certified=5 uncertified=0  delta=0.0000  gamma=2.000(PENN)  feasible=1
[autopilot_sv_cbf_rate_node-3] [INFO] [1788156071.384845592] [uav_0.autopilot_sv_cbf_rate_node]: goal_waypoint received: [0.000, 5.500, 1.500] (overrides waypoint_x/y/z params)
[autopilot_sv_cbf_rate_node-3] [INFO] [1788156071.484824146] [uav_0.autopilot_sv_cbf_rate_node]: goal_waypoint received: [0.000, 5.500, 1.500] (overrides waypoint_x/y/z params)
[autopilot_sv_cbf_rate_node-3] [INFO] [1788156071.585122397] [uav_0.autopilot_sv_cbf_rate_node]: goal_waypoint received: [0.000, 5.500, 1.500] (overrides waypoint_x/y/z params)
[autopilot_sv_cbf_rate_node-3] [INFO] [1788156071.685006153] [uav_0.autopilot_sv_cbf_rate_node]: goal_waypoint received: [0.000, 5.500, 1.500] (overrides waypoint_x/y/z params)
[autopilot_sv_cbf_rate_node-3] [INFO] [1788156071.784878809] [uav_0.autopilot_sv_cbf_rate_node]: goal_waypoint received: [0.000, 5.500, 1.500] (overrides waypoint_x/y/z params)
[autopilot_sv_cbf_rate_node-3] [INFO] [1788156071.884820864] [uav_0.autopilot_sv_cbf_rate_node]: goal_waypoint received: [0.000, 5.500, 1.500] (overrides waypoint_x/y/z params)
[autopilot_sv_cbf_rate_node-3] [INFO] [1788156071.984796319] [uav_0.autopilot_sv_cbf_rate_node]: goal_waypoint received: [0.000, 5.500, 1.500] (overrides waypoint_x/y/z params)
[autopilot_sv_cbf_rate_node-3] [INFO] [1788156072.084993571] [uav_0.autopilot_sv_cbf_rate_node]: goal_waypoint received: [0.000, 5.500, 1.500] (overrides waypoint_x/y/z params)
[autopilot_sv_cbf_rate_node-3] [INFO] [1788156072.184804728] [uav_0.autopilot_sv_cbf_rate_node]: goal_waypoint received: [0.000, 5.500, 1.500] (overrides waypoint_x/y/z params)
[autopilot_sv_cbf_rate_node-3] [INFO] [1788156072.284788983] [uav_0.autopilot_sv_cbf_rate_node]: goal_waypoint received: [0.000, 5.500, 1.500] (overrides waypoint_x/y/z params)
[autopilot_sv_cbf_rate_node-3] [INFO] [1788156072.369828010] [uav_0.autopilot_sv_cbf_rate_node]: pos=[0.01 5.75 1.42]  T=22.981N  omega=[0.008 0.010 0.000]  certified=5 uncertified=0  delta=0.0000  gamma=2.000(PENN)  feasible=1
[autopilot_sv_cbf_rate_node-3] [INFO] [1788156072.384845738] [uav_0.autopilot_sv_cbf_rate_node]: goal_waypoint received: [0.000, 5.500, 1.500] (overrides waypoint_x/y/z params)
[autopilot_sv_cbf_rate_node-3] [INFO] [1788156072.484842093] [uav_0.autopilot_sv_cbf_rate_node]: goal_waypoint received: [0.000, 5.500, 1.500] (overrides waypoint_x/y/z params)
[autopilot_sv_cbf_rate_node-3] [INFO] [1788156072.584942446] [uav_0.autopilot_sv_cbf_rate_node]: goal_waypoint received: [0.000, 5.500, 1.500] (overrides waypoint_x/y/z params)
[autopilot_sv_cbf_rate_node-3] [INFO] [1788156072.685047100] [uav_0.autopilot_sv_cbf_rate_node]: goal_waypoint received: [0.000, 5.500, 1.500] (overrides waypoint_x/y/z params)
[autopilot_sv_cbf_rate_node-3] [INFO] [1788156072.785045655] [uav_0.autopilot_sv_cbf_rate_node]: goal_waypoint received: [0.000, 5.500, 1.500] (overrides waypoint_x/y/z params)
[autopilot_sv_cbf_rate_node-3] [INFO] [1788156072.885053709] [uav_0.autopilot_sv_cbf_rate_node]: goal_waypoint received: [0.000, 5.500, 1.500] (overrides waypoint_x/y/z params)
[autopilot_sv_cbf_rate_node-3] [INFO] [1788156072.984873166] [uav_0.autopilot_sv_cbf_rate_node]: goal_waypoint received: [0.000, 5.500, 1.500] (overrides waypoint_x/y/z params)
[autopilot_sv_cbf_rate_node-3] [INFO] [1788156073.084932721] [uav_0.autopilot_sv_cbf_rate_node]: goal_waypoint received: [0.000, 5.500, 1.500] (overrides waypoint_x/y/z params)
[autopilot_sv_cbf_rate_node-3] [INFO] [1788156073.184823677] [uav_0.autopilot_sv_cbf_rate_node]: goal_waypoint received: [0.000, 5.500, 1.500] (overrides waypoint_x/y/z params)
[autopilot_sv_cbf_rate_node-3] [INFO] [1788156073.284842332] [uav_0.autopilot_sv_cbf_rate_node]: goal_waypoint received: [0.000, 5.500, 1.500] (overrides waypoint_x/y/z params)
[autopilot_sv_cbf_rate_node-3] [INFO] [1788156073.367429387] [uav_0.autopilot_sv_cbf_rate_node]: pos=[0.01 5.73 1.43]  T=23.003N  omega=[-0.013 -0.025 0.000]  certified=5 uncertified=0  delta=0.0000  gamma=2.000(PENN)  feasible=1
[autopilot_sv_cbf_rate_node-3] [INFO] [1788156073.384819888] [uav_0.autopilot_sv_cbf_rate_node]: goal_waypoint received: [0.000, 5.500, 1.500] (overrides waypoint_x/y/z params)
[autopilot_sv_cbf_rate_node-3] [INFO] [1788156073.484927342] [uav_0.autopilot_sv_cbf_rate_node]: goal_waypoint received: [0.000, 5.500, 1.500] (overrides waypoint_x/y/z params)
[autopilot_sv_cbf_rate_node-3] [INFO] [1788156073.584794699] [uav_0.autopilot_sv_cbf_rate_node]: goal_waypoint received: [0.000, 5.500, 1.500] (overrides waypoint_x/y/z params)
[autopilot_sv_cbf_rate_node-3] [INFO] [1788156073.684801154] [uav_0.autopilot_sv_cbf_rate_node]: goal_waypoint received: [0.000, 5.500, 1.500] (overrides waypoint_x/y/z params)
[autopilot_sv_cbf_rate_node-3] [INFO] [1788156073.784963707] [uav_0.autopilot_sv_cbf_rate_node]: goal_waypoint received: [0.000, 5.500, 1.500] (overrides waypoint_x/y/z params)
[autopilot_sv_cbf_rate_node-3] [INFO] [1788156073.884827364] [uav_0.autopilot_sv_cbf_rate_node]: goal_waypoint received: [0.000, 5.500, 1.500] (overrides waypoint_x/y/z params)
[autopilot_sv_cbf_rate_node-3] [INFO] [1788156073.984786020] [uav_0.autopilot_sv_cbf_rate_node]: goal_waypoint received: [0.000, 5.500, 1.500] (overrides waypoint_x/y/z params)
[autopilot_sv_cbf_rate_node-3] [INFO] [1788156074.084779475] [uav_0.autopilot_sv_cbf_rate_node]: goal_waypoint received: [0.000, 5.500, 1.500] (overrides waypoint_x/y/z params)
[autopilot_sv_cbf_rate_node-3] [INFO] [1788156074.184779231] [uav_0.autopilot_sv_cbf_rate_node]: goal_waypoint received: [0.000, 5.500, 1.500] (overrides waypoint_x/y/z params)
[autopilot_sv_cbf_rate_node-3] [INFO] [1788156074.284859285] [uav_0.autopilot_sv_cbf_rate_node]: goal_waypoint received: [0.000, 5.500, 1.500] (overrides waypoint_x/y/z params)
[autopilot_sv_cbf_rate_node-3] [INFO] [1788156074.367671838] [uav_0.autopilot_sv_cbf_rate_node]: pos=[0.02 5.70 1.44]  T=22.964N  omega=[0.017 -0.005 0.000]  certified=5 uncertified=0  delta=0.0000  gamma=2.000(PENN)  feasible=1
[autopilot_sv_cbf_rate_node-3] [INFO] [1788156074.384880741] [uav_0.autopilot_sv_cbf_rate_node]: goal_waypoint received: [0.000, 5.500, 1.500] (overrides waypoint_x/y/z params)
[autopilot_sv_cbf_rate_node-3] [INFO] [1788156074.484780698] [uav_0.autopilot_sv_cbf_rate_node]: goal_waypoint received: [0.000, 5.500, 1.500] (overrides waypoint_x/y/z params)
[autopilot_sv_cbf_rate_node-3] [INFO] [1788156074.584851152] [uav_0.autopilot_sv_cbf_rate_node]: goal_waypoint received: [0.000, 5.500, 1.500] (overrides waypoint_x/y/z params)
[autopilot_sv_cbf_rate_node-3] [INFO] [1788156074.684843608] [uav_0.autopilot_sv_cbf_rate_node]: goal_waypoint received: [0.000, 5.500, 1.500] (overrides waypoint_x/y/z params)
[autopilot_sv_cbf_rate_node-3] [INFO] [1788156074.784857863] [uav_0.autopilot_sv_cbf_rate_node]: goal_waypoint received: [0.000, 5.500, 1.500] (overrides waypoint_x/y/z params)
[autopilot_sv_cbf_rate_node-3] [INFO] [1788156074.884861019] [uav_0.autopilot_sv_cbf_rate_node]: goal_waypoint received: [0.000, 5.500, 1.500] (overrides waypoint_x/y/z params)
[autopilot_sv_cbf_rate_node-3] [INFO] [1788156074.984802975] [uav_0.autopilot_sv_cbf_rate_node]: goal_waypoint received: [0.000, 5.500, 1.500] (overrides waypoint_x/y/z params)
[autopilot_sv_cbf_rate_node-3] [INFO] [1788156075.084828231] [uav_0.autopilot_sv_cbf_rate_node]: goal_waypoint received: [0.000, 5.500, 1.500] (overrides waypoint_x/y/z params)
[autopilot_sv_cbf_rate_node-3] [INFO] [1788156075.184804387] [uav_0.autopilot_sv_cbf_rate_node]: goal_waypoint received: [0.000, 5.500, 1.500] (overrides waypoint_x/y/z params)
[autopilot_sv_cbf_rate_node-3] [INFO] [1788156075.284866442] [uav_0.autopilot_sv_cbf_rate_node]: goal_waypoint received: [0.000, 5.500, 1.500] (overrides waypoint_x/y/z params)
[autopilot_sv_cbf_rate_node-3] [INFO] [1788156075.370252966] [uav_0.autopilot_sv_cbf_rate_node]: pos=[0.03 5.69 1.44]  T=23.026N  omega=[-0.007 0.004 0.000]  certified=5 uncertified=0  delta=0.0000  gamma=2.000(PENN)  feasible=1
[autopilot_sv_cbf_rate_node-3] [INFO] [1788156075.384883298] [uav_0.autopilot_sv_cbf_rate_node]: goal_waypoint received: [0.000, 5.500, 1.500] (overrides waypoint_x/y/z params)
[autopilot_sv_cbf_rate_node-3] [INFO] [1788156075.484787855] [uav_0.autopilot_sv_cbf_rate_node]: goal_waypoint received: [0.000, 5.500, 1.500] (overrides waypoint_x/y/z params)
[autopilot_sv_cbf_rate_node-3] [INFO] [1788156075.584822311] [uav_0.autopilot_sv_cbf_rate_node]: goal_waypoint received: [0.000, 5.500, 1.500] (overrides waypoint_x/y/z params)
[autopilot_sv_cbf_rate_node-3] [INFO] [1788156075.684808667] [uav_0.autopilot_sv_cbf_rate_node]: goal_waypoint received: [0.000, 5.500, 1.500] (overrides waypoint_x/y/z params)
[autopilot_sv_cbf_rate_node-3] [INFO] [1788156075.784976321] [uav_0.autopilot_sv_cbf_rate_node]: goal_waypoint received: [0.000, 5.500, 1.500] (overrides waypoint_x/y/z params)
[autopilot_sv_cbf_rate_node-3] [INFO] [1788156075.885045976] [uav_0.autopilot_sv_cbf_rate_node]: goal_waypoint received: [0.000, 5.500, 1.500] (overrides waypoint_x/y/z params)
[autopilot_sv_cbf_rate_node-3] [INFO] [1788156075.984833635] [uav_0.autopilot_sv_cbf_rate_node]: goal_waypoint received: [0.000, 5.500, 1.500] (overrides waypoint_x/y/z params)
[autopilot_sv_cbf_rate_node-3] [INFO] [1788156076.085007789] [uav_0.autopilot_sv_cbf_rate_node]: goal_waypoint received: [0.000, 5.500, 1.500] (overrides waypoint_x/y/z params)
[autopilot_sv_cbf_rate_node-3] [INFO] [1788156076.185006437] [uav_0.autopilot_sv_cbf_rate_node]: goal_waypoint received: [0.000, 5.500, 1.500] (overrides waypoint_x/y/z params)
[autopilot_sv_cbf_rate_node-3] [INFO] [1788156076.284836386] [uav_0.autopilot_sv_cbf_rate_node]: goal_waypoint received: [0.000, 5.500, 1.500] (overrides waypoint_x/y/z params)
[autopilot_sv_cbf_rate_node-3] [INFO] [1788156076.373151169] [uav_0.autopilot_sv_cbf_rate_node]: pos=[0.03 5.67 1.44]  T=22.998N  omega=[-0.007 -0.003 0.000]  certified=5 uncertified=0  delta=0.0000  gamma=2.000(PENN)  feasible=1
[autopilot_sv_cbf_rate_node-3] [INFO] [1788156076.384811634] [uav_0.autopilot_sv_cbf_rate_node]: goal_waypoint received: [0.000, 5.500, 1.500] (overrides waypoint_x/y/z params)
[autopilot_sv_cbf_rate_node-3] [INFO] [1788156076.484808082] [uav_0.autopilot_sv_cbf_rate_node]: goal_waypoint received: [0.000, 5.500, 1.500] (overrides waypoint_x/y/z params)
[autopilot_sv_cbf_rate_node-3] [INFO] [1788156076.584914328] [uav_0.autopilot_sv_cbf_rate_node]: goal_waypoint received: [0.000, 5.500, 1.500] (overrides waypoint_x/y/z params)
[autopilot_sv_cbf_rate_node-3] [INFO] [1788156076.684842377] [uav_0.autopilot_sv_cbf_rate_node]: goal_waypoint received: [0.000, 5.500, 1.500] (overrides waypoint_x/y/z params)
[autopilot_sv_cbf_rate_node-3] [INFO] [1788156076.784875024] [uav_0.autopilot_sv_cbf_rate_node]: goal_waypoint received: [0.000, 5.500, 1.500] (overrides waypoint_x/y/z params)
[autopilot_sv_cbf_rate_node-3] [INFO] [1788156076.884809372] [uav_0.autopilot_sv_cbf_rate_node]: goal_waypoint received: [0.000, 5.500, 1.500] (overrides waypoint_x/y/z params)
[autopilot_sv_cbf_rate_node-3] [INFO] [1788156076.984813320] [uav_0.autopilot_sv_cbf_rate_node]: goal_waypoint received: [0.000, 5.500, 1.500] (overrides waypoint_x/y/z params)
[autopilot_sv_cbf_rate_node-3] [INFO] [1788156077.084814368] [uav_0.autopilot_sv_cbf_rate_node]: goal_waypoint received: [0.000, 5.500, 1.500] (overrides waypoint_x/y/z params)
[autopilot_sv_cbf_rate_node-3] [INFO] [1788156077.184991214] [uav_0.autopilot_sv_cbf_rate_node]: goal_waypoint received: [0.000, 5.500, 1.500] (overrides waypoint_x/y/z params)
[autopilot_sv_cbf_rate_node-3] [INFO] [1788156077.284767064] [uav_0.autopilot_sv_cbf_rate_node]: goal_waypoint received: [0.000, 5.500, 1.500] (overrides waypoint_x/y/z params)
[autopilot_sv_cbf_rate_node-3] [INFO] [1788156077.367292913] [uav_0.autopilot_sv_cbf_rate_node]: pos=[0.03 5.65 1.45]  T=22.960N  omega=[0.013 0.003 0.000]  certified=5 uncertified=0  delta=0.0000  gamma=2.000(PENN)  feasible=1
[autopilot_sv_cbf_rate_node-3] [INFO] [1788156077.384921810] [uav_0.autopilot_sv_cbf_rate_node]: goal_waypoint received: [0.000, 5.500, 1.500] (overrides waypoint_x/y/z params)
[autopilot_sv_cbf_rate_node-3] [INFO] [1788156077.484759260] [uav_0.autopilot_sv_cbf_rate_node]: goal_waypoint received: [0.000, 5.500, 1.500] (overrides waypoint_x/y/z params)
[autopilot_sv_cbf_rate_node-3] [INFO] [1788156077.584792108] [uav_0.autopilot_sv_cbf_rate_node]: goal_waypoint received: [0.000, 5.500, 1.500] (overrides waypoint_x/y/z params)
[autopilot_sv_cbf_rate_node-3] [INFO] [1788156077.684797656] [uav_0.autopilot_sv_cbf_rate_node]: goal_waypoint received: [0.000, 5.500, 1.500] (overrides waypoint_x/y/z params)
[autopilot_sv_cbf_rate_node-3] [INFO] [1788156077.784872003] [uav_0.autopilot_sv_cbf_rate_node]: goal_waypoint received: [0.000, 5.500, 1.500] (overrides waypoint_x/y/z params)
[autopilot_sv_cbf_rate_node-3] [INFO] [1788156077.884784652] [uav_0.autopilot_sv_cbf_rate_node]: goal_waypoint received: [0.000, 5.500, 1.500] (overrides waypoint_x/y/z params)
[autopilot_sv_cbf_rate_node-3] [INFO] [1788156077.984801199] [uav_0.autopilot_sv_cbf_rate_node]: goal_waypoint received: [0.000, 5.500, 1.500] (overrides waypoint_x/y/z params)
[autopilot_sv_cbf_rate_node-3] [INFO] [1788156078.084818648] [uav_0.autopilot_sv_cbf_rate_node]: goal_waypoint received: [0.000, 5.500, 1.500] (overrides waypoint_x/y/z params)
[autopilot_sv_cbf_rate_node-3] [INFO] [1788156078.184787896] [uav_0.autopilot_sv_cbf_rate_node]: goal_waypoint received: [0.000, 5.500, 1.500] (overrides waypoint_x/y/z params)
[autopilot_sv_cbf_rate_node-3] [INFO] [1788156078.284796544] [uav_0.autopilot_sv_cbf_rate_node]: goal_waypoint received: [0.000, 5.500, 1.500] (overrides waypoint_x/y/z params)
[autopilot_sv_cbf_rate_node-3] [INFO] [1788156078.367243695] [uav_0.autopilot_sv_cbf_rate_node]: pos=[0.01 5.66 1.46]  T=22.981N  omega=[0.001 -0.002 0.000]  certified=5 uncertified=0  delta=0.0000  gamma=2.000(PENN)  feasible=1
[autopilot_sv_cbf_rate_node-3] [INFO] [1788156078.384848092] [uav_0.autopilot_sv_cbf_rate_node]: goal_waypoint received: [0.000, 5.500, 1.500] (overrides waypoint_x/y/z params)
[autopilot_sv_cbf_rate_node-3] [INFO] [1788156078.484793041] [uav_0.autopilot_sv_cbf_rate_node]: goal_waypoint received: [0.000, 5.500, 1.500] (overrides waypoint_x/y/z params)
[autopilot_sv_cbf_rate_node-3] [INFO] [1788156078.584855889] [uav_0.autopilot_sv_cbf_rate_node]: goal_waypoint received: [0.000, 5.500, 1.500] (overrides waypoint_x/y/z params)
[autopilot_sv_cbf_rate_node-3] [INFO] [1788156078.684901037] [uav_0.autopilot_sv_cbf_rate_node]: goal_waypoint received: [0.000, 5.500, 1.500] (overrides waypoint_x/y/z params)
[autopilot_sv_cbf_rate_node-3] [INFO] [1788156078.785053283] [uav_0.autopilot_sv_cbf_rate_node]: goal_waypoint received: [0.000, 5.500, 1.500] (overrides waypoint_x/y/z params)
[autopilot_sv_cbf_rate_node-3] [INFO] [1788156078.885063431] [uav_0.autopilot_sv_cbf_rate_node]: goal_waypoint received: [0.000, 5.500, 1.500] (overrides waypoint_x/y/z params)
[autopilot_sv_cbf_rate_node-3] [INFO] [1788156078.984904782] [uav_0.autopilot_sv_cbf_rate_node]: goal_waypoint received: [0.000, 5.500, 1.500] (overrides waypoint_x/y/z params)
[autopilot_sv_cbf_rate_node-3] [INFO] [1788156079.084888030] [uav_0.autopilot_sv_cbf_rate_node]: goal_waypoint received: [0.000, 5.500, 1.500] (overrides waypoint_x/y/z params)
[autopilot_sv_cbf_rate_node-3] [INFO] [1788156079.185061577] [uav_0.autopilot_sv_cbf_rate_node]: goal_waypoint received: [0.000, 5.500, 1.500] (overrides waypoint_x/y/z params)
[autopilot_sv_cbf_rate_node-3] [INFO] [1788156079.284838028] [uav_0.autopilot_sv_cbf_rate_node]: goal_waypoint received: [0.000, 5.500, 1.500] (overrides waypoint_x/y/z params)
[autopilot_sv_cbf_rate_node-3] [INFO] [1788156079.367470877] [uav_0.autopilot_sv_cbf_rate_node]: pos=[0.01 5.63 1.48]  T=22.943N  omega=[0.004 0.004 0.000]  certified=5 uncertified=0  delta=0.0000  gamma=2.000(PENN)  feasible=1
[autopilot_sv_cbf_rate_node-3] [INFO] [1788156079.384867277] [uav_0.autopilot_sv_cbf_rate_node]: goal_waypoint received: [0.000, 5.500, 1.500] (overrides waypoint_x/y/z params)
[autopilot_sv_cbf_rate_node-3] [INFO] [1788156079.484876525] [uav_0.autopilot_sv_cbf_rate_node]: goal_waypoint received: [0.000, 5.500, 1.500] (overrides waypoint_x/y/z params)
[autopilot_sv_cbf_rate_node-3] [INFO] [1788156079.584831375] [uav_0.autopilot_sv_cbf_rate_node]: goal_waypoint received: [0.000, 5.500, 1.500] (overrides waypoint_x/y/z params)
[autopilot_sv_cbf_rate_node-3] [INFO] [1788156079.684836823] [uav_0.autopilot_sv_cbf_rate_node]: goal_waypoint received: [0.000, 5.500, 1.500] (overrides waypoint_x/y/z params)
[autopilot_sv_cbf_rate_node-3] [INFO] [1788156079.784791772] [uav_0.autopilot_sv_cbf_rate_node]: goal_waypoint received: [0.000, 5.500, 1.500] (overrides waypoint_x/y/z params)
[autopilot_sv_cbf_rate_node-3] [INFO] [1788156079.884858620] [uav_0.autopilot_sv_cbf_rate_node]: goal_waypoint received: [0.000, 5.500, 1.500] (overrides waypoint_x/y/z params)
[autopilot_sv_cbf_rate_node-3] [INFO] [1788156079.984781970] [uav_0.autopilot_sv_cbf_rate_node]: goal_waypoint received: [0.000, 5.500, 1.500] (overrides waypoint_x/y/z params)
[autopilot_sv_cbf_rate_node-3] [INFO] [1788156080.084906018] [uav_0.autopilot_sv_cbf_rate_node]: goal_waypoint received: [0.000, 5.500, 1.500] (overrides waypoint_x/y/z params)
[autopilot_sv_cbf_rate_node-3] [INFO] [1788156080.184812468] [uav_0.autopilot_sv_cbf_rate_node]: goal_waypoint received: [0.000, 5.500, 1.500] (overrides waypoint_x/y/z params)
[autopilot_sv_cbf_rate_node-3] [INFO] [1788156080.284826517] [uav_0.autopilot_sv_cbf_rate_node]: goal_waypoint received: [0.000, 5.500, 1.500] (overrides waypoint_x/y/z params)
[autopilot_sv_cbf_rate_node-3] [INFO] [1788156080.367303567] [uav_0.autopilot_sv_cbf_rate_node]: pos=[0.01 5.62 1.46]  T=23.044N  omega=[-0.001 0.002 0.000]  certified=5 uncertified=0  delta=0.0000  gamma=2.000(PENN)  feasible=1
[autopilot_sv_cbf_rate_node-3] [INFO] [1788156080.384782966] [uav_0.autopilot_sv_cbf_rate_node]: goal_waypoint received: [0.000, 5.500, 1.500] (overrides waypoint_x/y/z params)
[autopilot_sv_cbf_rate_node-3] [INFO] [1788156080.484830315] [uav_0.autopilot_sv_cbf_rate_node]: goal_waypoint received: [0.000, 5.500, 1.500] (overrides waypoint_x/y/z params)
[autopilot_sv_cbf_rate_node-3] [INFO] [1788156080.584740665] [uav_0.autopilot_sv_cbf_rate_node]: goal_waypoint received: [0.000, 5.500, 1.500] (overrides waypoint_x/y/z params)
[autopilot_sv_cbf_rate_node-3] [INFO] [1788156080.684784413] [uav_0.autopilot_sv_cbf_rate_node]: goal_waypoint received: [0.000, 5.500, 1.500] (overrides waypoint_x/y/z params)
[autopilot_sv_cbf_rate_node-3] [INFO] [1788156080.784787462] [uav_0.autopilot_sv_cbf_rate_node]: goal_waypoint received: [0.000, 5.500, 1.500] (overrides waypoint_x/y/z params)
[autopilot_sv_cbf_rate_node-3] [INFO] [1788156080.884866711] [uav_0.autopilot_sv_cbf_rate_node]: goal_waypoint received: [0.000, 5.500, 1.500] (overrides waypoint_x/y/z params)
[autopilot_sv_cbf_rate_node-3] [INFO] [1788156080.984836160] [uav_0.autopilot_sv_cbf_rate_node]: goal_waypoint received: [0.000, 5.500, 1.500] (overrides waypoint_x/y/z params)
[autopilot_sv_cbf_rate_node-3] [INFO] [1788156081.084762110] [uav_0.autopilot_sv_cbf_rate_node]: goal_waypoint received: [0.000, 5.500, 1.500] (overrides waypoint_x/y/z params)
[autopilot_sv_cbf_rate_node-3] [INFO] [1788156081.184805559] [uav_0.autopilot_sv_cbf_rate_node]: goal_waypoint received: [0.000, 5.500, 1.500] (overrides waypoint_x/y/z params)
[autopilot_sv_cbf_rate_node-3] [INFO] [1788156081.284792409] [uav_0.autopilot_sv_cbf_rate_node]: goal_waypoint received: [0.000, 5.500, 1.500] (overrides waypoint_x/y/z params)
[autopilot_sv_cbf_rate_node-3] [INFO] [1788156081.367060862] [uav_0.autopilot_sv_cbf_rate_node]: pos=[-0.01 5.62 1.46]  T=23.005N  omega=[0.017 -0.008 0.000]  certified=5 uncertified=0  delta=0.0000  gamma=2.000(PENN)  feasible=1
[autopilot_sv_cbf_rate_node-3] [INFO] [1788156081.384823858] [uav_0.autopilot_sv_cbf_rate_node]: goal_waypoint received: [0.000, 5.500, 1.500] (overrides waypoint_x/y/z params)
[autopilot_sv_cbf_rate_node-3] [INFO] [1788156081.484781608] [uav_0.autopilot_sv_cbf_rate_node]: goal_waypoint received: [0.000, 5.500, 1.500] (overrides waypoint_x/y/z params)
[autopilot_sv_cbf_rate_node-3] [INFO] [1788156081.584813857] [uav_0.autopilot_sv_cbf_rate_node]: goal_waypoint received: [0.000, 5.500, 1.500] (overrides waypoint_x/y/z params)
[autopilot_sv_cbf_rate_node-3] [INFO] [1788156081.684848806] [uav_0.autopilot_sv_cbf_rate_node]: goal_waypoint received: [0.000, 5.500, 1.500] (overrides waypoint_x/y/z params)
[autopilot_sv_cbf_rate_node-3] [INFO] [1788156081.784868355] [uav_0.autopilot_sv_cbf_rate_node]: goal_waypoint received: [0.000, 5.500, 1.500] (overrides waypoint_x/y/z params)
[autopilot_sv_cbf_rate_node-3] [INFO] [1788156081.884770406] [uav_0.autopilot_sv_cbf_rate_node]: goal_waypoint received: [0.000, 5.500, 1.500] (overrides waypoint_x/y/z params)
[autopilot_sv_cbf_rate_node-3] [INFO] [1788156081.984908454] [uav_0.autopilot_sv_cbf_rate_node]: goal_waypoint received: [0.000, 5.500, 1.500] (overrides waypoint_x/y/z params)
[autopilot_sv_cbf_rate_node-3] [INFO] [1788156082.084750505] [uav_0.autopilot_sv_cbf_rate_node]: goal_waypoint received: [0.000, 5.500, 1.500] (overrides waypoint_x/y/z params)
[autopilot_sv_cbf_rate_node-3] [INFO] [1788156082.184998852] [uav_0.autopilot_sv_cbf_rate_node]: goal_waypoint received: [0.000, 5.500, 1.500] (overrides waypoint_x/y/z params)
[autopilot_sv_cbf_rate_node-3] [INFO] [1788156082.284892903] [uav_0.autopilot_sv_cbf_rate_node]: goal_waypoint received: [0.000, 5.500, 1.500] (overrides waypoint_x/y/z params)
[autopilot_sv_cbf_rate_node-3] [INFO] [1788156082.367098558] [uav_0.autopilot_sv_cbf_rate_node]: pos=[-0.00 5.60 1.45]  T=23.036N  omega=[-0.006 0.004 0.000]  certified=5 uncertified=0  delta=0.0000  gamma=2.000(PENN)  feasible=1
[autopilot_sv_cbf_rate_node-3] [INFO] [1788156082.384845754] [uav_0.autopilot_sv_cbf_rate_node]: goal_waypoint received: [0.000, 5.500, 1.500] (overrides waypoint_x/y/z params)
[autopilot_sv_cbf_rate_node-3] [INFO] [1788156082.484802804] [uav_0.autopilot_sv_cbf_rate_node]: goal_waypoint received: [0.000, 5.500, 1.500] (overrides waypoint_x/y/z params)
[autopilot_sv_cbf_rate_node-3] [INFO] [1788156082.584784254] [uav_0.autopilot_sv_cbf_rate_node]: goal_waypoint received: [0.000, 5.500, 1.500] (overrides waypoint_x/y/z params)
[autopilot_sv_cbf_rate_node-3] [INFO] [1788156082.684878603] [uav_0.autopilot_sv_cbf_rate_node]: goal_waypoint received: [0.000, 5.500, 1.500] (overrides waypoint_x/y/z params)
[autopilot_sv_cbf_rate_node-3] [INFO] [1788156082.784874753] [uav_0.autopilot_sv_cbf_rate_node]: goal_waypoint received: [0.000, 5.500, 1.500] (overrides waypoint_x/y/z params)
[autopilot_sv_cbf_rate_node-3] [INFO] [1788156082.884851703] [uav_0.autopilot_sv_cbf_rate_node]: goal_waypoint received: [0.000, 5.500, 1.500] (overrides waypoint_x/y/z params)
[autopilot_sv_cbf_rate_node-3] [INFO] [1788156082.984848853] [uav_0.autopilot_sv_cbf_rate_node]: goal_waypoint received: [0.000, 5.500, 1.500] (overrides waypoint_x/y/z params)
[autopilot_sv_cbf_rate_node-3] [INFO] [1788156083.084833003] [uav_0.autopilot_sv_cbf_rate_node]: goal_waypoint received: [0.000, 5.500, 1.500] (overrides waypoint_x/y/z params)
[autopilot_sv_cbf_rate_node-3] [INFO] [1788156083.185242748] [uav_0.autopilot_sv_cbf_rate_node]: goal_waypoint received: [0.000, 5.500, 1.500] (overrides waypoint_x/y/z params)
[autopilot_sv_cbf_rate_node-3] [INFO] [1788156083.284864103] [uav_0.autopilot_sv_cbf_rate_node]: goal_waypoint received: [0.000, 5.500, 1.500] (overrides waypoint_x/y/z params)
[autopilot_sv_cbf_rate_node-3] [INFO] [1788156083.367339455] [uav_0.autopilot_sv_cbf_rate_node]: pos=[0.01 5.61 1.46]  T=23.019N  omega=[0.005 -0.002 0.000]  certified=5 uncertified=0  delta=0.0000  gamma=2.000(PENN)  feasible=1
[autopilot_sv_cbf_rate_node-3] [INFO] [1788156083.384853653] [uav_0.autopilot_sv_cbf_rate_node]: goal_waypoint received: [0.000, 5.500, 1.500] (overrides waypoint_x/y/z params)
[autopilot_sv_cbf_rate_node-3] [INFO] [1788156083.485036301] [uav_0.autopilot_sv_cbf_rate_node]: goal_waypoint received: [0.000, 5.500, 1.500] (overrides waypoint_x/y/z params)
[autopilot_sv_cbf_rate_node-3] [INFO] [1788156083.585012952] [uav_0.autopilot_sv_cbf_rate_node]: goal_waypoint received: [0.000, 5.500, 1.500] (overrides waypoint_x/y/z params)
[autopilot_sv_cbf_rate_node-3] [INFO] [1788156083.684987002] [uav_0.autopilot_sv_cbf_rate_node]: goal_waypoint received: [0.000, 5.500, 1.500] (overrides waypoint_x/y/z params)
[autopilot_sv_cbf_rate_node-3] [INFO] [1788156083.784898053] [uav_0.autopilot_sv_cbf_rate_node]: goal_waypoint received: [0.000, 5.500, 1.500] (overrides waypoint_x/y/z params)
[autopilot_sv_cbf_rate_node-3] [INFO] [1788156083.884779805] [uav_0.autopilot_sv_cbf_rate_node]: goal_waypoint received: [0.000, 5.500, 1.500] (overrides waypoint_x/y/z params)
[autopilot_sv_cbf_rate_node-3] [INFO] [1788156083.984789455] [uav_0.autopilot_sv_cbf_rate_node]: goal_waypoint received: [0.000, 5.500, 1.500] (overrides waypoint_x/y/z params)
[autopilot_sv_cbf_rate_node-3] [INFO] [1788156084.084787006] [uav_0.autopilot_sv_cbf_rate_node]: goal_waypoint received: [0.000, 5.500, 1.500] (overrides waypoint_x/y/z params)
[autopilot_sv_cbf_rate_node-3] [INFO] [1788156084.184868260] [uav_0.autopilot_sv_cbf_rate_node]: goal_waypoint received: [0.000, 5.500, 1.500] (overrides waypoint_x/y/z params)
[autopilot_sv_cbf_rate_node-3] [INFO] [1788156084.284910516] [uav_0.autopilot_sv_cbf_rate_node]: goal_waypoint received: [0.000, 5.500, 1.500] (overrides waypoint_x/y/z params)
[autopilot_sv_cbf_rate_node-3] [INFO] [1788156084.367330973] [uav_0.autopilot_sv_cbf_rate_node]: pos=[0.00 5.59 1.48]  T=22.943N  omega=[0.003 0.001 0.000]  certified=5 uncertified=0  delta=0.0000  gamma=2.000(PENN)  feasible=1
[autopilot_sv_cbf_rate_node-3] [INFO] [1788156084.384794673] [uav_0.autopilot_sv_cbf_rate_node]: goal_waypoint received: [0.000, 5.500, 1.500] (overrides waypoint_x/y/z params)
[autopilot_sv_cbf_rate_node-3] [INFO] [1788156084.484798630] [uav_0.autopilot_sv_cbf_rate_node]: goal_waypoint received: [0.000, 5.500, 1.500] (overrides waypoint_x/y/z params)
[autopilot_sv_cbf_rate_node-3] [INFO] [1788156084.584853985] [uav_0.autopilot_sv_cbf_rate_node]: goal_waypoint received: [0.000, 5.500, 1.500] (overrides waypoint_x/y/z params)
[autopilot_sv_cbf_rate_node-3] [INFO] [1788156084.684741643] [uav_0.autopilot_sv_cbf_rate_node]: goal_waypoint received: [0.000, 5.500, 1.500] (overrides waypoint_x/y/z params)
[autopilot_sv_cbf_rate_node-3] [INFO] [1788156084.784805798] [uav_0.autopilot_sv_cbf_rate_node]: goal_waypoint received: [0.000, 5.500, 1.500] (overrides waypoint_x/y/z params)
[autopilot_sv_cbf_rate_node-3] [INFO] [1788156084.884801554] [uav_0.autopilot_sv_cbf_rate_node]: goal_waypoint received: [0.000, 5.500, 1.500] (overrides waypoint_x/y/z params)
[autopilot_sv_cbf_rate_node-3] [INFO] [1788156084.985008608] [uav_0.autopilot_sv_cbf_rate_node]: goal_waypoint received: [0.000, 5.500, 1.500] (overrides waypoint_x/y/z params)
[autopilot_sv_cbf_rate_node-3] [INFO] [1788156085.084795167] [uav_0.autopilot_sv_cbf_rate_node]: goal_waypoint received: [0.000, 5.500, 1.500] (overrides waypoint_x/y/z params)
[autopilot_sv_cbf_rate_node-3] [INFO] [1788156085.184802324] [uav_0.autopilot_sv_cbf_rate_node]: goal_waypoint received: [0.000, 5.500, 1.500] (overrides waypoint_x/y/z params)
[autopilot_sv_cbf_rate_node-3] [INFO] [1788156085.284845780] [uav_0.autopilot_sv_cbf_rate_node]: goal_waypoint received: [0.000, 5.500, 1.500] (overrides waypoint_x/y/z params)
[autopilot_sv_cbf_rate_node-3] [INFO] [1788156085.367435235] [uav_0.autopilot_sv_cbf_rate_node]: pos=[-0.01 5.59 1.49]  T=22.976N  omega=[-0.008 0.000 0.000]  certified=5 uncertified=0  delta=0.0000  gamma=2.000(PENN)  feasible=1
[autopilot_sv_cbf_rate_node-3] [INFO] [1788156085.384842336] [uav_0.autopilot_sv_cbf_rate_node]: goal_waypoint received: [0.000, 5.500, 1.500] (overrides waypoint_x/y/z params)
[autopilot_sv_cbf_rate_node-3] [INFO] [1788156085.484917992] [uav_0.autopilot_sv_cbf_rate_node]: goal_waypoint received: [0.000, 5.500, 1.500] (overrides waypoint_x/y/z params)
[autopilot_sv_cbf_rate_node-3] [INFO] [1788156085.584822750] [uav_0.autopilot_sv_cbf_rate_node]: goal_waypoint received: [0.000, 5.500, 1.500] (overrides waypoint_x/y/z params)
[autopilot_sv_cbf_rate_node-3] [INFO] [1788156085.684984004] [uav_0.autopilot_sv_cbf_rate_node]: goal_waypoint received: [0.000, 5.500, 1.500] (overrides waypoint_x/y/z params)
[autopilot_sv_cbf_rate_node-3] [INFO] [1788156085.785075060] [uav_0.autopilot_sv_cbf_rate_node]: goal_waypoint received: [0.000, 5.500, 1.500] (overrides waypoint_x/y/z params)
[autopilot_sv_cbf_rate_node-3] [INFO] [1788156085.885126416] [uav_0.autopilot_sv_cbf_rate_node]: goal_waypoint received: [0.000, 5.500, 1.500] (overrides waypoint_x/y/z params)
[autopilot_sv_cbf_rate_node-3] [INFO] [1788156085.985459869] [uav_0.autopilot_sv_cbf_rate_node]: goal_waypoint received: [0.000, 5.500, 1.500] (overrides waypoint_x/y/z params)
[autopilot_sv_cbf_rate_node-3] [INFO] [1788156086.084980131] [uav_0.autopilot_sv_cbf_rate_node]: goal_waypoint received: [0.000, 5.500, 1.500] (overrides waypoint_x/y/z params)
[autopilot_sv_cbf_rate_node-3] [INFO] [1788156086.184993488] [uav_0.autopilot_sv_cbf_rate_node]: goal_waypoint received: [0.000, 5.500, 1.500] (overrides waypoint_x/y/z params)
[autopilot_sv_cbf_rate_node-3] [INFO] [1788156086.285226042] [uav_0.autopilot_sv_cbf_rate_node]: goal_waypoint received: [0.000, 5.500, 1.500] (overrides waypoint_x/y/z params)
[autopilot_sv_cbf_rate_node-3] [INFO] [1788156086.371305958] [uav_0.autopilot_sv_cbf_rate_node]: pos=[0.00 5.60 1.49]  T=22.995N  omega=[0.010 0.010 0.000]  certified=5 uncertified=0  delta=0.0000  gamma=2.000(PENN)  feasible=1
[autopilot_sv_cbf_rate_node-3] [INFO] [1788156086.384977302] [uav_0.autopilot_sv_cbf_rate_node]: goal_waypoint received: [0.000, 5.500, 1.500] (overrides waypoint_x/y/z params)
[autopilot_sv_cbf_rate_node-3] [INFO] [1788156086.485269356] [uav_0.autopilot_sv_cbf_rate_node]: goal_waypoint received: [0.000, 5.500, 1.500] (overrides waypoint_x/y/z params)
[autopilot_sv_cbf_rate_node-3] [INFO] [1788156086.584981816] [uav_0.autopilot_sv_cbf_rate_node]: goal_waypoint received: [0.000, 5.500, 1.500] (overrides waypoint_x/y/z params)
[autopilot_sv_cbf_rate_node-3] [INFO] [1788156086.684826675] [uav_0.autopilot_sv_cbf_rate_node]: goal_waypoint received: [0.000, 5.500, 1.500] (overrides waypoint_x/y/z params)
[autopilot_sv_cbf_rate_node-3] [INFO] [1788156086.784996630] [uav_0.autopilot_sv_cbf_rate_node]: goal_waypoint received: [0.000, 5.500, 1.500] (overrides waypoint_x/y/z params)
[autopilot_sv_cbf_rate_node-3] [INFO] [1788156086.884981387] [uav_0.autopilot_sv_cbf_rate_node]: goal_waypoint received: [0.000, 5.500, 1.500] (overrides waypoint_x/y/z params)
[autopilot_sv_cbf_rate_node-3] [INFO] [1788156086.985064543] [uav_0.autopilot_sv_cbf_rate_node]: goal_waypoint received: [0.000, 5.500, 1.500] (overrides waypoint_x/y/z params)
[autopilot_sv_cbf_rate_node-3] [INFO] [1788156087.088559160] [uav_0.autopilot_sv_cbf_rate_node]: goal_waypoint received: [0.000, 5.500, 1.500] (overrides waypoint_x/y/z params)
[autopilot_sv_cbf_rate_node-3] [INFO] [1788156087.184967058] [uav_0.autopilot_sv_cbf_rate_node]: goal_waypoint received: [0.000, 5.500, 1.500] (overrides waypoint_x/y/z params)
[autopilot_sv_cbf_rate_node-3] [INFO] [1788156087.284943616] [uav_0.autopilot_sv_cbf_rate_node]: goal_waypoint received: [0.000, 5.500, 1.500] (overrides waypoint_x/y/z params)
[autopilot_sv_cbf_rate_node-3] [INFO] [1788156087.367140477] [uav_0.autopilot_sv_cbf_rate_node]: pos=[-0.00 5.60 1.48]  T=23.010N  omega=[0.010 -0.008 0.000]  certified=5 uncertified=0  delta=0.0000  gamma=2.000(PENN)  feasible=1
[autopilot_sv_cbf_rate_node-3] [INFO] [1788156087.384853874] [uav_0.autopilot_sv_cbf_rate_node]: goal_waypoint received: [0.000, 5.500, 1.500] (overrides waypoint_x/y/z params)
[autopilot_sv_cbf_rate_node-3] [INFO] [1788156087.484931631] [uav_0.autopilot_sv_cbf_rate_node]: goal_waypoint received: [0.000, 5.500, 1.500] (overrides waypoint_x/y/z params)
[autopilot_sv_cbf_rate_node-3] [INFO] [1788156087.584849189] [uav_0.autopilot_sv_cbf_rate_node]: goal_waypoint received: [0.000, 5.500, 1.500] (overrides waypoint_x/y/z params)
[autopilot_sv_cbf_rate_node-3] [INFO] [1788156087.692379760] [uav_0.autopilot_sv_cbf_rate_node]: goal_waypoint received: [0.000, 5.500, 1.500] (overrides waypoint_x/y/z params)
[autopilot_sv_cbf_rate_node-3] [INFO] [1788156087.786554384] [uav_0.autopilot_sv_cbf_rate_node]: goal_waypoint received: [0.000, 5.500, 1.500] (overrides waypoint_x/y/z params)
[autopilot_sv_cbf_rate_node-3] [INFO] [1788156087.885130658] [uav_0.autopilot_sv_cbf_rate_node]: goal_waypoint received: [0.000, 5.500, 1.500] (overrides waypoint_x/y/z params)
[autopilot_sv_cbf_rate_node-3] [INFO] [1788156087.984903018] [uav_0.autopilot_sv_cbf_rate_node]: goal_waypoint received: [0.000, 5.500, 1.500] (overrides waypoint_x/y/z params)
[autopilot_sv_cbf_rate_node-3] [INFO] [1788156088.085050074] [uav_0.autopilot_sv_cbf_rate_node]: goal_waypoint received: [0.000, 5.500, 1.500] (overrides waypoint_x/y/z params)
[autopilot_sv_cbf_rate_node-3] [INFO] [1788156088.184929433] [uav_0.autopilot_sv_cbf_rate_node]: goal_waypoint received: [0.000, 5.500, 1.500] (overrides waypoint_x/y/z params)
[autopilot_sv_cbf_rate_node-3] [INFO] [1788156088.285020989] [uav_0.autopilot_sv_cbf_rate_node]: goal_waypoint received: [0.000, 5.500, 1.500] (overrides waypoint_x/y/z params)
[autopilot_sv_cbf_rate_node-3] [INFO] [1788156088.377147337] [uav_0.autopilot_sv_cbf_rate_node]: pos=[0.02 5.58 1.49]  T=22.983N  omega=[0.008 0.005 0.000]  certified=5 uncertified=0  delta=0.0000  gamma=2.000(PENN)  feasible=1
[autopilot_sv_cbf_rate_node-3] [INFO] [1788156088.384812049] [uav_0.autopilot_sv_cbf_rate_node]: goal_waypoint received: [0.000, 5.500, 1.500] (overrides waypoint_x/y/z params)
[autopilot_sv_cbf_rate_node-3] [INFO] [1788156088.491065736] [uav_0.autopilot_sv_cbf_rate_node]: goal_waypoint received: [0.000, 5.500, 1.500] (overrides waypoint_x/y/z params)
[autopilot_sv_cbf_rate_node-3] [INFO] [1788156088.585127961] [uav_0.autopilot_sv_cbf_rate_node]: goal_waypoint received: [0.000, 5.500, 1.500] (overrides waypoint_x/y/z params)
[autopilot_sv_cbf_rate_node-3] [INFO] [1788156088.684846722] [uav_0.autopilot_sv_cbf_rate_node]: goal_waypoint received: [0.000, 5.500, 1.500] (overrides waypoint_x/y/z params)
[autopilot_sv_cbf_rate_node-3] [INFO] [1788156088.784927979] [uav_0.autopilot_sv_cbf_rate_node]: goal_waypoint received: [0.000, 5.500, 1.500] (overrides waypoint_x/y/z params)
[autopilot_sv_cbf_rate_node-3] [INFO] [1788156088.884987536] [uav_0.autopilot_sv_cbf_rate_node]: goal_waypoint received: [0.000, 5.500, 1.500] (overrides waypoint_x/y/z params)
[autopilot_sv_cbf_rate_node-3] [INFO] [1788156088.984875195] [uav_0.autopilot_sv_cbf_rate_node]: goal_waypoint received: [0.000, 5.500, 1.500] (overrides waypoint_x/y/z params)
[autopilot_sv_cbf_rate_node-3] [INFO] [1788156089.084998351] [uav_0.autopilot_sv_cbf_rate_node]: goal_waypoint received: [0.000, 5.500, 1.500] (overrides waypoint_x/y/z params)
[autopilot_sv_cbf_rate_node-3] [INFO] [1788156089.185273206] [uav_0.autopilot_sv_cbf_rate_node]: goal_waypoint received: [0.000, 5.500, 1.500] (overrides waypoint_x/y/z params)
[autopilot_sv_cbf_rate_node-3] [INFO] [1788156089.284860569] [uav_0.autopilot_sv_cbf_rate_node]: goal_waypoint received: [0.000, 5.500, 1.500] (overrides waypoint_x/y/z params)
[autopilot_sv_cbf_rate_node-3] [INFO] [1788156089.376914218] [uav_0.autopilot_sv_cbf_rate_node]: pos=[0.00 5.56 1.47]  T=23.030N  omega=[-0.006 0.003 0.000]  certified=5 uncertified=0  delta=0.0000  gamma=2.000(PENN)  feasible=1
[autopilot_sv_cbf_rate_node-3] [INFO] [1788156089.384846127] [uav_0.autopilot_sv_cbf_rate_node]: goal_waypoint received: [0.000, 5.500, 1.500] (overrides waypoint_x/y/z params)
[autopilot_sv_cbf_rate_node-3] [INFO] [1788156089.484904585] [uav_0.autopilot_sv_cbf_rate_node]: goal_waypoint received: [0.000, 5.500, 1.500] (overrides waypoint_x/y/z params)
[autopilot_sv_cbf_rate_node-3] [INFO] [1788156089.589047795] [uav_0.autopilot_sv_cbf_rate_node]: goal_waypoint received: [0.000, 5.500, 1.500] (overrides waypoint_x/y/z params)
[autopilot_sv_cbf_rate_node-3] [INFO] [1788156089.697613356] [uav_0.autopilot_sv_cbf_rate_node]: goal_waypoint received: [0.000, 5.500, 1.500] (overrides waypoint_x/y/z params)
[autopilot_sv_cbf_rate_node-3] [INFO] [1788156089.784870759] [uav_0.autopilot_sv_cbf_rate_node]: goal_waypoint received: [0.000, 5.500, 1.500] (overrides waypoint_x/y/z params)
[autopilot_sv_cbf_rate_node-3] [INFO] [1788156089.885018316] [uav_0.autopilot_sv_cbf_rate_node]: goal_waypoint received: [0.000, 5.500, 1.500] (overrides waypoint_x/y/z params)
[autopilot_sv_cbf_rate_node-3] [INFO] [1788156089.984851576] [uav_0.autopilot_sv_cbf_rate_node]: goal_waypoint received: [0.000, 5.500, 1.500] (overrides waypoint_x/y/z params)
[autopilot_sv_cbf_rate_node-3] [INFO] [1788156090.084978333] [uav_0.autopilot_sv_cbf_rate_node]: goal_waypoint received: [0.000, 5.500, 1.500] (overrides waypoint_x/y/z params)
[autopilot_sv_cbf_rate_node-3] [INFO] [1788156090.185164889] [uav_0.autopilot_sv_cbf_rate_node]: goal_waypoint received: [0.000, 5.500, 1.500] (overrides waypoint_x/y/z params)
[autopilot_sv_cbf_rate_node-3] [INFO] [1788156090.285132148] [uav_0.autopilot_sv_cbf_rate_node]: goal_waypoint received: [0.000, 5.500, 1.500] (overrides waypoint_x/y/z params)
[autopilot_sv_cbf_rate_node-3] [INFO] [1788156090.385052407] [uav_0.autopilot_sv_cbf_rate_node]: goal_waypoint received: [0.000, 5.500, 1.500] (overrides waypoint_x/y/z params)
[autopilot_sv_cbf_rate_node-3] [INFO] [1788156090.400456131] [uav_0.autopilot_sv_cbf_rate_node]: pos=[-0.01 5.54 1.47]  T=23.003N  omega=[-0.008 -0.004 0.000]  certified=5 uncertified=0  delta=0.0000  gamma=2.000(PENN)  feasible=1
[autopilot_sv_cbf_rate_node-3] [INFO] [1788156090.485058365] [uav_0.autopilot_sv_cbf_rate_node]: goal_waypoint received: [0.000, 5.500, 1.500] (overrides waypoint_x/y/z params)
[autopilot_sv_cbf_rate_node-3] [INFO] [1788156090.585251422] [uav_0.autopilot_sv_cbf_rate_node]: goal_waypoint received: [0.000, 5.500, 1.500] (overrides waypoint_x/y/z params)
[autopilot_sv_cbf_rate_node-3] [INFO] [1788156090.685011883] [uav_0.autopilot_sv_cbf_rate_node]: goal_waypoint received: [0.000, 5.500, 1.500] (overrides waypoint_x/y/z params)
[autopilot_sv_cbf_rate_node-3] [INFO] [1788156090.785380837] [uav_0.autopilot_sv_cbf_rate_node]: goal_waypoint received: [0.000, 5.500, 1.500] (overrides waypoint_x/y/z params)
[autopilot_sv_cbf_rate_node-3] [INFO] [1788156090.885095499] [uav_0.autopilot_sv_cbf_rate_node]: goal_waypoint received: [0.000, 5.500, 1.500] (overrides waypoint_x/y/z params)
[autopilot_sv_cbf_rate_node-3] [INFO] [1788156090.985079357] [uav_0.autopilot_sv_cbf_rate_node]: goal_waypoint received: [0.000, 5.500, 1.500] (overrides waypoint_x/y/z params)
[autopilot_sv_cbf_rate_node-3] [INFO] [1788156091.085264114] [uav_0.autopilot_sv_cbf_rate_node]: goal_waypoint received: [0.000, 5.500, 1.500] (overrides waypoint_x/y/z params)
[autopilot_sv_cbf_rate_node-3] [INFO] [1788156091.185156274] [uav_0.autopilot_sv_cbf_rate_node]: goal_waypoint received: [0.000, 5.500, 1.500] (overrides waypoint_x/y/z params)
[autopilot_sv_cbf_rate_node-3] [INFO] [1788156091.285006934] [uav_0.autopilot_sv_cbf_rate_node]: goal_waypoint received: [0.000, 5.500, 1.500] (overrides waypoint_x/y/z params)
[autopilot_sv_cbf_rate_node-3] [INFO] [1788156091.385099092] [uav_0.autopilot_sv_cbf_rate_node]: goal_waypoint received: [0.000, 5.500, 1.500] (overrides waypoint_x/y/z params)
[autopilot_sv_cbf_rate_node-3] [INFO] [1788156091.397195154] [uav_0.autopilot_sv_cbf_rate_node]: pos=[0.01 5.55 1.48]  T=22.961N  omega=[-0.007 0.005 0.000]  certified=5 uncertified=0  delta=0.0000  gamma=2.000(PENN)  feasible=1
[autopilot_sv_cbf_rate_node-3] [INFO] [1788156091.484959452] [uav_0.autopilot_sv_cbf_rate_node]: goal_waypoint received: [0.000, 5.500, 1.500] (overrides waypoint_x/y/z params)
[autopilot_sv_cbf_rate_node-3] [INFO] [1788156091.585087010] [uav_0.autopilot_sv_cbf_rate_node]: goal_waypoint received: [0.000, 5.500, 1.500] (overrides waypoint_x/y/z params)
[autopilot_sv_cbf_rate_node-3] [INFO] [1788156091.685268266] [uav_0.autopilot_sv_cbf_rate_node]: goal_waypoint received: [0.000, 5.500, 1.500] (overrides waypoint_x/y/z params)
[autopilot_sv_cbf_rate_node-3] [INFO] [1788156091.784842630] [uav_0.autopilot_sv_cbf_rate_node]: goal_waypoint received: [0.000, 5.500, 1.500] (overrides waypoint_x/y/z params)
[autopilot_sv_cbf_rate_node-3] [INFO] [1788156091.885073586] [uav_0.autopilot_sv_cbf_rate_node]: goal_waypoint received: [0.000, 5.500, 1.500] (overrides waypoint_x/y/z params)
[autopilot_sv_cbf_rate_node-3] [INFO] [1788156091.984867347] [uav_0.autopilot_sv_cbf_rate_node]: goal_waypoint received: [0.000, 5.500, 1.500] (overrides waypoint_x/y/z params)
[autopilot_sv_cbf_rate_node-3] [INFO] [1788156092.085503499] [uav_0.autopilot_sv_cbf_rate_node]: goal_waypoint received: [0.000, 5.500, 1.500] (overrides waypoint_x/y/z params)
[autopilot_sv_cbf_rate_node-3] [INFO] [1788156092.184941084] [uav_0.autopilot_sv_cbf_rate_node]: goal_waypoint received: [0.000, 5.500, 1.500] (overrides waypoint_x/y/z params)
[autopilot_sv_cbf_rate_node-3] [INFO] [1788156092.284882835] [uav_0.autopilot_sv_cbf_rate_node]: goal_waypoint received: [0.000, 5.500, 1.500] (overrides waypoint_x/y/z params)
[autopilot_sv_cbf_rate_node-3] [INFO] [1788156092.384920084] [uav_0.autopilot_sv_cbf_rate_node]: goal_waypoint received: [0.000, 5.500, 1.500] (overrides waypoint_x/y/z params)
[autopilot_sv_cbf_rate_node-3] [INFO] [1788156092.397173031] [uav_0.autopilot_sv_cbf_rate_node]: pos=[0.01 5.55 1.48]  T=22.998N  omega=[-0.003 0.002 0.000]  certified=5 uncertified=0  delta=0.0000  gamma=2.000(PENN)  feasible=1
[autopilot_sv_cbf_rate_node-3] [INFO] [1788156092.484925234] [uav_0.autopilot_sv_cbf_rate_node]: goal_waypoint received: [0.000, 5.500, 1.500] (overrides waypoint_x/y/z params)
[autopilot_sv_cbf_rate_node-3] [INFO] [1788156092.584926084] [uav_0.autopilot_sv_cbf_rate_node]: goal_waypoint received: [0.000, 5.500, 1.500] (overrides waypoint_x/y/z params)
[autopilot_sv_cbf_rate_node-3] [INFO] [1788156092.684797836] [uav_0.autopilot_sv_cbf_rate_node]: goal_waypoint received: [0.000, 5.500, 1.500] (overrides waypoint_x/y/z params)
[autopilot_sv_cbf_rate_node-3] [INFO] [1788156092.784953084] [uav_0.autopilot_sv_cbf_rate_node]: goal_waypoint received: [0.000, 5.500, 1.500] (overrides waypoint_x/y/z params)
[autopilot_sv_cbf_rate_node-3] [INFO] [1788156092.884981233] [uav_0.autopilot_sv_cbf_rate_node]: goal_waypoint received: [0.000, 5.500, 1.500] (overrides waypoint_x/y/z params)
[autopilot_sv_cbf_rate_node-3] [INFO] [1788156092.985024183] [uav_0.autopilot_sv_cbf_rate_node]: goal_waypoint received: [0.000, 5.500, 1.500] (overrides waypoint_x/y/z params)
[autopilot_sv_cbf_rate_node-3] [INFO] [1788156093.084957434] [uav_0.autopilot_sv_cbf_rate_node]: goal_waypoint received: [0.000, 5.500, 1.500] (overrides waypoint_x/y/z params)
[autopilot_sv_cbf_rate_node-3] [INFO] [1788156093.184956884] [uav_0.autopilot_sv_cbf_rate_node]: goal_waypoint received: [0.000, 5.500, 1.500] (overrides waypoint_x/y/z params)
[autopilot_sv_cbf_rate_node-3] [INFO] [1788156093.285118632] [uav_0.autopilot_sv_cbf_rate_node]: goal_waypoint received: [0.000, 5.500, 1.500] (overrides waypoint_x/y/z params)
[autopilot_sv_cbf_rate_node-3] [INFO] [1788156093.384981884] [uav_0.autopilot_sv_cbf_rate_node]: goal_waypoint received: [0.000, 5.500, 1.500] (overrides waypoint_x/y/z params)
[autopilot_sv_cbf_rate_node-3] [INFO] [1788156093.397782924] [uav_0.autopilot_sv_cbf_rate_node]: pos=[0.01 5.54 1.49]  T=23.006N  omega=[0.014 0.001 0.000]  certified=5 uncertified=0  delta=0.0000  gamma=2.000(PENN)  feasible=1
[autopilot_sv_cbf_rate_node-3] [INFO] [1788156093.484978534] [uav_0.autopilot_sv_cbf_rate_node]: goal_waypoint received: [0.000, 5.500, 1.500] (overrides waypoint_x/y/z params)
[autopilot_sv_cbf_rate_node-3] [INFO] [1788156093.584817387] [uav_0.autopilot_sv_cbf_rate_node]: goal_waypoint received: [0.000, 5.500, 1.500] (overrides waypoint_x/y/z params)
[autopilot_sv_cbf_rate_node-3] [INFO] [1788156093.684856236] [uav_0.autopilot_sv_cbf_rate_node]: goal_waypoint received: [0.000, 5.500, 1.500] (overrides waypoint_x/y/z params)
[autopilot_sv_cbf_rate_node-3] [INFO] [1788156093.784965285] [uav_0.autopilot_sv_cbf_rate_node]: goal_waypoint received: [0.000, 5.500, 1.500] (overrides waypoint_x/y/z params)
[autopilot_sv_cbf_rate_node-3] [INFO] [1788156093.884914836] [uav_0.autopilot_sv_cbf_rate_node]: goal_waypoint received: [0.000, 5.500, 1.500] (overrides waypoint_x/y/z params)
[autopilot_sv_cbf_rate_node-3] [INFO] [1788156093.984878887] [uav_0.autopilot_sv_cbf_rate_node]: goal_waypoint received: [0.000, 5.500, 1.500] (overrides waypoint_x/y/z params)
[autopilot_sv_cbf_rate_node-3] [INFO] [1788156094.084849538] [uav_0.autopilot_sv_cbf_rate_node]: goal_waypoint received: [0.000, 5.500, 1.500] (overrides waypoint_x/y/z params)
[autopilot_sv_cbf_rate_node-3] [INFO] [1788156094.184947487] [uav_0.autopilot_sv_cbf_rate_node]: goal_waypoint received: [0.000, 5.500, 1.500] (overrides waypoint_x/y/z params)
[autopilot_sv_cbf_rate_node-3] [INFO] [1788156094.284821740] [uav_0.autopilot_sv_cbf_rate_node]: goal_waypoint received: [0.000, 5.500, 1.500] (overrides waypoint_x/y/z params)
[autopilot_sv_cbf_rate_node-3] [INFO] [1788156094.385214885] [uav_0.autopilot_sv_cbf_rate_node]: goal_waypoint received: [0.000, 5.500, 1.500] (overrides waypoint_x/y/z params)
[autopilot_sv_cbf_rate_node-3] [INFO] [1788156094.417488482] [uav_0.autopilot_sv_cbf_rate_node]: pos=[-0.00 5.54 1.50]  T=22.926N  omega=[-0.002 0.016 0.000]  certified=5 uncertified=0  delta=0.0000  gamma=2.000(PENN)  feasible=1
[autopilot_sv_cbf_rate_node-3] [INFO] [1788156094.485000339] [uav_0.autopilot_sv_cbf_rate_node]: goal_waypoint received: [0.000, 5.500, 1.500] (overrides waypoint_x/y/z params)
[autopilot_sv_cbf_rate_node-3] [INFO] [1788156094.584963290] [uav_0.autopilot_sv_cbf_rate_node]: goal_waypoint received: [0.000, 5.500, 1.500] (overrides waypoint_x/y/z params)
[autopilot_sv_cbf_rate_node-3] [INFO] [1788156094.684976640] [uav_0.autopilot_sv_cbf_rate_node]: goal_waypoint received: [0.000, 5.500, 1.500] (overrides waypoint_x/y/z params)
[autopilot_sv_cbf_rate_node-3] [INFO] [1788156094.785166588] [uav_0.autopilot_sv_cbf_rate_node]: goal_waypoint received: [0.000, 5.500, 1.500] (overrides waypoint_x/y/z params)
[autopilot_sv_cbf_rate_node-3] [INFO] [1788156094.884989841] [uav_0.autopilot_sv_cbf_rate_node]: goal_waypoint received: [0.000, 5.500, 1.500] (overrides waypoint_x/y/z params)
[autopilot_sv_cbf_rate_node-3] [INFO] [1788156094.985609184] [uav_0.autopilot_sv_cbf_rate_node]: goal_waypoint received: [0.000, 5.500, 1.500] (overrides waypoint_x/y/z params)
[autopilot_sv_cbf_rate_node-3] [INFO] [1788156095.085139141] [uav_0.autopilot_sv_cbf_rate_node]: goal_waypoint received: [0.000, 5.500, 1.500] (overrides waypoint_x/y/z params)
[autopilot_sv_cbf_rate_node-3] [INFO] [1788156095.185205591] [uav_0.autopilot_sv_cbf_rate_node]: goal_waypoint received: [0.000, 5.500, 1.500] (overrides waypoint_x/y/z params)
[autopilot_sv_cbf_rate_node-3] [INFO] [1788156095.285005345] [uav_0.autopilot_sv_cbf_rate_node]: goal_waypoint received: [0.000, 5.500, 1.500] (overrides waypoint_x/y/z params)
[autopilot_sv_cbf_rate_node-3] [INFO] [1788156095.384852398] [uav_0.autopilot_sv_cbf_rate_node]: goal_waypoint received: [0.000, 5.500, 1.500] (overrides waypoint_x/y/z params)
[autopilot_sv_cbf_rate_node-3] [INFO] [1788156095.407282017] [uav_0.autopilot_sv_cbf_rate_node]: pos=[-0.03 5.54 1.50]  T=22.990N  omega=[0.011 -0.009 0.000]  certified=5 uncertified=0  delta=0.0000  gamma=2.000(PENN)  feasible=1
[autopilot_sv_cbf_rate_node-3] [INFO] [1788156095.484917648] [uav_0.autopilot_sv_cbf_rate_node]: goal_waypoint received: [0.000, 5.500, 1.500] (overrides waypoint_x/y/z params)
[autopilot_sv_cbf_rate_node-3] [INFO] [1788156095.584901399] [uav_0.autopilot_sv_cbf_rate_node]: goal_waypoint received: [0.000, 5.500, 1.500] (overrides waypoint_x/y/z params)
[autopilot_sv_cbf_rate_node-3] [INFO] [1788156095.684936150] [uav_0.autopilot_sv_cbf_rate_node]: goal_waypoint received: [0.000, 5.500, 1.500] (overrides waypoint_x/y/z params)
[autopilot_sv_cbf_rate_node-3] [INFO] [1788156095.784842902] [uav_0.autopilot_sv_cbf_rate_node]: goal_waypoint received: [0.000, 5.500, 1.500] (overrides waypoint_x/y/z params)
[autopilot_sv_cbf_rate_node-3] [INFO] [1788156095.884953051] [uav_0.autopilot_sv_cbf_rate_node]: goal_waypoint received: [0.000, 5.500, 1.500] (overrides waypoint_x/y/z params)
[autopilot_sv_cbf_rate_node-3] [INFO] [1788156095.985061201] [uav_0.autopilot_sv_cbf_rate_node]: goal_waypoint received: [0.000, 5.500, 1.500] (overrides waypoint_x/y/z params)
[autopilot_sv_cbf_rate_node-3] [INFO] [1788156096.084834055] [uav_0.autopilot_sv_cbf_rate_node]: goal_waypoint received: [0.000, 5.500, 1.500] (overrides waypoint_x/y/z params)
[autopilot_sv_cbf_rate_node-3] [INFO] [1788156096.184939105] [uav_0.autopilot_sv_cbf_rate_node]: goal_waypoint received: [0.000, 5.500, 1.500] (overrides waypoint_x/y/z params)
[autopilot_sv_cbf_rate_node-3] [INFO] [1788156096.285075855] [uav_0.autopilot_sv_cbf_rate_node]: goal_waypoint received: [0.000, 5.500, 1.500] (overrides waypoint_x/y/z params)
[autopilot_sv_cbf_rate_node-3] [INFO] [1788156096.384883409] [uav_0.autopilot_sv_cbf_rate_node]: goal_waypoint received: [0.000, 5.500, 1.500] (overrides waypoint_x/y/z params)
[autopilot_sv_cbf_rate_node-3] [INFO] [1788156096.407580025] [uav_0.autopilot_sv_cbf_rate_node]: pos=[-0.02 5.54 1.50]  T=22.994N  omega=[-0.000 -0.011 0.000]  certified=5 uncertified=0  delta=0.0000  gamma=2.000(PENN)  feasible=1
[autopilot_sv_cbf_rate_node-3] [INFO] [1788156096.484826661] [uav_0.autopilot_sv_cbf_rate_node]: goal_waypoint received: [0.000, 5.500, 1.500] (overrides waypoint_x/y/z params)
[autopilot_sv_cbf_rate_node-3] [INFO] [1788156096.584941111] [uav_0.autopilot_sv_cbf_rate_node]: goal_waypoint received: [0.000, 5.500, 1.500] (overrides waypoint_x/y/z params)
[autopilot_sv_cbf_rate_node-3] [INFO] [1788156096.684903262] [uav_0.autopilot_sv_cbf_rate_node]: goal_waypoint received: [0.000, 5.500, 1.500] (overrides waypoint_x/y/z params)
[autopilot_sv_cbf_rate_node-3] [INFO] [1788156096.784946013] [uav_0.autopilot_sv_cbf_rate_node]: goal_waypoint received: [0.000, 5.500, 1.500] (overrides waypoint_x/y/z params)
[autopilot_sv_cbf_rate_node-3] [INFO] [1788156096.885238361] [uav_0.autopilot_sv_cbf_rate_node]: goal_waypoint received: [0.000, 5.500, 1.500] (overrides waypoint_x/y/z params)
[autopilot_sv_cbf_rate_node-3] [INFO] [1788156096.984860817] [uav_0.autopilot_sv_cbf_rate_node]: goal_waypoint received: [0.000, 5.500, 1.500] (overrides waypoint_x/y/z params)
[autopilot_sv_cbf_rate_node-3] [INFO] [1788156097.084929568] [uav_0.autopilot_sv_cbf_rate_node]: goal_waypoint received: [0.000, 5.500, 1.500] (overrides waypoint_x/y/z params)
[autopilot_sv_cbf_rate_node-3] [INFO] [1788156097.185054118] [uav_0.autopilot_sv_cbf_rate_node]: goal_waypoint received: [0.000, 5.500, 1.500] (overrides waypoint_x/y/z params)
[autopilot_sv_cbf_rate_node-3] [INFO] [1788156097.284881072] [uav_0.autopilot_sv_cbf_rate_node]: goal_waypoint received: [0.000, 5.500, 1.500] (overrides waypoint_x/y/z params)
[autopilot_sv_cbf_rate_node-3] [INFO] [1788156097.385017422] [uav_0.autopilot_sv_cbf_rate_node]: goal_waypoint received: [0.000, 5.500, 1.500] (overrides waypoint_x/y/z params)
[autopilot_sv_cbf_rate_node-3] [INFO] [1788156097.408493029] [uav_0.autopilot_sv_cbf_rate_node]: pos=[0.00 5.54 1.51]  T=22.978N  omega=[0.001 0.003 0.000]  certified=5 uncertified=0  delta=0.0000  gamma=2.000(PENN)  feasible=1
[autopilot_sv_cbf_rate_node-3] [INFO] [1788156097.484919675] [uav_0.autopilot_sv_cbf_rate_node]: goal_waypoint received: [0.000, 5.500, 1.500] (overrides waypoint_x/y/z params)
[autopilot_sv_cbf_rate_node-3] [INFO] [1788156097.584933926] [uav_0.autopilot_sv_cbf_rate_node]: goal_waypoint received: [0.000, 5.500, 1.500] (overrides waypoint_x/y/z params)
[autopilot_sv_cbf_rate_node-3] [INFO] [1788156097.684935178] [uav_0.autopilot_sv_cbf_rate_node]: goal_waypoint received: [0.000, 5.500, 1.500] (overrides waypoint_x/y/z params)
[autopilot_sv_cbf_rate_node-3] [INFO] [1788156097.784954830] [uav_0.autopilot_sv_cbf_rate_node]: goal_waypoint received: [0.000, 5.500, 1.500] (overrides waypoint_x/y/z params)
[autopilot_sv_cbf_rate_node-3] [INFO] [1788156097.884880582] [uav_0.autopilot_sv_cbf_rate_node]: goal_waypoint received: [0.000, 5.500, 1.500] (overrides waypoint_x/y/z params)
[autopilot_sv_cbf_rate_node-3] [INFO] [1788156097.985971954] [uav_0.autopilot_sv_cbf_rate_node]: goal_waypoint received: [0.000, 5.500, 1.500] (overrides waypoint_x/y/z params)
[autopilot_sv_cbf_rate_node-3] [INFO] [1788156098.084771621] [uav_0.autopilot_sv_cbf_rate_node]: goal_waypoint received: [0.000, 5.500, 1.500] (overrides waypoint_x/y/z params)
[autopilot_sv_cbf_rate_node-3] [INFO] [1788156098.184786273] [uav_0.autopilot_sv_cbf_rate_node]: goal_waypoint received: [0.000, 5.500, 1.500] (overrides waypoint_x/y/z params)
[autopilot_sv_cbf_rate_node-3] [INFO] [1788156098.284767826] [uav_0.autopilot_sv_cbf_rate_node]: goal_waypoint received: [0.000, 5.500, 1.500] (overrides waypoint_x/y/z params)
[autopilot_sv_cbf_rate_node-3] [INFO] [1788156098.384880978] [uav_0.autopilot_sv_cbf_rate_node]: goal_waypoint received: [0.000, 5.500, 1.500] (overrides waypoint_x/y/z params)
[autopilot_sv_cbf_rate_node-3] [INFO] [1788156098.406925025] [uav_0.autopilot_sv_cbf_rate_node]: pos=[0.01 5.54 1.50]  T=23.020N  omega=[0.002 -0.002 0.000]  certified=5 uncertified=0  delta=0.0000  gamma=2.000(PENN)  feasible=1
[autopilot_sv_cbf_rate_node-3] [INFO] [1788156098.484763832] [uav_0.autopilot_sv_cbf_rate_node]: goal_waypoint received: [0.000, 5.500, 1.500] (overrides waypoint_x/y/z params)
[autopilot_sv_cbf_rate_node-3] [INFO] [1788156098.584772185] [uav_0.autopilot_sv_cbf_rate_node]: goal_waypoint received: [0.000, 5.500, 1.500] (overrides waypoint_x/y/z params)
[autopilot_sv_cbf_rate_node-3] [INFO] [1788156098.684721338] [uav_0.autopilot_sv_cbf_rate_node]: goal_waypoint received: [0.000, 5.500, 1.500] (overrides waypoint_x/y/z params)
[autopilot_sv_cbf_rate_node-3] [INFO] [1788156098.784771590] [uav_0.autopilot_sv_cbf_rate_node]: goal_waypoint received: [0.000, 5.500, 1.500] (overrides waypoint_x/y/z params)
[autopilot_sv_cbf_rate_node-3] [INFO] [1788156098.884847442] [uav_0.autopilot_sv_cbf_rate_node]: goal_waypoint received: [0.000, 5.500, 1.500] (overrides waypoint_x/y/z params)
[autopilot_sv_cbf_rate_node-3] [INFO] [1788156098.984906894] [uav_0.autopilot_sv_cbf_rate_node]: goal_waypoint received: [0.000, 5.500, 1.500] (overrides waypoint_x/y/z params)
[autopilot_sv_cbf_rate_node-3] [INFO] [1788156099.084879047] [uav_0.autopilot_sv_cbf_rate_node]: goal_waypoint received: [0.000, 5.500, 1.500] (overrides waypoint_x/y/z params)
[autopilot_sv_cbf_rate_node-3] [INFO] [1788156099.184829901] [uav_0.autopilot_sv_cbf_rate_node]: goal_waypoint received: [0.000, 5.500, 1.500] (overrides waypoint_x/y/z params)
[autopilot_sv_cbf_rate_node-3] [INFO] [1788156099.284886153] [uav_0.autopilot_sv_cbf_rate_node]: goal_waypoint received: [0.000, 5.500, 1.500] (overrides waypoint_x/y/z params)
[autopilot_sv_cbf_rate_node-3] [INFO] [1788156099.384836307] [uav_0.autopilot_sv_cbf_rate_node]: goal_waypoint received: [0.000, 5.500, 1.500] (overrides waypoint_x/y/z params)
[autopilot_sv_cbf_rate_node-3] [INFO] [1788156099.407446848] [uav_0.autopilot_sv_cbf_rate_node]: pos=[-0.01 5.52 1.48]  T=23.054N  omega=[-0.003 -0.014 0.000]  certified=5 uncertified=0  delta=0.0000  gamma=2.000(PENN)  feasible=1
[autopilot_sv_cbf_rate_node-3] [INFO] [1788156099.484987258] [uav_0.autopilot_sv_cbf_rate_node]: goal_waypoint received: [0.000, 5.500, 1.500] (overrides waypoint_x/y/z params)
[autopilot_sv_cbf_rate_node-3] [INFO] [1788156099.584802514] [uav_0.autopilot_sv_cbf_rate_node]: goal_waypoint received: [0.000, 5.500, 1.500] (overrides waypoint_x/y/z params)
[autopilot_sv_cbf_rate_node-3] [INFO] [1788156099.684942265] [uav_0.autopilot_sv_cbf_rate_node]: goal_waypoint received: [0.000, 5.500, 1.500] (overrides waypoint_x/y/z params)
[autopilot_sv_cbf_rate_node-3] [INFO] [1788156099.784800120] [uav_0.autopilot_sv_cbf_rate_node]: goal_waypoint received: [0.000, 5.500, 1.500] (overrides waypoint_x/y/z params)
[autopilot_sv_cbf_rate_node-3] [INFO] [1788156099.884842973] [uav_0.autopilot_sv_cbf_rate_node]: goal_waypoint received: [0.000, 5.500, 1.500] (overrides waypoint_x/y/z params)
[autopilot_sv_cbf_rate_node-3] [INFO] [1788156099.985123722] [uav_0.autopilot_sv_cbf_rate_node]: goal_waypoint received: [0.000, 5.500, 1.500] (overrides waypoint_x/y/z params)
[autopilot_sv_cbf_rate_node-3] [INFO] [1788156100.084765180] [uav_0.autopilot_sv_cbf_rate_node]: goal_waypoint received: [0.000, 5.500, 1.500] (overrides waypoint_x/y/z params)
[autopilot_sv_cbf_rate_node-3] [INFO] [1788156100.185034316] [uav_0.autopilot_sv_cbf_rate_node]: goal_waypoint received: [0.000, 5.500, 1.500] (overrides waypoint_x/y/z params)
[autopilot_sv_cbf_rate_node-3] [INFO] [1788156100.285012246] [uav_0.autopilot_sv_cbf_rate_node]: goal_waypoint received: [0.000, 5.500, 1.500] (overrides waypoint_x/y/z params)
[autopilot_sv_cbf_rate_node-3] [INFO] [1788156100.385210374] [uav_0.autopilot_sv_cbf_rate_node]: goal_waypoint received: [0.000, 5.500, 1.500] (overrides waypoint_x/y/z params)
[autopilot_sv_cbf_rate_node-3] [INFO] [1788156100.417134001] [uav_0.autopilot_sv_cbf_rate_node]: pos=[0.01 5.51 1.47]  T=22.976N  omega=[0.004 0.006 0.000]  certified=5 uncertified=0  delta=0.0000  gamma=2.000(PENN)  feasible=1
[autopilot_sv_cbf_rate_node-3] [INFO] [1788156100.485092206] [uav_0.autopilot_sv_cbf_rate_node]: goal_waypoint received: [0.000, 5.500, 1.500] (overrides waypoint_x/y/z params)
[autopilot_sv_cbf_rate_node-3] [INFO] [1788156100.584891639] [uav_0.autopilot_sv_cbf_rate_node]: goal_waypoint received: [0.000, 5.500, 1.500] (overrides waypoint_x/y/z params)
[autopilot_sv_cbf_rate_node-3] [INFO] [1788156100.684795770] [uav_0.autopilot_sv_cbf_rate_node]: goal_waypoint received: [0.000, 5.500, 1.500] (overrides waypoint_x/y/z params)
[autopilot_sv_cbf_rate_node-3] [INFO] [1788156100.784821400] [uav_0.autopilot_sv_cbf_rate_node]: goal_waypoint received: [0.000, 5.500, 1.500] (overrides waypoint_x/y/z params)
[autopilot_sv_cbf_rate_node-3] [INFO] [1788156100.884939529] [uav_0.autopilot_sv_cbf_rate_node]: goal_waypoint received: [0.000, 5.500, 1.500] (overrides waypoint_x/y/z params)
[autopilot_sv_cbf_rate_node-3] [INFO] [1788156100.984867361] [uav_0.autopilot_sv_cbf_rate_node]: goal_waypoint received: [0.000, 5.500, 1.500] (overrides waypoint_x/y/z params)
[autopilot_sv_cbf_rate_node-3] [INFO] [1788156101.085154488] [uav_0.autopilot_sv_cbf_rate_node]: goal_waypoint received: [0.000, 5.500, 1.500] (overrides waypoint_x/y/z params)
[autopilot_sv_cbf_rate_node-3] [INFO] [1788156101.184834422] [uav_0.autopilot_sv_cbf_rate_node]: goal_waypoint received: [0.000, 5.500, 1.500] (overrides waypoint_x/y/z params)
[autopilot_sv_cbf_rate_node-3] [INFO] [1788156101.284835653] [uav_0.autopilot_sv_cbf_rate_node]: goal_waypoint received: [0.000, 5.500, 1.500] (overrides waypoint_x/y/z params)
[autopilot_sv_cbf_rate_node-3] [INFO] [1788156101.384796384] [uav_0.autopilot_sv_cbf_rate_node]: goal_waypoint received: [0.000, 5.500, 1.500] (overrides waypoint_x/y/z params)
[autopilot_sv_cbf_rate_node-3] [INFO] [1788156101.417015208] [uav_0.autopilot_sv_cbf_rate_node]: pos=[-0.01 5.49 1.48]  T=23.025N  omega=[0.017 0.003 0.000]  certified=5 uncertified=0  delta=0.0000  gamma=2.000(PENN)  feasible=1
[autopilot_sv_cbf_rate_node-3] [INFO] [1788156101.484972713] [uav_0.autopilot_sv_cbf_rate_node]: goal_waypoint received: [0.000, 5.500, 1.500] (overrides waypoint_x/y/z params)
[autopilot_sv_cbf_rate_node-3] [INFO] [1788156101.584839745] [uav_0.autopilot_sv_cbf_rate_node]: goal_waypoint received: [0.000, 5.500, 1.500] (overrides waypoint_x/y/z params)
[autopilot_sv_cbf_rate_node-3] [INFO] [1788156101.684775677] [uav_0.autopilot_sv_cbf_rate_node]: goal_waypoint received: [0.000, 5.500, 1.500] (overrides waypoint_x/y/z params)
[autopilot_sv_cbf_rate_node-3] [INFO] [1788156101.784989105] [uav_0.autopilot_sv_cbf_rate_node]: goal_waypoint received: [0.000, 5.500, 1.500] (overrides waypoint_x/y/z params)
[autopilot_sv_cbf_rate_node-3] [INFO] [1788156101.884814838] [uav_0.autopilot_sv_cbf_rate_node]: goal_waypoint received: [0.000, 5.500, 1.500] (overrides waypoint_x/y/z params)
[autopilot_sv_cbf_rate_node-3] [INFO] [1788156101.984797969] [uav_0.autopilot_sv_cbf_rate_node]: goal_waypoint received: [0.000, 5.500, 1.500] (overrides waypoint_x/y/z params)
[autopilot_sv_cbf_rate_node-3] [INFO] [1788156102.084793000] [uav_0.autopilot_sv_cbf_rate_node]: goal_waypoint received: [0.000, 5.500, 1.500] (overrides waypoint_x/y/z params)
[autopilot_sv_cbf_rate_node-3] [INFO] [1788156102.184799731] [uav_0.autopilot_sv_cbf_rate_node]: goal_waypoint received: [0.000, 5.500, 1.500] (overrides waypoint_x/y/z params)
[autopilot_sv_cbf_rate_node-3] [INFO] [1788156102.284981660] [uav_0.autopilot_sv_cbf_rate_node]: goal_waypoint received: [0.000, 5.500, 1.500] (overrides waypoint_x/y/z params)
[autopilot_sv_cbf_rate_node-3] [INFO] [1788156102.385029690] [uav_0.autopilot_sv_cbf_rate_node]: goal_waypoint received: [0.000, 5.500, 1.500] (overrides waypoint_x/y/z params)
[autopilot_sv_cbf_rate_node-3] [INFO] [1788156102.417024216] [uav_0.autopilot_sv_cbf_rate_node]: pos=[-0.01 5.51 1.49]  T=22.964N  omega=[-0.017 -0.003 0.000]  certified=5 uncertified=0  delta=0.0000  gamma=2.000(PENN)  feasible=1
[autopilot_sv_cbf_rate_node-3] [INFO] [1788156102.484831424] [uav_0.autopilot_sv_cbf_rate_node]: goal_waypoint received: [0.000, 5.500, 1.500] (overrides waypoint_x/y/z params)
[autopilot_sv_cbf_rate_node-3] [INFO] [1788156102.584831855] [uav_0.autopilot_sv_cbf_rate_node]: goal_waypoint received: [0.000, 5.500, 1.500] (overrides waypoint_x/y/z params)
[autopilot_sv_cbf_rate_node-3] [INFO] [1788156102.684811086] [uav_0.autopilot_sv_cbf_rate_node]: goal_waypoint received: [0.000, 5.500, 1.500] (overrides waypoint_x/y/z params)
[autopilot_sv_cbf_rate_node-3] [INFO] [1788156102.784808117] [uav_0.autopilot_sv_cbf_rate_node]: goal_waypoint received: [0.000, 5.500, 1.500] (overrides waypoint_x/y/z params)
[autopilot_sv_cbf_rate_node-3] [INFO] [1788156102.884767449] [uav_0.autopilot_sv_cbf_rate_node]: goal_waypoint received: [0.000, 5.500, 1.500] (overrides waypoint_x/y/z params)
[autopilot_sv_cbf_rate_node-3] [INFO] [1788156102.984811679] [uav_0.autopilot_sv_cbf_rate_node]: goal_waypoint received: [0.000, 5.500, 1.500] (overrides waypoint_x/y/z params)
[autopilot_sv_cbf_rate_node-3] [INFO] [1788156103.084796611] [uav_0.autopilot_sv_cbf_rate_node]: goal_waypoint received: [0.000, 5.500, 1.500] (overrides waypoint_x/y/z params)
[autopilot_sv_cbf_rate_node-3] [INFO] [1788156103.184775343] [uav_0.autopilot_sv_cbf_rate_node]: goal_waypoint received: [0.000, 5.500, 1.500] (overrides waypoint_x/y/z params)
[autopilot_sv_cbf_rate_node-3] [INFO] [1788156103.284835373] [uav_0.autopilot_sv_cbf_rate_node]: goal_waypoint received: [0.000, 5.500, 1.500] (overrides waypoint_x/y/z params)
[autopilot_sv_cbf_rate_node-3] [INFO] [1788156103.384820305] [uav_0.autopilot_sv_cbf_rate_node]: goal_waypoint received: [0.000, 5.500, 1.500] (overrides waypoint_x/y/z params)
[autopilot_sv_cbf_rate_node-3] [INFO] [1788156103.416972029] [uav_0.autopilot_sv_cbf_rate_node]: pos=[-0.01 5.53 1.50]  T=23.006N  omega=[-0.016 0.007 0.000]  certified=5 uncertified=0  delta=0.0000  gamma=2.000(PENN)  feasible=1
[autopilot_sv_cbf_rate_node-3] [INFO] [1788156103.484879336] [uav_0.autopilot_sv_cbf_rate_node]: goal_waypoint received: [0.000, 5.500, 1.500] (overrides waypoint_x/y/z params)
[autopilot_sv_cbf_rate_node-3] [INFO] [1788156103.584920767] [uav_0.autopilot_sv_cbf_rate_node]: goal_waypoint received: [0.000, 5.500, 1.500] (overrides waypoint_x/y/z params)
[autopilot_sv_cbf_rate_node-3] [INFO] [1788156103.684815199] [uav_0.autopilot_sv_cbf_rate_node]: goal_waypoint received: [0.000, 5.500, 1.500] (overrides waypoint_x/y/z params)
[autopilot_sv_cbf_rate_node-3] [INFO] [1788156103.785159727] [uav_0.autopilot_sv_cbf_rate_node]: goal_waypoint received: [0.000, 5.500, 1.500] (overrides waypoint_x/y/z params)
[autopilot_sv_cbf_rate_node-3] [INFO] [1788156103.884809862] [uav_0.autopilot_sv_cbf_rate_node]: goal_waypoint received: [0.000, 5.500, 1.500] (overrides waypoint_x/y/z params)
[autopilot_sv_cbf_rate_node-3] [INFO] [1788156103.984901193] [uav_0.autopilot_sv_cbf_rate_node]: goal_waypoint received: [0.000, 5.500, 1.500] (overrides waypoint_x/y/z params)
[autopilot_sv_cbf_rate_node-3] [INFO] [1788156104.085010523] [uav_0.autopilot_sv_cbf_rate_node]: goal_waypoint received: [0.000, 5.500, 1.500] (overrides waypoint_x/y/z params)
[autopilot_sv_cbf_rate_node-3] [INFO] [1788156104.184895056] [uav_0.autopilot_sv_cbf_rate_node]: goal_waypoint received: [0.000, 5.500, 1.500] (overrides waypoint_x/y/z params)
[autopilot_sv_cbf_rate_node-3] [INFO] [1788156104.285021387] [uav_0.autopilot_sv_cbf_rate_node]: goal_waypoint received: [0.000, 5.500, 1.500] (overrides waypoint_x/y/z params)
[autopilot_sv_cbf_rate_node-3] [INFO] [1788156104.385218216] [uav_0.autopilot_sv_cbf_rate_node]: goal_waypoint received: [0.000, 5.500, 1.500] (overrides waypoint_x/y/z params)
[autopilot_sv_cbf_rate_node-3] [INFO] [1788156104.416801647] [uav_0.autopilot_sv_cbf_rate_node]: pos=[-0.01 5.51 1.49]  T=22.965N  omega=[0.001 -0.001 0.000]  certified=5 uncertified=0  delta=0.0000  gamma=2.000(PENN)  feasible=1
[autopilot_sv_cbf_rate_node-3] [INFO] [1788156104.485341047] [uav_0.autopilot_sv_cbf_rate_node]: goal_waypoint received: [0.000, 5.500, 1.500] (overrides waypoint_x/y/z params)
[autopilot_sv_cbf_rate_node-3] [INFO] [1788156104.585030282] [uav_0.autopilot_sv_cbf_rate_node]: goal_waypoint received: [0.000, 5.500, 1.500] (overrides waypoint_x/y/z params)
[autopilot_sv_cbf_rate_node-3] [INFO] [1788156104.684906915] [uav_0.autopilot_sv_cbf_rate_node]: goal_waypoint received: [0.000, 5.500, 1.500] (overrides waypoint_x/y/z params)
[autopilot_sv_cbf_rate_node-3] [INFO] [1788156104.785213744] [uav_0.autopilot_sv_cbf_rate_node]: goal_waypoint received: [0.000, 5.500, 1.500] (overrides waypoint_x/y/z params)
[autopilot_sv_cbf_rate_node-3] [INFO] [1788156104.884825180] [uav_0.autopilot_sv_cbf_rate_node]: goal_waypoint received: [0.000, 5.500, 1.500] (overrides waypoint_x/y/z params)
[autopilot_sv_cbf_rate_node-3] [INFO] [1788156104.984848111] [uav_0.autopilot_sv_cbf_rate_node]: goal_waypoint received: [0.000, 5.500, 1.500] (overrides waypoint_x/y/z params)
[autopilot_sv_cbf_rate_node-3] [INFO] [1788156105.085034641] [uav_0.autopilot_sv_cbf_rate_node]: goal_waypoint received: [0.000, 5.500, 1.500] (overrides waypoint_x/y/z params)
[autopilot_sv_cbf_rate_node-3] [INFO] [1788156105.185127872] [uav_0.autopilot_sv_cbf_rate_node]: goal_waypoint received: [0.000, 5.500, 1.500] (overrides waypoint_x/y/z params)
[autopilot_sv_cbf_rate_node-3] [INFO] [1788156105.284767809] [uav_0.autopilot_sv_cbf_rate_node]: goal_waypoint received: [0.000, 5.500, 1.500] (overrides waypoint_x/y/z params)
[autopilot_sv_cbf_rate_node-3] [INFO] [1788156105.384774241] [uav_0.autopilot_sv_cbf_rate_node]: goal_waypoint received: [0.000, 5.500, 1.500] (overrides waypoint_x/y/z params)
[autopilot_sv_cbf_rate_node-3] [INFO] [1788156105.416772767] [uav_0.autopilot_sv_cbf_rate_node]: pos=[-0.03 5.53 1.50]  T=22.983N  omega=[0.010 -0.026 0.000]  certified=5 uncertified=0  delta=0.0000  gamma=2.000(PENN)  feasible=1
[autopilot_sv_cbf_rate_node-3] [INFO] [1788156105.484799273] [uav_0.autopilot_sv_cbf_rate_node]: goal_waypoint received: [0.000, 5.500, 1.500] (overrides waypoint_x/y/z params)
[autopilot_sv_cbf_rate_node-3] [INFO] [1788156105.584842104] [uav_0.autopilot_sv_cbf_rate_node]: goal_waypoint received: [0.000, 5.500, 1.500] (overrides waypoint_x/y/z params)
[autopilot_sv_cbf_rate_node-3] [INFO] [1788156105.684831337] [uav_0.autopilot_sv_cbf_rate_node]: goal_waypoint received: [0.000, 5.500, 1.500] (overrides waypoint_x/y/z params)
[autopilot_sv_cbf_rate_node-3] [INFO] [1788156105.784867468] [uav_0.autopilot_sv_cbf_rate_node]: goal_waypoint received: [0.000, 5.500, 1.500] (overrides waypoint_x/y/z params)
[autopilot_sv_cbf_rate_node-3] [INFO] [1788156105.884814301] [uav_0.autopilot_sv_cbf_rate_node]: goal_waypoint received: [0.000, 5.500, 1.500] (overrides waypoint_x/y/z params)
[autopilot_sv_cbf_rate_node-3] [INFO] [1788156105.985047431] [uav_0.autopilot_sv_cbf_rate_node]: goal_waypoint received: [0.000, 5.500, 1.500] (overrides waypoint_x/y/z params)
[autopilot_sv_cbf_rate_node-3] [INFO] [1788156106.084912365] [uav_0.autopilot_sv_cbf_rate_node]: goal_waypoint received: [0.000, 5.500, 1.500] (overrides waypoint_x/y/z params)
[autopilot_sv_cbf_rate_node-3] [INFO] [1788156106.184924697] [uav_0.autopilot_sv_cbf_rate_node]: goal_waypoint received: [0.000, 5.500, 1.500] (overrides waypoint_x/y/z params)
[autopilot_sv_cbf_rate_node-3] [INFO] [1788156106.284910230] [uav_0.autopilot_sv_cbf_rate_node]: goal_waypoint received: [0.000, 5.500, 1.500] (overrides waypoint_x/y/z params)
[autopilot_sv_cbf_rate_node-3] [INFO] [1788156106.384900562] [uav_0.autopilot_sv_cbf_rate_node]: goal_waypoint received: [0.000, 5.500, 1.500] (overrides waypoint_x/y/z params)
[autopilot_sv_cbf_rate_node-3] [INFO] [1788156106.416709991] [uav_0.autopilot_sv_cbf_rate_node]: pos=[-0.01 5.54 1.51]  T=22.924N  omega=[-0.006 0.009 0.000]  certified=5 uncertified=0  delta=0.0000  gamma=2.000(PENN)  feasible=1
[autopilot_sv_cbf_rate_node-3] [INFO] [1788156106.484914295] [uav_0.autopilot_sv_cbf_rate_node]: goal_waypoint received: [0.000, 5.500, 1.500] (overrides waypoint_x/y/z params)
[autopilot_sv_cbf_rate_node-3] [INFO] [1788156106.585411921] [uav_0.autopilot_sv_cbf_rate_node]: goal_waypoint received: [0.000, 5.500, 1.500] (overrides waypoint_x/y/z params)
[autopilot_sv_cbf_rate_node-3] [INFO] [1788156106.684930460] [uav_0.autopilot_sv_cbf_rate_node]: goal_waypoint received: [0.000, 5.500, 1.500] (overrides waypoint_x/y/z params)
[autopilot_sv_cbf_rate_node-3] [INFO] [1788156106.784916492] [uav_0.autopilot_sv_cbf_rate_node]: goal_waypoint received: [0.000, 5.500, 1.500] (overrides waypoint_x/y/z params)
[autopilot_sv_cbf_rate_node-3] [INFO] [1788156106.889560971] [uav_0.autopilot_sv_cbf_rate_node]: goal_waypoint received: [0.000, 5.500, 1.500] (overrides waypoint_x/y/z params)
[autopilot_sv_cbf_rate_node-3] [INFO] [1788156106.986903634] [uav_0.autopilot_sv_cbf_rate_node]: goal_waypoint received: [0.000, 5.500, 1.500] (overrides waypoint_x/y/z params)
[autopilot_sv_cbf_rate_node-3] [INFO] [1788156107.087262363] [uav_0.autopilot_sv_cbf_rate_node]: goal_waypoint received: [0.000, 5.500, 1.500] (overrides waypoint_x/y/z params)
[autopilot_sv_cbf_rate_node-3] [INFO] [1788156107.184872824] [uav_0.autopilot_sv_cbf_rate_node]: goal_waypoint received: [0.000, 5.500, 1.500] (overrides waypoint_x/y/z params)
[autopilot_sv_cbf_rate_node-3] [INFO] [1788156107.291226382] [uav_0.autopilot_sv_cbf_rate_node]: goal_waypoint received: [0.000, 5.500, 1.500] (overrides waypoint_x/y/z params)
[autopilot_sv_cbf_rate_node-3] [INFO] [1788156107.385218085] [uav_0.autopilot_sv_cbf_rate_node]: goal_waypoint received: [0.000, 5.500, 1.500] (overrides waypoint_x/y/z params)
[autopilot_sv_cbf_rate_node-3] [INFO] [1788156107.446860466] [uav_0.autopilot_sv_cbf_rate_node]: pos=[-0.00 5.53 1.50]  T=23.021N  omega=[0.000 0.003 0.000]  certified=5 uncertified=0  delta=0.0000  gamma=2.000(PENN)  feasible=1
[autopilot_sv_cbf_rate_node-3] [INFO] [1788156107.484774523] [uav_0.autopilot_sv_cbf_rate_node]: goal_waypoint received: [0.000, 5.500, 1.500] (overrides waypoint_x/y/z params)
[autopilot_sv_cbf_rate_node-3] [INFO] [1788156107.584777956] [uav_0.autopilot_sv_cbf_rate_node]: goal_waypoint received: [0.000, 5.500, 1.500] (overrides waypoint_x/y/z params)
[autopilot_sv_cbf_rate_node-3] [INFO] [1788156107.684834688] [uav_0.autopilot_sv_cbf_rate_node]: goal_waypoint received: [0.000, 5.500, 1.500] (overrides waypoint_x/y/z params)
[autopilot_sv_cbf_rate_node-3] [INFO] [1788156107.784807522] [uav_0.autopilot_sv_cbf_rate_node]: goal_waypoint received: [0.000, 5.500, 1.500] (overrides waypoint_x/y/z params)
[autopilot_sv_cbf_rate_node-3] [INFO] [1788156107.884865354] [uav_0.autopilot_sv_cbf_rate_node]: goal_waypoint received: [0.000, 5.500, 1.500] (overrides waypoint_x/y/z params)
[autopilot_sv_cbf_rate_node-3] [INFO] [1788156107.984851987] [uav_0.autopilot_sv_cbf_rate_node]: goal_waypoint received: [0.000, 5.500, 1.500] (overrides waypoint_x/y/z params)
[autopilot_sv_cbf_rate_node-3] [INFO] [1788156108.084896019] [uav_0.autopilot_sv_cbf_rate_node]: goal_waypoint received: [0.000, 5.500, 1.500] (overrides waypoint_x/y/z params)
[autopilot_sv_cbf_rate_node-3] [INFO] [1788156108.185087241] [uav_0.autopilot_sv_cbf_rate_node]: goal_waypoint received: [0.000, 5.500, 1.500] (overrides waypoint_x/y/z params)
[autopilot_sv_cbf_rate_node-3] [INFO] [1788156108.285831549] [uav_0.autopilot_sv_cbf_rate_node]: goal_waypoint received: [0.000, 5.500, 1.500] (overrides waypoint_x/y/z params)
[autopilot_sv_cbf_rate_node-3] [INFO] [1788156108.384991075] [uav_0.autopilot_sv_cbf_rate_node]: goal_waypoint received: [0.000, 5.500, 1.500] (overrides waypoint_x/y/z params)
[autopilot_sv_cbf_rate_node-3] [INFO] [1788156108.456881624] [uav_0.autopilot_sv_cbf_rate_node]: pos=[0.00 5.52 1.49]  T=23.030N  omega=[0.009 -0.007 0.000]  certified=5 uncertified=0  delta=0.0000  gamma=2.000(PENN)  feasible=1
[autopilot_sv_cbf_rate_node-3] [INFO] [1788156108.484791094] [uav_0.autopilot_sv_cbf_rate_node]: goal_waypoint received: [0.000, 5.500, 1.500] (overrides waypoint_x/y/z params)
[autopilot_sv_cbf_rate_node-3] [INFO] [1788156108.584836309] [uav_0.autopilot_sv_cbf_rate_node]: goal_waypoint received: [0.000, 5.500, 1.500] (overrides waypoint_x/y/z params)
[autopilot_sv_cbf_rate_node-3] [INFO] [1788156108.684791026] [uav_0.autopilot_sv_cbf_rate_node]: goal_waypoint received: [0.000, 5.500, 1.500] (overrides waypoint_x/y/z params)
[autopilot_sv_cbf_rate_node-3] [INFO] [1788156108.784837842] [uav_0.autopilot_sv_cbf_rate_node]: goal_waypoint received: [0.000, 5.500, 1.500] (overrides waypoint_x/y/z params)
[autopilot_sv_cbf_rate_node-3] [INFO] [1788156108.884966857] [uav_0.autopilot_sv_cbf_rate_node]: goal_waypoint received: [0.000, 5.500, 1.500] (overrides waypoint_x/y/z params)
[autopilot_sv_cbf_rate_node-3] [INFO] [1788156108.984830574] [uav_0.autopilot_sv_cbf_rate_node]: goal_waypoint received: [0.000, 5.500, 1.500] (overrides waypoint_x/y/z params)
[autopilot_sv_cbf_rate_node-3] [INFO] [1788156109.084838591] [uav_0.autopilot_sv_cbf_rate_node]: goal_waypoint received: [0.000, 5.500, 1.500] (overrides waypoint_x/y/z params)
[autopilot_sv_cbf_rate_node-3] [INFO] [1788156109.184738109] [uav_0.autopilot_sv_cbf_rate_node]: goal_waypoint received: [0.000, 5.500, 1.500] (overrides waypoint_x/y/z params)
[autopilot_sv_cbf_rate_node-3] [INFO] [1788156109.284789125] [uav_0.autopilot_sv_cbf_rate_node]: goal_waypoint received: [0.000, 5.500, 1.500] (overrides waypoint_x/y/z params)
[autopilot_sv_cbf_rate_node-3] [INFO] [1788156109.384881740] [uav_0.autopilot_sv_cbf_rate_node]: goal_waypoint received: [0.000, 5.500, 1.500] (overrides waypoint_x/y/z params)
[autopilot_sv_cbf_rate_node-3] [INFO] [1788156109.457109585] [uav_0.autopilot_sv_cbf_rate_node]: pos=[-0.00 5.53 1.49]  T=22.995N  omega=[-0.002 -0.017 0.000]  certified=5 uncertified=0  delta=0.0000  gamma=2.000(PENN)  feasible=1
[autopilot_sv_cbf_rate_node-3] [INFO] [1788156109.484836157] [uav_0.autopilot_sv_cbf_rate_node]: goal_waypoint received: [0.000, 5.500, 1.500] (overrides waypoint_x/y/z params)
[autopilot_sv_cbf_rate_node-3] [INFO] [1788156109.584792474] [uav_0.autopilot_sv_cbf_rate_node]: goal_waypoint received: [0.000, 5.500, 1.500] (overrides waypoint_x/y/z params)
[autopilot_sv_cbf_rate_node-3] [INFO] [1788156109.685093287] [uav_0.autopilot_sv_cbf_rate_node]: goal_waypoint received: [0.000, 5.500, 1.500] (overrides waypoint_x/y/z params)
[autopilot_sv_cbf_rate_node-3] [INFO] [1788156109.784898106] [uav_0.autopilot_sv_cbf_rate_node]: goal_waypoint received: [0.000, 5.500, 1.500] (overrides waypoint_x/y/z params)
[autopilot_sv_cbf_rate_node-3] [INFO] [1788156109.884739925] [uav_0.autopilot_sv_cbf_rate_node]: goal_waypoint received: [0.000, 5.500, 1.500] (overrides waypoint_x/y/z params)
[autopilot_sv_cbf_rate_node-3] [INFO] [1788156109.984815341] [uav_0.autopilot_sv_cbf_rate_node]: goal_waypoint received: [0.000, 5.500, 1.500] (overrides waypoint_x/y/z params)
[autopilot_sv_cbf_rate_node-3] [INFO] [1788156110.084727458] [uav_0.autopilot_sv_cbf_rate_node]: goal_waypoint received: [0.000, 5.500, 1.500] (overrides waypoint_x/y/z params)
[autopilot_sv_cbf_rate_node-3] [INFO] [1788156110.184853974] [uav_0.autopilot_sv_cbf_rate_node]: goal_waypoint received: [0.000, 5.500, 1.500] (overrides waypoint_x/y/z params)
[autopilot_sv_cbf_rate_node-3] [INFO] [1788156110.284777892] [uav_0.autopilot_sv_cbf_rate_node]: goal_waypoint received: [0.000, 5.500, 1.500] (overrides waypoint_x/y/z params)
[autopilot_sv_cbf_rate_node-3] [INFO] [1788156110.384789309] [uav_0.autopilot_sv_cbf_rate_node]: goal_waypoint received: [0.000, 5.500, 1.500] (overrides waypoint_x/y/z params)
[autopilot_sv_cbf_rate_node-3] [INFO] [1788156110.462639288] [uav_0.autopilot_sv_cbf_rate_node]: pos=[0.00 5.52 1.50]  T=22.963N  omega=[-0.015 -0.010 0.000]  certified=5 uncertified=0  delta=0.0000  gamma=2.000(PENN)  feasible=1
[autopilot_sv_cbf_rate_node-3] [INFO] [1788156110.484904724] [uav_0.autopilot_sv_cbf_rate_node]: goal_waypoint received: [0.000, 5.500, 1.500] (overrides waypoint_x/y/z params)
[autopilot_sv_cbf_rate_node-3] [INFO] [1788156110.585027340] [uav_0.autopilot_sv_cbf_rate_node]: goal_waypoint received: [0.000, 5.500, 1.500] (overrides waypoint_x/y/z params)
[autopilot_sv_cbf_rate_node-3] [INFO] [1788156110.686332241] [uav_0.autopilot_sv_cbf_rate_node]: goal_waypoint received: [0.000, 5.500, 1.500] (overrides waypoint_x/y/z params)
[autopilot_sv_cbf_rate_node-3] [INFO] [1788156110.784909675] [uav_0.autopilot_sv_cbf_rate_node]: goal_waypoint received: [0.000, 5.500, 1.500] (overrides waypoint_x/y/z params)
[autopilot_sv_cbf_rate_node-3] [INFO] [1788156110.885550484] [uav_0.autopilot_sv_cbf_rate_node]: goal_waypoint received: [0.000, 5.500, 1.500] (overrides waypoint_x/y/z params)
[autopilot_sv_cbf_rate_node-3] [INFO] [1788156110.985118006] [uav_0.autopilot_sv_cbf_rate_node]: goal_waypoint received: [0.000, 5.500, 1.500] (overrides waypoint_x/y/z params)
[autopilot_sv_cbf_rate_node-3] [INFO] [1788156111.090047165] [uav_0.autopilot_sv_cbf_rate_node]: goal_waypoint received: [0.000, 5.500, 1.500] (overrides waypoint_x/y/z params)
[autopilot_sv_cbf_rate_node-3] [INFO] [1788156111.201196751] [uav_0.autopilot_sv_cbf_rate_node]: goal_waypoint received: [0.000, 5.500, 1.500] (overrides waypoint_x/y/z params)
[autopilot_sv_cbf_rate_node-3] [INFO] [1788156111.284908261] [uav_0.autopilot_sv_cbf_rate_node]: goal_waypoint received: [0.000, 5.500, 1.500] (overrides waypoint_x/y/z params)
[autopilot_sv_cbf_rate_node-3] [INFO] [1788156111.385063076] [uav_0.autopilot_sv_cbf_rate_node]: goal_waypoint received: [0.000, 5.500, 1.500] (overrides waypoint_x/y/z params)
[autopilot_sv_cbf_rate_node-3] [INFO] [1788156111.485407790] [uav_0.autopilot_sv_cbf_rate_node]: goal_waypoint received: [0.000, 5.500, 1.500] (overrides waypoint_x/y/z params)
[autopilot_sv_cbf_rate_node-3] [INFO] [1788156111.495713168] [uav_0.autopilot_sv_cbf_rate_node]: pos=[0.01 5.49 1.50]  T=22.956N  omega=[0.004 0.015 0.000]  certified=5 uncertified=0  delta=0.0000  gamma=2.000(PENN)  feasible=1
[autopilot_sv_cbf_rate_node-3] [INFO] [1788156111.584951112] [uav_0.autopilot_sv_cbf_rate_node]: goal_waypoint received: [0.000, 5.500, 1.500] (overrides waypoint_x/y/z params)
[autopilot_sv_cbf_rate_node-3] [INFO] [1788156111.685334625] [uav_0.autopilot_sv_cbf_rate_node]: goal_waypoint received: [0.000, 5.500, 1.500] (overrides waypoint_x/y/z params)
[autopilot_sv_cbf_rate_node-3] [INFO] [1788156111.786135933] [uav_0.autopilot_sv_cbf_rate_node]: goal_waypoint received: [0.000, 5.500, 1.500] (overrides waypoint_x/y/z params)
[autopilot_sv_cbf_rate_node-3] [INFO] [1788156111.888662020] [uav_0.autopilot_sv_cbf_rate_node]: goal_waypoint received: [0.000, 5.500, 1.500] (overrides waypoint_x/y/z params)
[autopilot_sv_cbf_rate_node-3] [INFO] [1788156111.985001481] [uav_0.autopilot_sv_cbf_rate_node]: goal_waypoint received: [0.000, 5.500, 1.500] (overrides waypoint_x/y/z params)
[autopilot_sv_cbf_rate_node-3] [INFO] [1788156112.085108297] [uav_0.autopilot_sv_cbf_rate_node]: goal_waypoint received: [0.000, 5.500, 1.500] (overrides waypoint_x/y/z params)
[autopilot_sv_cbf_rate_node-3] [INFO] [1788156112.185288713] [uav_0.autopilot_sv_cbf_rate_node]: goal_waypoint received: [0.000, 5.500, 1.500] (overrides waypoint_x/y/z params)
[autopilot_sv_cbf_rate_node-3] [INFO] [1788156112.284963334] [uav_0.autopilot_sv_cbf_rate_node]: goal_waypoint received: [0.000, 5.500, 1.500] (overrides waypoint_x/y/z params)
[autopilot_sv_cbf_rate_node-3] [INFO] [1788156112.385607444] [uav_0.autopilot_sv_cbf_rate_node]: goal_waypoint received: [0.000, 5.500, 1.500] (overrides waypoint_x/y/z params)
[autopilot_sv_cbf_rate_node-3] [INFO] [1788156112.484918870] [uav_0.autopilot_sv_cbf_rate_node]: goal_waypoint received: [0.000, 5.500, 1.500] (overrides waypoint_x/y/z params)
[autopilot_sv_cbf_rate_node-3] [INFO] [1788156112.523273917] [uav_0.autopilot_sv_cbf_rate_node]: pos=[0.01 5.51 1.49]  T=22.993N  omega=[0.008 -0.012 0.000]  certified=5 uncertified=0  delta=0.0000  gamma=2.000(PENN)  feasible=1
[autopilot_sv_cbf_rate_node-3] [INFO] [1788156112.585104286] [uav_0.autopilot_sv_cbf_rate_node]: goal_waypoint received: [0.000, 5.500, 1.500] (overrides waypoint_x/y/z params)
[autopilot_sv_cbf_rate_node-3] [INFO] [1788156112.685110803] [uav_0.autopilot_sv_cbf_rate_node]: goal_waypoint received: [0.000, 5.500, 1.500] (overrides waypoint_x/y/z params)
[autopilot_sv_cbf_rate_node-3] [INFO] [1788156112.785102421] [uav_0.autopilot_sv_cbf_rate_node]: goal_waypoint received: [0.000, 5.500, 1.500] (overrides waypoint_x/y/z params)
[autopilot_sv_cbf_rate_node-3] [INFO] [1788156112.885174638] [uav_0.autopilot_sv_cbf_rate_node]: goal_waypoint received: [0.000, 5.500, 1.500] (overrides waypoint_x/y/z params)
[autopilot_sv_cbf_rate_node-3] [INFO] [1788156112.984964158] [uav_0.autopilot_sv_cbf_rate_node]: goal_waypoint received: [0.000, 5.500, 1.500] (overrides waypoint_x/y/z params)
[autopilot_sv_cbf_rate_node-3] [INFO] [1788156113.086021963] [uav_0.autopilot_sv_cbf_rate_node]: goal_waypoint received: [0.000, 5.500, 1.500] (overrides waypoint_x/y/z params)
[autopilot_sv_cbf_rate_node-3] [INFO] [1788156113.185044893] [uav_0.autopilot_sv_cbf_rate_node]: goal_waypoint received: [0.000, 5.500, 1.500] (overrides waypoint_x/y/z params)
[autopilot_sv_cbf_rate_node-3] [INFO] [1788156113.285115810] [uav_0.autopilot_sv_cbf_rate_node]: goal_waypoint received: [0.000, 5.500, 1.500] (overrides waypoint_x/y/z params)
[autopilot_sv_cbf_rate_node-3] [INFO] [1788156113.385040129] [uav_0.autopilot_sv_cbf_rate_node]: goal_waypoint received: [0.000, 5.500, 1.500] (overrides waypoint_x/y/z params)
[autopilot_sv_cbf_rate_node-3] [INFO] [1788156113.485042547] [uav_0.autopilot_sv_cbf_rate_node]: goal_waypoint received: [0.000, 5.500, 1.500] (overrides waypoint_x/y/z params)
[autopilot_sv_cbf_rate_node-3] [INFO] [1788156113.517967458] [uav_0.autopilot_sv_cbf_rate_node]: pos=[0.00 5.51 1.48]  T=23.071N  omega=[-0.012 0.010 0.000]  certified=5 uncertified=0  delta=0.0000  gamma=2.000(PENN)  feasible=1
[autopilot_sv_cbf_rate_node-3] [INFO] [1788156113.584988566] [uav_0.autopilot_sv_cbf_rate_node]: goal_waypoint received: [0.000, 5.500, 1.500] (overrides waypoint_x/y/z params)
[autopilot_sv_cbf_rate_node-3] [INFO] [1788156113.684903185] [uav_0.autopilot_sv_cbf_rate_node]: goal_waypoint received: [0.000, 5.500, 1.500] (overrides waypoint_x/y/z params)
[autopilot_sv_cbf_rate_node-3] [INFO] [1788156113.784984602] [uav_0.autopilot_sv_cbf_rate_node]: goal_waypoint received: [0.000, 5.500, 1.500] (overrides waypoint_x/y/z params)
[autopilot_sv_cbf_rate_node-3] [INFO] [1788156113.884829721] [uav_0.autopilot_sv_cbf_rate_node]: goal_waypoint received: [0.000, 5.500, 1.500] (overrides waypoint_x/y/z params)
[autopilot_sv_cbf_rate_node-3] [INFO] [1788156113.985206835] [uav_0.autopilot_sv_cbf_rate_node]: goal_waypoint received: [0.000, 5.500, 1.500] (overrides waypoint_x/y/z params)
[autopilot_sv_cbf_rate_node-3] [INFO] [1788156114.084970056] [uav_0.autopilot_sv_cbf_rate_node]: goal_waypoint received: [0.000, 5.500, 1.500] (overrides waypoint_x/y/z params)
[autopilot_sv_cbf_rate_node-3] [INFO] [1788156114.184870576] [uav_0.autopilot_sv_cbf_rate_node]: goal_waypoint received: [0.000, 5.500, 1.500] (overrides waypoint_x/y/z params)
[autopilot_sv_cbf_rate_node-3] [INFO] [1788156114.284808095] [uav_0.autopilot_sv_cbf_rate_node]: goal_waypoint received: [0.000, 5.500, 1.500] (overrides waypoint_x/y/z params)
[autopilot_sv_cbf_rate_node-3] [INFO] [1788156114.384874312] [uav_0.autopilot_sv_cbf_rate_node]: goal_waypoint received: [0.000, 5.500, 1.500] (overrides waypoint_x/y/z params)
[autopilot_sv_cbf_rate_node-3] [INFO] [1788156114.485068528] [uav_0.autopilot_sv_cbf_rate_node]: goal_waypoint received: [0.000, 5.500, 1.500] (overrides waypoint_x/y/z params)
[autopilot_sv_cbf_rate_node-3] [INFO] [1788156114.516850353] [uav_0.autopilot_sv_cbf_rate_node]: pos=[0.00 5.50 1.49]  T=22.928N  omega=[-0.003 -0.004 0.000]  certified=5 uncertified=0  delta=0.0000  gamma=2.000(PENN)  feasible=1
[autopilot_sv_cbf_rate_node-3] [INFO] [1788156114.584836349] [uav_0.autopilot_sv_cbf_rate_node]: goal_waypoint received: [0.000, 5.500, 1.500] (overrides waypoint_x/y/z params)
[autopilot_sv_cbf_rate_node-3] [INFO] [1788156114.684782268] [uav_0.autopilot_sv_cbf_rate_node]: goal_waypoint received: [0.000, 5.500, 1.500] (overrides waypoint_x/y/z params)
[autopilot_sv_cbf_rate_node-3] [INFO] [1788156114.784888686] [uav_0.autopilot_sv_cbf_rate_node]: goal_waypoint received: [0.000, 5.500, 1.500] (overrides waypoint_x/y/z params)
[autopilot_sv_cbf_rate_node-3] [INFO] [1788156114.884821005] [uav_0.autopilot_sv_cbf_rate_node]: goal_waypoint received: [0.000, 5.500, 1.500] (overrides waypoint_x/y/z params)
[autopilot_sv_cbf_rate_node-3] [INFO] [1788156114.984902722] [uav_0.autopilot_sv_cbf_rate_node]: goal_waypoint received: [0.000, 5.500, 1.500] (overrides waypoint_x/y/z params)
[autopilot_sv_cbf_rate_node-3] [INFO] [1788156115.084836242] [uav_0.autopilot_sv_cbf_rate_node]: goal_waypoint received: [0.000, 5.500, 1.500] (overrides waypoint_x/y/z params)
[autopilot_sv_cbf_rate_node-3] [INFO] [1788156115.184991358] [uav_0.autopilot_sv_cbf_rate_node]: goal_waypoint received: [0.000, 5.500, 1.500] (overrides waypoint_x/y/z params)
[autopilot_sv_cbf_rate_node-3] [INFO] [1788156115.285023577] [uav_0.autopilot_sv_cbf_rate_node]: goal_waypoint received: [0.000, 5.500, 1.500] (overrides waypoint_x/y/z params)
[autopilot_sv_cbf_rate_node-3] [INFO] [1788156115.384933696] [uav_0.autopilot_sv_cbf_rate_node]: goal_waypoint received: [0.000, 5.500, 1.500] (overrides waypoint_x/y/z params)
[autopilot_sv_cbf_rate_node-3] [INFO] [1788156115.485042314] [uav_0.autopilot_sv_cbf_rate_node]: goal_waypoint received: [0.000, 5.500, 1.500] (overrides waypoint_x/y/z params)
[autopilot_sv_cbf_rate_node-3] [INFO] [1788156115.526842420] [uav_0.autopilot_sv_cbf_rate_node]: pos=[0.00 5.51 1.51]  T=22.952N  omega=[0.004 -0.011 0.000]  certified=5 uncertified=0  delta=0.0000  gamma=2.000(PENN)  feasible=1
[autopilot_sv_cbf_rate_node-3] [INFO] [1788156115.585034833] [uav_0.autopilot_sv_cbf_rate_node]: goal_waypoint received: [0.000, 5.500, 1.500] (overrides waypoint_x/y/z params)
[autopilot_sv_cbf_rate_node-3] [INFO] [1788156115.684849754] [uav_0.autopilot_sv_cbf_rate_node]: goal_waypoint received: [0.000, 5.500, 1.500] (overrides waypoint_x/y/z params)
[autopilot_sv_cbf_rate_node-3] [INFO] [1788156115.784887672] [uav_0.autopilot_sv_cbf_rate_node]: goal_waypoint received: [0.000, 5.500, 1.500] (overrides waypoint_x/y/z params)
[autopilot_sv_cbf_rate_node-3] [INFO] [1788156115.884810891] [uav_0.autopilot_sv_cbf_rate_node]: goal_waypoint received: [0.000, 5.500, 1.500] (overrides waypoint_x/y/z params)
[autopilot_sv_cbf_rate_node-3] [INFO] [1788156115.985184906] [uav_0.autopilot_sv_cbf_rate_node]: goal_waypoint received: [0.000, 5.500, 1.500] (overrides waypoint_x/y/z params)
[autopilot_sv_cbf_rate_node-3] [INFO] [1788156116.084868029] [uav_0.autopilot_sv_cbf_rate_node]: goal_waypoint received: [0.000, 5.500, 1.500] (overrides waypoint_x/y/z params)
[autopilot_sv_cbf_rate_node-3] [INFO] [1788156116.185245951] [uav_0.autopilot_sv_cbf_rate_node]: goal_waypoint received: [0.000, 5.500, 1.500] (overrides waypoint_x/y/z params)
[autopilot_sv_cbf_rate_node-3] [INFO] [1788156116.284941693] [uav_0.autopilot_sv_cbf_rate_node]: goal_waypoint received: [0.000, 5.500, 1.500] (overrides waypoint_x/y/z params)
[autopilot_sv_cbf_rate_node-3] [INFO] [1788156116.384862432] [uav_0.autopilot_sv_cbf_rate_node]: goal_waypoint received: [0.000, 5.500, 1.500] (overrides waypoint_x/y/z params)
[autopilot_sv_cbf_rate_node-3] [INFO] [1788156116.484791971] [uav_0.autopilot_sv_cbf_rate_node]: goal_waypoint received: [0.000, 5.500, 1.500] (overrides waypoint_x/y/z params)
[autopilot_sv_cbf_rate_node-3] [INFO] [1788156116.526726984] [uav_0.autopilot_sv_cbf_rate_node]: pos=[0.01 5.50 1.50]  T=23.034N  omega=[-0.027 0.005 0.000]  certified=5 uncertified=0  delta=0.0000  gamma=2.000(PENN)  feasible=1
[autopilot_sv_cbf_rate_node-3] [INFO] [1788156116.584827309] [uav_0.autopilot_sv_cbf_rate_node]: goal_waypoint received: [0.000, 5.500, 1.500] (overrides waypoint_x/y/z params)
[autopilot_sv_cbf_rate_node-3] [INFO] [1788156116.684839747] [uav_0.autopilot_sv_cbf_rate_node]: goal_waypoint received: [0.000, 5.500, 1.500] (overrides waypoint_x/y/z params)
[autopilot_sv_cbf_rate_node-3] [INFO] [1788156116.785173882] [uav_0.autopilot_sv_cbf_rate_node]: goal_waypoint received: [0.000, 5.500, 1.500] (overrides waypoint_x/y/z params)
[autopilot_sv_cbf_rate_node-3] [INFO] [1788156116.884827424] [uav_0.autopilot_sv_cbf_rate_node]: goal_waypoint received: [0.000, 5.500, 1.500] (overrides waypoint_x/y/z params)
[autopilot_sv_cbf_rate_node-3] [INFO] [1788156116.984892762] [uav_0.autopilot_sv_cbf_rate_node]: goal_waypoint received: [0.000, 5.500, 1.500] (overrides waypoint_x/y/z params)
[autopilot_sv_cbf_rate_node-3] [INFO] [1788156117.084848801] [uav_0.autopilot_sv_cbf_rate_node]: goal_waypoint received: [0.000, 5.500, 1.500] (overrides waypoint_x/y/z params)
[autopilot_sv_cbf_rate_node-3] [INFO] [1788156117.184929238] [uav_0.autopilot_sv_cbf_rate_node]: goal_waypoint received: [0.000, 5.500, 1.500] (overrides waypoint_x/y/z params)
[autopilot_sv_cbf_rate_node-3] [INFO] [1788156117.285027976] [uav_0.autopilot_sv_cbf_rate_node]: goal_waypoint received: [0.000, 5.500, 1.500] (overrides waypoint_x/y/z params)
[autopilot_sv_cbf_rate_node-3] [INFO] [1788156117.385317411] [uav_0.autopilot_sv_cbf_rate_node]: goal_waypoint received: [0.000, 5.500, 1.500] (overrides waypoint_x/y/z params)
[autopilot_sv_cbf_rate_node-3] [INFO] [1788156117.484933654] [uav_0.autopilot_sv_cbf_rate_node]: goal_waypoint received: [0.000, 5.500, 1.500] (overrides waypoint_x/y/z params)
[autopilot_sv_cbf_rate_node-3] [INFO] [1788156117.526590770] [uav_0.autopilot_sv_cbf_rate_node]: pos=[-0.01 5.50 1.49]  T=23.033N  omega=[0.009 0.007 0.000]  certified=5 uncertified=0  delta=0.0000  gamma=2.000(PENN)  feasible=1
[autopilot_sv_cbf_rate_node-3] [INFO] [1788156117.584859994] [uav_0.autopilot_sv_cbf_rate_node]: goal_waypoint received: [0.000, 5.500, 1.500] (overrides waypoint_x/y/z params)
[autopilot_sv_cbf_rate_node-3] [INFO] [1788156117.684883632] [uav_0.autopilot_sv_cbf_rate_node]: goal_waypoint received: [0.000, 5.500, 1.500] (overrides waypoint_x/y/z params)
[autopilot_sv_cbf_rate_node-3] [INFO] [1788156117.784956170] [uav_0.autopilot_sv_cbf_rate_node]: goal_waypoint received: [0.000, 5.500, 1.500] (overrides waypoint_x/y/z params)
[autopilot_sv_cbf_rate_node-3] [INFO] [1788156117.885142106] [uav_0.autopilot_sv_cbf_rate_node]: goal_waypoint received: [0.000, 5.500, 1.500] (overrides waypoint_x/y/z params)
[autopilot_sv_cbf_rate_node-3] [INFO] [1788156117.985212444] [uav_0.autopilot_sv_cbf_rate_node]: goal_waypoint received: [0.000, 5.500, 1.500] (overrides waypoint_x/y/z params)
[autopilot_sv_cbf_rate_node-3] [INFO] [1788156118.085124484] [uav_0.autopilot_sv_cbf_rate_node]: goal_waypoint received: [0.000, 5.500, 1.500] (overrides waypoint_x/y/z params)
[autopilot_sv_cbf_rate_node-3] [INFO] [1788156118.185261021] [uav_0.autopilot_sv_cbf_rate_node]: goal_waypoint received: [0.000, 5.500, 1.500] (overrides waypoint_x/y/z params)
[autopilot_sv_cbf_rate_node-3] [INFO] [1788156118.285341559] [uav_0.autopilot_sv_cbf_rate_node]: goal_waypoint received: [0.000, 5.500, 1.500] (overrides waypoint_x/y/z params)
[autopilot_sv_cbf_rate_node-3] [INFO] [1788156118.385273099] [uav_0.autopilot_sv_cbf_rate_node]: goal_waypoint received: [0.000, 5.500, 1.500] (overrides waypoint_x/y/z params)
[autopilot_sv_cbf_rate_node-3] [INFO] [1788156118.485048641] [uav_0.autopilot_sv_cbf_rate_node]: goal_waypoint received: [0.000, 5.500, 1.500] (overrides waypoint_x/y/z params)
[autopilot_sv_cbf_rate_node-3] [INFO] [1788156118.527262251] [uav_0.autopilot_sv_cbf_rate_node]: pos=[-0.00 5.49 1.50]  T=22.940N  omega=[0.002 -0.000 0.000]  certified=5 uncertified=0  delta=0.0000  gamma=2.395(PENN)  feasible=1
[autopilot_sv_cbf_rate_node-3] [INFO] [1788156118.585163478] [uav_0.autopilot_sv_cbf_rate_node]: goal_waypoint received: [0.000, 5.500, 1.500] (overrides waypoint_x/y/z params)
[autopilot_sv_cbf_rate_node-3] [INFO] [1788156118.685099818] [uav_0.autopilot_sv_cbf_rate_node]: goal_waypoint received: [0.000, 5.500, 1.500] (overrides waypoint_x/y/z params)
[autopilot_sv_cbf_rate_node-3] [INFO] [1788156118.785087357] [uav_0.autopilot_sv_cbf_rate_node]: goal_waypoint received: [0.000, 5.500, 1.500] (overrides waypoint_x/y/z params)
[autopilot_sv_cbf_rate_node-3] [INFO] [1788156118.885002997] [uav_0.autopilot_sv_cbf_rate_node]: goal_waypoint received: [0.000, 5.500, 1.500] (overrides waypoint_x/y/z params)
[autopilot_sv_cbf_rate_node-3] [INFO] [1788156118.985210334] [uav_0.autopilot_sv_cbf_rate_node]: goal_waypoint received: [0.000, 5.500, 1.500] (overrides waypoint_x/y/z params)
[autopilot_sv_cbf_rate_node-3] [INFO] [1788156119.085035475] [uav_0.autopilot_sv_cbf_rate_node]: goal_waypoint received: [0.000, 5.500, 1.500] (overrides waypoint_x/y/z params)
[autopilot_sv_cbf_rate_node-3] [INFO] [1788156119.185031814] [uav_0.autopilot_sv_cbf_rate_node]: goal_waypoint received: [0.000, 5.500, 1.500] (overrides waypoint_x/y/z params)
[autopilot_sv_cbf_rate_node-3] [INFO] [1788156119.284782056] [uav_0.autopilot_sv_cbf_rate_node]: goal_waypoint received: [0.000, 5.500, 1.500] (overrides waypoint_x/y/z params)
[autopilot_sv_cbf_rate_node-3] [INFO] [1788156119.384960094] [uav_0.autopilot_sv_cbf_rate_node]: goal_waypoint received: [0.000, 5.500, 1.500] (overrides waypoint_x/y/z params)
[autopilot_sv_cbf_rate_node-3] [INFO] [1788156119.484905934] [uav_0.autopilot_sv_cbf_rate_node]: goal_waypoint received: [0.000, 5.500, 1.500] (overrides waypoint_x/y/z params)
[autopilot_sv_cbf_rate_node-3] [INFO] [1788156119.526563150] [uav_0.autopilot_sv_cbf_rate_node]: pos=[-0.00 5.50 1.51]  T=22.957N  omega=[0.008 -0.005 0.000]  certified=5 uncertified=0  delta=0.0000  gamma=2.000(PENN)  feasible=1
[autopilot_sv_cbf_rate_node-3] [INFO] [1788156119.585669564] [uav_0.autopilot_sv_cbf_rate_node]: goal_waypoint received: [0.000, 5.500, 1.500] (overrides waypoint_x/y/z params)
[autopilot_sv_cbf_rate_node-3] [INFO] [1788156119.685322807] [uav_0.autopilot_sv_cbf_rate_node]: goal_waypoint received: [0.000, 5.500, 1.500] (overrides waypoint_x/y/z params)
[autopilot_sv_cbf_rate_node-3] [INFO] [1788156119.785065050] [uav_0.autopilot_sv_cbf_rate_node]: goal_waypoint received: [0.000, 5.500, 1.500] (overrides waypoint_x/y/z params)
[autopilot_sv_cbf_rate_node-3] [INFO] [1788156119.885094989] [uav_0.autopilot_sv_cbf_rate_node]: goal_waypoint received: [0.000, 5.500, 1.500] (overrides waypoint_x/y/z params)
[autopilot_sv_cbf_rate_node-3] [INFO] [1788156119.984923630] [uav_0.autopilot_sv_cbf_rate_node]: goal_waypoint received: [0.000, 5.500, 1.500] (overrides waypoint_x/y/z params)
[autopilot_sv_cbf_rate_node-3] [INFO] [1788156120.085282065] [uav_0.autopilot_sv_cbf_rate_node]: goal_waypoint received: [0.000, 5.500, 1.500] (overrides waypoint_x/y/z params)
[autopilot_sv_cbf_rate_node-3] [INFO] [1788156120.185048108] [uav_0.autopilot_sv_cbf_rate_node]: goal_waypoint received: [0.000, 5.500, 1.500] (overrides waypoint_x/y/z params)
[autopilot_sv_cbf_rate_node-3] [INFO] [1788156120.284966248] [uav_0.autopilot_sv_cbf_rate_node]: goal_waypoint received: [0.000, 5.500, 1.500] (overrides waypoint_x/y/z params)
[autopilot_sv_cbf_rate_node-3] [INFO] [1788156120.385132186] [uav_0.autopilot_sv_cbf_rate_node]: goal_waypoint received: [0.000, 5.500, 1.500] (overrides waypoint_x/y/z params)
[autopilot_sv_cbf_rate_node-3] [INFO] [1788156120.485276524] [uav_0.autopilot_sv_cbf_rate_node]: goal_waypoint received: [0.000, 5.500, 1.500] (overrides waypoint_x/y/z params)
[autopilot_sv_cbf_rate_node-3] [INFO] [1788156120.560583650] [uav_0.autopilot_sv_cbf_rate_node]: pos=[-0.00 5.51 1.50]  T=23.077N  omega=[0.005 0.009 0.000]  certified=5 uncertified=0  delta=0.0000  gamma=2.000(PENN)  feasible=1
[autopilot_sv_cbf_rate_node-3] [INFO] [1788156120.586219553] [uav_0.autopilot_sv_cbf_rate_node]: goal_waypoint received: [0.000, 5.500, 1.500] (overrides waypoint_x/y/z params)
[autopilot_sv_cbf_rate_node-3] [INFO] [1788156120.685130405] [uav_0.autopilot_sv_cbf_rate_node]: goal_waypoint received: [0.000, 5.500, 1.500] (overrides waypoint_x/y/z params)
[autopilot_sv_cbf_rate_node-3] [INFO] [1788156120.785086345] [uav_0.autopilot_sv_cbf_rate_node]: goal_waypoint received: [0.000, 5.500, 1.500] (overrides waypoint_x/y/z params)
[autopilot_sv_cbf_rate_node-3] [INFO] [1788156120.902852979] [uav_0.autopilot_sv_cbf_rate_node]: goal_waypoint received: [0.000, 5.500, 1.500] (overrides waypoint_x/y/z params)
[autopilot_sv_cbf_rate_node-3] [INFO] [1788156120.984898627] [uav_0.autopilot_sv_cbf_rate_node]: goal_waypoint received: [0.000, 5.500, 1.500] (overrides waypoint_x/y/z params)
[autopilot_sv_cbf_rate_node-3] [INFO] [1788156121.085119564] [uav_0.autopilot_sv_cbf_rate_node]: goal_waypoint received: [0.000, 5.500, 1.500] (overrides waypoint_x/y/z params)
[autopilot_sv_cbf_rate_node-3] [INFO] [1788156121.185521999] [uav_0.autopilot_sv_cbf_rate_node]: goal_waypoint received: [0.000, 5.500, 1.500] (overrides waypoint_x/y/z params)
[autopilot_sv_cbf_rate_node-3] [INFO] [1788156121.284884747] [uav_0.autopilot_sv_cbf_rate_node]: goal_waypoint received: [0.000, 5.500, 1.500] (overrides waypoint_x/y/z params)
[autopilot_sv_cbf_rate_node-3] [INFO] [1788156121.384996385] [uav_0.autopilot_sv_cbf_rate_node]: goal_waypoint received: [0.000, 5.500, 1.500] (overrides waypoint_x/y/z params)
[autopilot_sv_cbf_rate_node-3] [INFO] [1788156121.485381921] [uav_0.autopilot_sv_cbf_rate_node]: goal_waypoint received: [0.000, 5.500, 1.500] (overrides waypoint_x/y/z params)
[autopilot_sv_cbf_rate_node-3] [INFO] [1788156121.585167963] [uav_0.autopilot_sv_cbf_rate_node]: goal_waypoint received: [0.000, 5.500, 1.500] (overrides waypoint_x/y/z params)
[autopilot_sv_cbf_rate_node-3] [INFO] [1788156121.626956579] [uav_0.autopilot_sv_cbf_rate_node]: pos=[0.01 5.51 1.50]  T=22.965N  omega=[-0.007 -0.009 0.000]  certified=5 uncertified=0  delta=0.0000  gamma=2.000(PENN)  feasible=1
[autopilot_sv_cbf_rate_node-3] [INFO] [1788156121.685068605] [uav_0.autopilot_sv_cbf_rate_node]: goal_waypoint received: [0.000, 5.500, 1.500] (overrides waypoint_x/y/z params)
[autopilot_sv_cbf_rate_node-3] [INFO] [1788156121.786133932] [uav_0.autopilot_sv_cbf_rate_node]: goal_waypoint received: [0.000, 5.500, 1.500] (overrides waypoint_x/y/z params)
[autopilot_sv_cbf_rate_node-3] [INFO] [1788156121.885948774] [uav_0.autopilot_sv_cbf_rate_node]: goal_waypoint received: [0.000, 5.500, 1.500] (overrides waypoint_x/y/z params)
[autopilot_sv_cbf_rate_node-3] [INFO] [1788156121.985119124] [uav_0.autopilot_sv_cbf_rate_node]: goal_waypoint received: [0.000, 5.500, 1.500] (overrides waypoint_x/y/z params)
[autopilot_sv_cbf_rate_node-3] [INFO] [1788156122.085422861] [uav_0.autopilot_sv_cbf_rate_node]: goal_waypoint received: [0.000, 5.500, 1.500] (overrides waypoint_x/y/z params)
[autopilot_sv_cbf_rate_node-3] [INFO] [1788156122.185151904] [uav_0.autopilot_sv_cbf_rate_node]: goal_waypoint received: [0.000, 5.500, 1.500] (overrides waypoint_x/y/z params)
[autopilot_sv_cbf_rate_node-3] [INFO] [1788156122.284999046] [uav_0.autopilot_sv_cbf_rate_node]: goal_waypoint received: [0.000, 5.500, 1.500] (overrides waypoint_x/y/z params)
[autopilot_sv_cbf_rate_node-3] [INFO] [1788156122.385040186] [uav_0.autopilot_sv_cbf_rate_node]: goal_waypoint received: [0.000, 5.500, 1.500] (overrides waypoint_x/y/z params)
[autopilot_sv_cbf_rate_node-3] [INFO] [1788156122.485371123] [uav_0.autopilot_sv_cbf_rate_node]: goal_waypoint received: [0.000, 5.500, 1.500] (overrides waypoint_x/y/z params)
[autopilot_sv_cbf_rate_node-3] [INFO] [1788156122.586067755] [uav_0.autopilot_sv_cbf_rate_node]: goal_waypoint received: [0.000, 5.500, 1.500] (overrides waypoint_x/y/z params)
[autopilot_sv_cbf_rate_node-3] [INFO] [1788156122.656870734] [uav_0.autopilot_sv_cbf_rate_node]: pos=[0.00 5.50 1.51]  T=22.976N  omega=[0.000 -0.002 0.000]  certified=5 uncertified=0  delta=0.0000  gamma=2.000(PENN)  feasible=1
[autopilot_sv_cbf_rate_node-3] [INFO] [1788156122.685119306] [uav_0.autopilot_sv_cbf_rate_node]: goal_waypoint received: [0.000, 5.500, 1.500] (overrides waypoint_x/y/z params)
[autopilot_sv_cbf_rate_node-3] [INFO] [1788156122.785122947] [uav_0.autopilot_sv_cbf_rate_node]: goal_waypoint received: [0.000, 5.500, 1.500] (overrides waypoint_x/y/z params)
[autopilot_sv_cbf_rate_node-3] [INFO] [1788156122.885279685] [uav_0.autopilot_sv_cbf_rate_node]: goal_waypoint received: [0.000, 5.500, 1.500] (overrides waypoint_x/y/z params)
[autopilot_sv_cbf_rate_node-3] [INFO] [1788156122.985115427] [uav_0.autopilot_sv_cbf_rate_node]: goal_waypoint received: [0.000, 5.500, 1.500] (overrides waypoint_x/y/z params)
[autopilot_sv_cbf_rate_node-3] [INFO] [1788156123.085279566] [uav_0.autopilot_sv_cbf_rate_node]: goal_waypoint received: [0.000, 5.500, 1.500] (overrides waypoint_x/y/z params)
[autopilot_sv_cbf_rate_node-3] [INFO] [1788156123.184998510] [uav_0.autopilot_sv_cbf_rate_node]: goal_waypoint received: [0.000, 5.500, 1.500] (overrides waypoint_x/y/z params)
[autopilot_sv_cbf_rate_node-3] [INFO] [1788156123.284984151] [uav_0.autopilot_sv_cbf_rate_node]: goal_waypoint received: [0.000, 5.500, 1.500] (overrides waypoint_x/y/z params)
[autopilot_sv_cbf_rate_node-3] [INFO] [1788156123.385127790] [uav_0.autopilot_sv_cbf_rate_node]: goal_waypoint received: [0.000, 5.500, 1.500] (overrides waypoint_x/y/z params)
[autopilot_sv_cbf_rate_node-3] [INFO] [1788156123.485065031] [uav_0.autopilot_sv_cbf_rate_node]: goal_waypoint received: [0.000, 5.500, 1.500] (overrides waypoint_x/y/z params)
[autopilot_sv_cbf_rate_node-3] [INFO] [1788156123.585019373] [uav_0.autopilot_sv_cbf_rate_node]: goal_waypoint received: [0.000, 5.500, 1.500] (overrides waypoint_x/y/z params)
[autopilot_sv_cbf_rate_node-3] [INFO] [1788156123.656630342] [uav_0.autopilot_sv_cbf_rate_node]: pos=[-0.00 5.51 1.50]  T=23.012N  omega=[-0.000 -0.002 0.000]  certified=5 uncertified=0  delta=0.0000  gamma=2.000(PENN)  feasible=1
[autopilot_sv_cbf_rate_node-3] [INFO] [1788156123.685185911] [uav_0.autopilot_sv_cbf_rate_node]: goal_waypoint received: [0.000, 5.500, 1.500] (overrides waypoint_x/y/z params)
[autopilot_sv_cbf_rate_node-3] [INFO] [1788156123.784888756] [uav_0.autopilot_sv_cbf_rate_node]: goal_waypoint received: [0.000, 5.500, 1.500] (overrides waypoint_x/y/z params)
[autopilot_sv_cbf_rate_node-3] [INFO] [1788156123.885238692] [uav_0.autopilot_sv_cbf_rate_node]: goal_waypoint received: [0.000, 5.500, 1.500] (overrides waypoint_x/y/z params)
[autopilot_sv_cbf_rate_node-3] [INFO] [1788156123.985100434] [uav_0.autopilot_sv_cbf_rate_node]: goal_waypoint received: [0.000, 5.500, 1.500] (overrides waypoint_x/y/z params)
[autopilot_sv_cbf_rate_node-3] [INFO] [1788156124.085063976] [uav_0.autopilot_sv_cbf_rate_node]: goal_waypoint received: [0.000, 5.500, 1.500] (overrides waypoint_x/y/z params)
[autopilot_sv_cbf_rate_node-3] [INFO] [1788156124.184884610] [uav_0.autopilot_sv_cbf_rate_node]: goal_waypoint received: [0.000, 5.500, 1.500] (overrides waypoint_x/y/z params)
[autopilot_sv_cbf_rate_node-3] [INFO] [1788156124.285344819] [uav_0.autopilot_sv_cbf_rate_node]: goal_waypoint received: [0.000, 5.500, 1.500] (overrides waypoint_x/y/z params)
[autopilot_sv_cbf_rate_node-3] [INFO] [1788156124.385048836] [uav_0.autopilot_sv_cbf_rate_node]: goal_waypoint received: [0.000, 5.500, 1.500] (overrides waypoint_x/y/z params)
[autopilot_sv_cbf_rate_node-3] [INFO] [1788156124.485480945] [uav_0.autopilot_sv_cbf_rate_node]: goal_waypoint received: [0.000, 5.500, 1.500] (overrides waypoint_x/y/z params)
[autopilot_sv_cbf_rate_node-3] [INFO] [1788156124.585374260] [uav_0.autopilot_sv_cbf_rate_node]: goal_waypoint received: [0.000, 5.500, 1.500] (overrides waypoint_x/y/z params)
[autopilot_sv_cbf_rate_node-3] [INFO] [1788156124.678973250] [uav_0.autopilot_sv_cbf_rate_node]: pos=[-0.01 5.51 1.49]  T=23.032N  omega=[-0.009 0.001 0.000]  certified=5 uncertified=0  delta=0.0000  gamma=2.000(PENN)  feasible=1
[autopilot_sv_cbf_rate_node-3] [INFO] [1788156124.684956179] [uav_0.autopilot_sv_cbf_rate_node]: goal_waypoint received: [0.000, 5.500, 1.500] (overrides waypoint_x/y/z params)
[autopilot_sv_cbf_rate_node-3] [INFO] [1788156124.784970793] [uav_0.autopilot_sv_cbf_rate_node]: goal_waypoint received: [0.000, 5.500, 1.500] (overrides waypoint_x/y/z params)
[autopilot_sv_cbf_rate_node-3] [INFO] [1788156124.885268103] [uav_0.autopilot_sv_cbf_rate_node]: goal_waypoint received: [0.000, 5.500, 1.500] (overrides waypoint_x/y/z params)
[autopilot_sv_cbf_rate_node-3] [INFO] [1788156124.985002720] [uav_0.autopilot_sv_cbf_rate_node]: goal_waypoint received: [0.000, 5.500, 1.500] (overrides waypoint_x/y/z params)
[autopilot_sv_cbf_rate_node-3] [INFO] [1788156125.085044433] [uav_0.autopilot_sv_cbf_rate_node]: goal_waypoint received: [0.000, 5.500, 1.500] (overrides waypoint_x/y/z params)
[autopilot_sv_cbf_rate_node-3] [INFO] [1788156125.185079847] [uav_0.autopilot_sv_cbf_rate_node]: goal_waypoint received: [0.000, 5.500, 1.500] (overrides waypoint_x/y/z params)
[autopilot_sv_cbf_rate_node-3] [INFO] [1788156125.298385104] [uav_0.autopilot_sv_cbf_rate_node]: goal_waypoint received: [0.000, 5.500, 1.500] (overrides waypoint_x/y/z params)
[autopilot_sv_cbf_rate_node-3] [INFO] [1788156125.384982077] [uav_0.autopilot_sv_cbf_rate_node]: goal_waypoint received: [0.000, 5.500, 1.500] (overrides waypoint_x/y/z params)
[autopilot_sv_cbf_rate_node-3] [INFO] [1788156125.484832493] [uav_0.autopilot_sv_cbf_rate_node]: goal_waypoint received: [0.000, 5.500, 1.500] (overrides waypoint_x/y/z params)
[autopilot_sv_cbf_rate_node-3] [INFO] [1788156125.584885406] [uav_0.autopilot_sv_cbf_rate_node]: goal_waypoint received: [0.000, 5.500, 1.500] (overrides waypoint_x/y/z params)
[autopilot_sv_cbf_rate_node-3] [INFO] [1788156125.684929720] [uav_0.autopilot_sv_cbf_rate_node]: goal_waypoint received: [0.000, 5.500, 1.500] (overrides waypoint_x/y/z params)
[autopilot_sv_cbf_rate_node-3] [INFO] [1788156125.686463402] [uav_0.autopilot_sv_cbf_rate_node]: pos=[-0.01 5.50 1.48]  T=23.008N  omega=[-0.014 -0.010 0.000]  certified=5 uncertified=0  delta=0.0000  gamma=2.000(PENN)  feasible=1
[autopilot_sv_cbf_rate_node-3] [INFO] [1788156125.785141932] [uav_0.autopilot_sv_cbf_rate_node]: goal_waypoint received: [0.000, 5.500, 1.500] (overrides waypoint_x/y/z params)
[autopilot_sv_cbf_rate_node-3] [INFO] [1788156125.884852149] [uav_0.autopilot_sv_cbf_rate_node]: goal_waypoint received: [0.000, 5.500, 1.500] (overrides waypoint_x/y/z params)
[autopilot_sv_cbf_rate_node-3] [INFO] [1788156125.984853363] [uav_0.autopilot_sv_cbf_rate_node]: goal_waypoint received: [0.000, 5.500, 1.500] (overrides waypoint_x/y/z params)
[autopilot_sv_cbf_rate_node-3] [INFO] [1788156126.084963377] [uav_0.autopilot_sv_cbf_rate_node]: goal_waypoint received: [0.000, 5.500, 1.500] (overrides waypoint_x/y/z params)
[autopilot_sv_cbf_rate_node-3] [INFO] [1788156126.185159989] [uav_0.autopilot_sv_cbf_rate_node]: goal_waypoint received: [0.000, 5.500, 1.500] (overrides waypoint_x/y/z params)
[autopilot_sv_cbf_rate_node-3] [INFO] [1788156126.285071004] [uav_0.autopilot_sv_cbf_rate_node]: goal_waypoint received: [0.000, 5.500, 1.500] (overrides waypoint_x/y/z params)
[autopilot_sv_cbf_rate_node-3] [INFO] [1788156126.385068319] [uav_0.autopilot_sv_cbf_rate_node]: goal_waypoint received: [0.000, 5.500, 1.500] (overrides waypoint_x/y/z params)
[autopilot_sv_cbf_rate_node-3] [INFO] [1788156126.484941135] [uav_0.autopilot_sv_cbf_rate_node]: goal_waypoint received: [0.000, 5.500, 1.500] (overrides waypoint_x/y/z params)
[autopilot_sv_cbf_rate_node-3] [INFO] [1788156126.585015249] [uav_0.autopilot_sv_cbf_rate_node]: goal_waypoint received: [0.000, 5.500, 1.500] (overrides waypoint_x/y/z params)
[autopilot_sv_cbf_rate_node-3] [INFO] [1788156126.684996263] [uav_0.autopilot_sv_cbf_rate_node]: goal_waypoint received: [0.000, 5.500, 1.500] (overrides waypoint_x/y/z params)
[autopilot_sv_cbf_rate_node-3] [INFO] [1788156126.686564645] [uav_0.autopilot_sv_cbf_rate_node]: pos=[-0.01 5.52 1.50]  T=22.957N  omega=[-0.006 -0.002 0.000]  certified=5 uncertified=0  delta=0.0000  gamma=2.000(PENN)  feasible=1
[autopilot_sv_cbf_rate_node-3] [INFO] [1788156126.785428073] [uav_0.autopilot_sv_cbf_rate_node]: goal_waypoint received: [0.000, 5.500, 1.500] (overrides waypoint_x/y/z params)
[autopilot_sv_cbf_rate_node-3] [INFO] [1788156126.884969293] [uav_0.autopilot_sv_cbf_rate_node]: goal_waypoint received: [0.000, 5.500, 1.500] (overrides waypoint_x/y/z params)
[autopilot_sv_cbf_rate_node-3] [INFO] [1788156126.984902408] [uav_0.autopilot_sv_cbf_rate_node]: goal_waypoint received: [0.000, 5.500, 1.500] (overrides waypoint_x/y/z params)
[autopilot_sv_cbf_rate_node-3] [INFO] [1788156127.084942322] [uav_0.autopilot_sv_cbf_rate_node]: goal_waypoint received: [0.000, 5.500, 1.500] (overrides waypoint_x/y/z params)
[autopilot_sv_cbf_rate_node-3] [INFO] [1788156127.185344533] [uav_0.autopilot_sv_cbf_rate_node]: goal_waypoint received: [0.000, 5.500, 1.500] (overrides waypoint_x/y/z params)
[autopilot_sv_cbf_rate_node-3] [INFO] [1788156127.296647613] [uav_0.autopilot_sv_cbf_rate_node]: goal_waypoint received: [0.000, 5.500, 1.500] (overrides waypoint_x/y/z params)
[autopilot_sv_cbf_rate_node-3] [INFO] [1788156127.385116765] [uav_0.autopilot_sv_cbf_rate_node]: goal_waypoint received: [0.000, 5.500, 1.500] (overrides waypoint_x/y/z params)
[autopilot_sv_cbf_rate_node-3] [INFO] [1788156127.485106080] [uav_0.autopilot_sv_cbf_rate_node]: goal_waypoint received: [0.000, 5.500, 1.500] (overrides waypoint_x/y/z params)
[autopilot_sv_cbf_rate_node-3] [INFO] [1788156127.584845198] [uav_0.autopilot_sv_cbf_rate_node]: goal_waypoint received: [0.000, 5.500, 1.500] (overrides waypoint_x/y/z params)
[autopilot_sv_cbf_rate_node-3] [INFO] [1788156127.685275308] [uav_0.autopilot_sv_cbf_rate_node]: goal_waypoint received: [0.000, 5.500, 1.500] (overrides waypoint_x/y/z params)
[autopilot_sv_cbf_rate_node-3] [INFO] [1788156127.686773990] [uav_0.autopilot_sv_cbf_rate_node]: pos=[-0.00 5.52 1.50]  T=23.007N  omega=[-0.003 0.012 0.000]  certified=5 uncertified=0  delta=0.0000  gamma=2.000(PENN)  feasible=1
[autopilot_sv_cbf_rate_node-3] [INFO] [1788156127.785118424] [uav_0.autopilot_sv_cbf_rate_node]: goal_waypoint received: [0.000, 5.500, 1.500] (overrides waypoint_x/y/z params)
[autopilot_sv_cbf_rate_node-3] [INFO] [1788156127.884942141] [uav_0.autopilot_sv_cbf_rate_node]: goal_waypoint received: [0.000, 5.500, 1.500] (overrides waypoint_x/y/z params)
[autopilot_sv_cbf_rate_node-3] [INFO] [1788156127.984857257] [uav_0.autopilot_sv_cbf_rate_node]: goal_waypoint received: [0.000, 5.500, 1.500] (overrides waypoint_x/y/z params)
[autopilot_sv_cbf_rate_node-3] [INFO] [1788156128.084934872] [uav_0.autopilot_sv_cbf_rate_node]: goal_waypoint received: [0.000, 5.500, 1.500] (overrides waypoint_x/y/z params)
[autopilot_sv_cbf_rate_node-3] [INFO] [1788156128.184972686] [uav_0.autopilot_sv_cbf_rate_node]: goal_waypoint received: [0.000, 5.500, 1.500] (overrides waypoint_x/y/z params)
[autopilot_sv_cbf_rate_node-3] [INFO] [1788156128.285144300] [uav_0.autopilot_sv_cbf_rate_node]: goal_waypoint received: [0.000, 5.500, 1.500] (overrides waypoint_x/y/z params)
[autopilot_sv_cbf_rate_node-3] [INFO] [1788156128.385104615] [uav_0.autopilot_sv_cbf_rate_node]: goal_waypoint received: [0.000, 5.500, 1.500] (overrides waypoint_x/y/z params)
[autopilot_sv_cbf_rate_node-3] [INFO] [1788156128.485344628] [uav_0.autopilot_sv_cbf_rate_node]: goal_waypoint received: [0.000, 5.500, 1.500] (overrides waypoint_x/y/z params)
[autopilot_sv_cbf_rate_node-3] [INFO] [1788156128.584795749] [uav_0.autopilot_sv_cbf_rate_node]: goal_waypoint received: [0.000, 5.500, 1.500] (overrides waypoint_x/y/z params)
[autopilot_sv_cbf_rate_node-3] [INFO] [1788156128.684711865] [uav_0.autopilot_sv_cbf_rate_node]: goal_waypoint received: [0.000, 5.500, 1.500] (overrides waypoint_x/y/z params)
[autopilot_sv_cbf_rate_node-3] [INFO] [1788156128.689959803] [uav_0.autopilot_sv_cbf_rate_node]: pos=[-0.02 5.50 1.50]  T=22.987N  omega=[0.001 -0.009 0.000]  certified=5 uncertified=0  delta=0.0000  gamma=2.000(PENN)  feasible=1
[autopilot_sv_cbf_rate_node-3] [INFO] [1788156128.784996077] [uav_0.autopilot_sv_cbf_rate_node]: goal_waypoint received: [0.000, 5.500, 1.500] (overrides waypoint_x/y/z params)
[autopilot_sv_cbf_rate_node-3] [INFO] [1788156128.884943493] [uav_0.autopilot_sv_cbf_rate_node]: goal_waypoint received: [0.000, 5.500, 1.500] (overrides waypoint_x/y/z params)
[autopilot_sv_cbf_rate_node-3] [INFO] [1788156128.984946508] [uav_0.autopilot_sv_cbf_rate_node]: goal_waypoint received: [0.000, 5.500, 1.500] (overrides waypoint_x/y/z params)
[autopilot_sv_cbf_rate_node-3] [INFO] [1788156129.084793226] [uav_0.autopilot_sv_cbf_rate_node]: goal_waypoint received: [0.000, 5.500, 1.500] (overrides waypoint_x/y/z params)
[autopilot_sv_cbf_rate_node-3] [INFO] [1788156129.185089238] [uav_0.autopilot_sv_cbf_rate_node]: goal_waypoint received: [0.000, 5.500, 1.500] (overrides waypoint_x/y/z params)
[autopilot_sv_cbf_rate_node-3] [INFO] [1788156129.284738857] [uav_0.autopilot_sv_cbf_rate_node]: goal_waypoint received: [0.000, 5.500, 1.500] (overrides waypoint_x/y/z params)
[autopilot_sv_cbf_rate_node-3] [INFO] [1788156129.384800172] [uav_0.autopilot_sv_cbf_rate_node]: goal_waypoint received: [0.000, 5.500, 1.500] (overrides waypoint_x/y/z params)
[autopilot_sv_cbf_rate_node-3] [INFO] [1788156129.484797488] [uav_0.autopilot_sv_cbf_rate_node]: goal_waypoint received: [0.000, 5.500, 1.500] (overrides waypoint_x/y/z params)
[autopilot_sv_cbf_rate_node-3] [INFO] [1788156129.584843303] [uav_0.autopilot_sv_cbf_rate_node]: goal_waypoint received: [0.000, 5.500, 1.500] (overrides waypoint_x/y/z params)
[autopilot_sv_cbf_rate_node-3] [INFO] [1788156129.684787219] [uav_0.autopilot_sv_cbf_rate_node]: goal_waypoint received: [0.000, 5.500, 1.500] (overrides waypoint_x/y/z params)
[autopilot_sv_cbf_rate_node-3] [INFO] [1788156129.686804295] [uav_0.autopilot_sv_cbf_rate_node]: pos=[0.00 5.50 1.49]  T=22.995N  omega=[0.018 -0.006 0.000]  certified=5 uncertified=0  delta=0.0000  gamma=2.000(PENN)  feasible=1
[autopilot_sv_cbf_rate_node-3] [INFO] [1788156129.784811734] [uav_0.autopilot_sv_cbf_rate_node]: goal_waypoint received: [0.000, 5.500, 1.500] (overrides waypoint_x/y/z params)
[autopilot_sv_cbf_rate_node-3] [INFO] [1788156129.884787450] [uav_0.autopilot_sv_cbf_rate_node]: goal_waypoint received: [0.000, 5.500, 1.500] (overrides waypoint_x/y/z params)
[autopilot_sv_cbf_rate_node-3] [INFO] [1788156129.985100862] [uav_0.autopilot_sv_cbf_rate_node]: goal_waypoint received: [0.000, 5.500, 1.500] (overrides waypoint_x/y/z params)
[autopilot_sv_cbf_rate_node-3] [INFO] [1788156130.084878280] [uav_0.autopilot_sv_cbf_rate_node]: goal_waypoint received: [0.000, 5.500, 1.500] (overrides waypoint_x/y/z params)
[autopilot_sv_cbf_rate_node-3] [INFO] [1788156130.184783297] [uav_0.autopilot_sv_cbf_rate_node]: goal_waypoint received: [0.000, 5.500, 1.500] (overrides waypoint_x/y/z params)
[autopilot_sv_cbf_rate_node-3] [INFO] [1788156130.285468605] [uav_0.autopilot_sv_cbf_rate_node]: goal_waypoint received: [0.000, 5.500, 1.500] (overrides waypoint_x/y/z params)
[autopilot_sv_cbf_rate_node-3] [INFO] [1788156130.384771829] [uav_0.autopilot_sv_cbf_rate_node]: goal_waypoint received: [0.000, 5.500, 1.500] (overrides waypoint_x/y/z params)
[autopilot_sv_cbf_rate_node-3] [INFO] [1788156130.484982143] [uav_0.autopilot_sv_cbf_rate_node]: goal_waypoint received: [0.000, 5.500, 1.500] (overrides waypoint_x/y/z params)
[autopilot_sv_cbf_rate_node-3] [INFO] [1788156130.584822361] [uav_0.autopilot_sv_cbf_rate_node]: goal_waypoint received: [0.000, 5.500, 1.500] (overrides waypoint_x/y/z params)
[autopilot_sv_cbf_rate_node-3] [INFO] [1788156130.684784077] [uav_0.autopilot_sv_cbf_rate_node]: goal_waypoint received: [0.000, 5.500, 1.500] (overrides waypoint_x/y/z params)
[autopilot_sv_cbf_rate_node-3] [INFO] [1788156130.696936633] [uav_0.autopilot_sv_cbf_rate_node]: pos=[-0.00 5.49 1.50]  T=22.983N  omega=[-0.007 -0.001 0.000]  certified=5 uncertified=0  delta=0.0000  gamma=2.000(PENN)  feasible=1
[autopilot_sv_cbf_rate_node-3] [INFO] [1788156130.784799493] [uav_0.autopilot_sv_cbf_rate_node]: goal_waypoint received: [0.000, 5.500, 1.500] (overrides waypoint_x/y/z params)
[autopilot_sv_cbf_rate_node-3] [INFO] [1788156130.884822708] [uav_0.autopilot_sv_cbf_rate_node]: goal_waypoint received: [0.000, 5.500, 1.500] (overrides waypoint_x/y/z params)
[autopilot_sv_cbf_rate_node-3] [INFO] [1788156130.984908423] [uav_0.autopilot_sv_cbf_rate_node]: goal_waypoint received: [0.000, 5.500, 1.500] (overrides waypoint_x/y/z params)
[autopilot_sv_cbf_rate_node-3] [INFO] [1788156131.085103937] [uav_0.autopilot_sv_cbf_rate_node]: goal_waypoint received: [0.000, 5.500, 1.500] (overrides waypoint_x/y/z params)
[autopilot_sv_cbf_rate_node-3] [INFO] [1788156131.184735258] [uav_0.autopilot_sv_cbf_rate_node]: goal_waypoint received: [0.000, 5.500, 1.500] (overrides waypoint_x/y/z params)
[autopilot_sv_cbf_rate_node-3] [INFO] [1788156131.284875272] [uav_0.autopilot_sv_cbf_rate_node]: goal_waypoint received: [0.000, 5.500, 1.500] (overrides waypoint_x/y/z params)
[autopilot_sv_cbf_rate_node-3] [INFO] [1788156131.384725990] [uav_0.autopilot_sv_cbf_rate_node]: goal_waypoint received: [0.000, 5.500, 1.500] (overrides waypoint_x/y/z params)
[autopilot_sv_cbf_rate_node-3] [INFO] [1788156131.484807105] [uav_0.autopilot_sv_cbf_rate_node]: goal_waypoint received: [0.000, 5.500, 1.500] (overrides waypoint_x/y/z params)
[autopilot_sv_cbf_rate_node-3] [INFO] [1788156131.584808322] [uav_0.autopilot_sv_cbf_rate_node]: goal_waypoint received: [0.000, 5.500, 1.500] (overrides waypoint_x/y/z params)
[autopilot_sv_cbf_rate_node-3] [INFO] [1788156131.684791438] [uav_0.autopilot_sv_cbf_rate_node]: goal_waypoint received: [0.000, 5.500, 1.500] (overrides waypoint_x/y/z params)
[autopilot_sv_cbf_rate_node-3] [INFO] [1788156131.696512599] [uav_0.autopilot_sv_cbf_rate_node]: pos=[-0.00 5.51 1.51]  T=22.944N  omega=[-0.003 -0.001 0.000]  certified=5 uncertified=0  delta=0.0000  gamma=2.000(PENN)  feasible=1
[autopilot_sv_cbf_rate_node-3] [INFO] [1788156131.784875853] [uav_0.autopilot_sv_cbf_rate_node]: goal_waypoint received: [0.000, 5.500, 1.500] (overrides waypoint_x/y/z params)
[autopilot_sv_cbf_rate_node-3] [INFO] [1788156131.884933269] [uav_0.autopilot_sv_cbf_rate_node]: goal_waypoint received: [0.000, 5.500, 1.500] (overrides waypoint_x/y/z params)
[autopilot_sv_cbf_rate_node-3] [INFO] [1788156131.984778787] [uav_0.autopilot_sv_cbf_rate_node]: goal_waypoint received: [0.000, 5.500, 1.500] (overrides waypoint_x/y/z params)
[autopilot_sv_cbf_rate_node-3] [INFO] [1788156132.084737204] [uav_0.autopilot_sv_cbf_rate_node]: goal_waypoint received: [0.000, 5.500, 1.500] (overrides waypoint_x/y/z params)
[autopilot_sv_cbf_rate_node-3] [INFO] [1788156132.184931894] [uav_0.autopilot_sv_cbf_rate_node]: goal_waypoint received: [0.000, 5.500, 1.500] (overrides waypoint_x/y/z params)
[autopilot_sv_cbf_rate_node-3] [INFO] [1788156132.284961498] [uav_0.autopilot_sv_cbf_rate_node]: goal_waypoint received: [0.000, 5.500, 1.500] (overrides waypoint_x/y/z params)
[autopilot_sv_cbf_rate_node-3] [INFO] [1788156132.384886903] [uav_0.autopilot_sv_cbf_rate_node]: goal_waypoint received: [0.000, 5.500, 1.500] (overrides waypoint_x/y/z params)
[autopilot_sv_cbf_rate_node-3] [INFO] [1788156132.484772809] [uav_0.autopilot_sv_cbf_rate_node]: goal_waypoint received: [0.000, 5.500, 1.500] (overrides waypoint_x/y/z params)
[autopilot_sv_cbf_rate_node-3] [INFO] [1788156132.584772713] [uav_0.autopilot_sv_cbf_rate_node]: goal_waypoint received: [0.000, 5.500, 1.500] (overrides waypoint_x/y/z params)
