[INFO] [launch]: All log files can be found below /home/matt/.ros/log/2026-08-31-08-58-33-115822-main-1948395
[INFO] [launch]: Default logging verbosity is set to INFO
[INFO] [microxrce_agent-1]: process started with pid [1948396]
[INFO] [px4_sitl-2]: process started with pid [1948398]
[INFO] [autopilot_sv_cbf_rate_node-3]: process started with pid [1948400]
[INFO] [synthetic_obstacle_publisher-4]: process started with pid [1948402]
[INFO] [px4_odom_bridge_node-5]: process started with pid [1948404]
[px4_sitl-2] 
[px4_sitl-2] ______  __   __    ___ 
[px4_sitl-2] | ___ \ \ \ / /   /   |
[px4_sitl-2] | |_/ /  \ V /   / /| |
[px4_sitl-2] |  __/   /   \  / /_| |
[px4_sitl-2] | |     / /^\ \ \___  |
[px4_sitl-2] \_|     \/   \/     |_/
[px4_sitl-2] 
[px4_sitl-2] px4 starting.
[px4_sitl-2] 
[px4_sitl-2] INFO  [px4] startup script: /bin/sh etc/init.d-posix/rcS 0
[px4_sitl-2] env SYS_AUTOSTART: 4001
[px4_sitl-2] INFO  [param] selected parameter default file parameters.bson
[px4_sitl-2] INFO  [param] importing from 'parameters.bson'
[px4_sitl-2] INFO  [parameters] BSON document size 354 bytes, decoded 354 bytes (INT32:15, FLOAT:3)
[px4_sitl-2] INFO  [param] selected parameter backup file parameters_backup.bson
[autopilot_sv_cbf_rate_node-3] [WARN] [1788181113.479299975] [uav_0.autopilot_sv_cbf_rate_node]: T reset to hover thrust 20.2478N (reason: construction)
[autopilot_sv_cbf_rate_node-3] [INFO] [1788181113.481989140] [uav_0.autopilot_sv_cbf_rate_node]: PENN+GAT model loaded from /home/matt/arc_2026/install/single_vehicle_cbf_rate_arc/share/single_vehicle_cbf_rate_arc/nn_model/checkpoint/gat_penn_weights.pt
[autopilot_sv_cbf_rate_node-3] [INFO] [1788181113.491504017] [uav_0.autopilot_sv_cbf_rate_node]: single_vehicle_cbf_rate_node started: control_rate=100.0Hz (dt=0.0100s), T_min=4.700N T_max=36.148N
[synthetic_obstacle_publisher-4] [INFO] [1788181113.698453838] [uav_0.synthetic_obstacle_publisher]: synthetic_obstacle_publisher started: 5 obstacle(s) on /arc/obstacles at 10.0 Hz, frame_id="map", sensing envelope max_range_m=8.0 z=[0.1,2.5]
[px4_odom_bridge_node-5] [INFO] [1788181113.699138629] [uav_0.px4_odom_bridge_node]: px4_odom_bridge_node started (NED fmu/out/vehicle_odometry -> ENU state_estimator/local_position/odom)
[synthetic_obstacle_publisher-4] [WARN] [1788181113.783071942] [uav_0.synthetic_obstacle_publisher]: No odometry yet -- cannot evaluate the sensing envelope, publishing no obstacles
[px4_sitl-2] INFO  [dataman] data manager file './dataman' size is 1208528 bytes
[px4_sitl-2] INFO  [init] Gazebo simulator 8.14.0
[synthetic_obstacle_publisher-4] [WARN] [1788181115.882968482] [uav_0.synthetic_obstacle_publisher]: No odometry yet -- cannot evaluate the sensing envelope, publishing no obstacles
[px4_sitl-2] INFO  [init] Starting gazebo with world: /home/matt/PX4-Autopilot/Tools/simulation/gz/worlds/default.sdf
[synthetic_obstacle_publisher-4] [WARN] [1788181117.883493215] [uav_0.synthetic_obstacle_publisher]: No odometry yet -- cannot evaluate the sensing envelope, publishing no obstacles
[INFO] [ground_station_stub_node-6]: process started with pid [1948665]
[px4_sitl-2] INFO  [init] Waiting for Gazebo world...
[ground_station_stub_node-6] [INFO] [1788181118.981215465] [uav_0.ground_station_stub_node]: ground_station_stub_node started: waypoint=(0.0, 5.5, 0.5), first arm attempt in 5.0s, retrying every 1.0s until armed
[autopilot_sv_cbf_rate_node-3] [INFO] [1788181119.054224605] [uav_0.autopilot_sv_cbf_rate_node]: goal_waypoint received: [0.000, 5.500, 0.500] (overrides waypoint_x/y/z params)
[autopilot_sv_cbf_rate_node-3] [INFO] [1788181119.154211099] [uav_0.autopilot_sv_cbf_rate_node]: goal_waypoint received: [0.000, 5.500, 0.500] (overrides waypoint_x/y/z params)
[autopilot_sv_cbf_rate_node-3] [INFO] [1788181119.254199793] [uav_0.autopilot_sv_cbf_rate_node]: goal_waypoint received: [0.000, 5.500, 0.500] (overrides waypoint_x/y/z params)
[autopilot_sv_cbf_rate_node-3] [INFO] [1788181119.354261583] [uav_0.autopilot_sv_cbf_rate_node]: goal_waypoint received: [0.000, 5.500, 0.500] (overrides waypoint_x/y/z params)
[autopilot_sv_cbf_rate_node-3] [INFO] [1788181119.454095986] [uav_0.autopilot_sv_cbf_rate_node]: goal_waypoint received: [0.000, 5.500, 0.500] (overrides waypoint_x/y/z params)
[autopilot_sv_cbf_rate_node-3] [INFO] [1788181119.554161276] [uav_0.autopilot_sv_cbf_rate_node]: goal_waypoint received: [0.000, 5.500, 0.500] (overrides waypoint_x/y/z params)
[autopilot_sv_cbf_rate_node-3] [INFO] [1788181119.654135171] [uav_0.autopilot_sv_cbf_rate_node]: goal_waypoint received: [0.000, 5.500, 0.500] (overrides waypoint_x/y/z params)
[autopilot_sv_cbf_rate_node-3] [INFO] [1788181119.754156263] [uav_0.autopilot_sv_cbf_rate_node]: goal_waypoint received: [0.000, 5.500, 0.500] (overrides waypoint_x/y/z params)
[autopilot_sv_cbf_rate_node-3] [INFO] [1788181119.854210253] [uav_0.autopilot_sv_cbf_rate_node]: goal_waypoint received: [0.000, 5.500, 0.500] (overrides waypoint_x/y/z params)
[autopilot_sv_cbf_rate_node-3] [INFO] [1788181119.954203147] [uav_0.autopilot_sv_cbf_rate_node]: goal_waypoint received: [0.000, 5.500, 0.500] (overrides waypoint_x/y/z params)
[synthetic_obstacle_publisher-4] [WARN] [1788181119.983703746] [uav_0.synthetic_obstacle_publisher]: No odometry yet -- cannot evaluate the sensing envelope, publishing no obstacles
[autopilot_sv_cbf_rate_node-3] [INFO] [1788181120.054125750] [uav_0.autopilot_sv_cbf_rate_node]: goal_waypoint received: [0.000, 5.500, 0.500] (overrides waypoint_x/y/z params)
[autopilot_sv_cbf_rate_node-3] [INFO] [1788181120.154501230] [uav_0.autopilot_sv_cbf_rate_node]: goal_waypoint received: [0.000, 5.500, 0.500] (overrides waypoint_x/y/z params)
[autopilot_sv_cbf_rate_node-3] [INFO] [1788181120.254112057] [uav_0.autopilot_sv_cbf_rate_node]: goal_waypoint received: [0.000, 5.500, 0.500] (overrides waypoint_x/y/z params)
[autopilot_sv_cbf_rate_node-3] [INFO] [1788181120.354111360] [uav_0.autopilot_sv_cbf_rate_node]: goal_waypoint received: [0.000, 5.500, 0.500] (overrides waypoint_x/y/z params)
[autopilot_sv_cbf_rate_node-3] [INFO] [1788181120.454129362] [uav_0.autopilot_sv_cbf_rate_node]: goal_waypoint received: [0.000, 5.500, 0.500] (overrides waypoint_x/y/z params)
[autopilot_sv_cbf_rate_node-3] [INFO] [1788181120.554085568] [uav_0.autopilot_sv_cbf_rate_node]: goal_waypoint received: [0.000, 5.500, 0.500] (overrides waypoint_x/y/z params)
[autopilot_sv_cbf_rate_node-3] [INFO] [1788181120.654089970] [uav_0.autopilot_sv_cbf_rate_node]: goal_waypoint received: [0.000, 5.500, 0.500] (overrides waypoint_x/y/z params)
[autopilot_sv_cbf_rate_node-3] [INFO] [1788181120.754129571] [uav_0.autopilot_sv_cbf_rate_node]: goal_waypoint received: [0.000, 5.500, 0.500] (overrides waypoint_x/y/z params)
[autopilot_sv_cbf_rate_node-3] [INFO] [1788181120.854119475] [uav_0.autopilot_sv_cbf_rate_node]: goal_waypoint received: [0.000, 5.500, 0.500] (overrides waypoint_x/y/z params)
[autopilot_sv_cbf_rate_node-3] [INFO] [1788181120.954211981] [uav_0.autopilot_sv_cbf_rate_node]: goal_waypoint received: [0.000, 5.500, 0.500] (overrides waypoint_x/y/z params)
[autopilot_sv_cbf_rate_node-3] [INFO] [1788181121.054113304] [uav_0.autopilot_sv_cbf_rate_node]: goal_waypoint received: [0.000, 5.500, 0.500] (overrides waypoint_x/y/z params)
[autopilot_sv_cbf_rate_node-3] [INFO] [1788181121.154266317] [uav_0.autopilot_sv_cbf_rate_node]: goal_waypoint received: [0.000, 5.500, 0.500] (overrides waypoint_x/y/z params)
[autopilot_sv_cbf_rate_node-3] [INFO] [1788181121.254178244] [uav_0.autopilot_sv_cbf_rate_node]: goal_waypoint received: [0.000, 5.500, 0.500] (overrides waypoint_x/y/z params)
[autopilot_sv_cbf_rate_node-3] [INFO] [1788181121.354140669] [uav_0.autopilot_sv_cbf_rate_node]: goal_waypoint received: [0.000, 5.500, 0.500] (overrides waypoint_x/y/z params)
[autopilot_sv_cbf_rate_node-3] [INFO] [1788181121.454107493] [uav_0.autopilot_sv_cbf_rate_node]: goal_waypoint received: [0.000, 5.500, 0.500] (overrides waypoint_x/y/z params)
[autopilot_sv_cbf_rate_node-3] [INFO] [1788181121.554127013] [uav_0.autopilot_sv_cbf_rate_node]: goal_waypoint received: [0.000, 5.500, 0.500] (overrides waypoint_x/y/z params)
[autopilot_sv_cbf_rate_node-3] [INFO] [1788181121.654091038] [uav_0.autopilot_sv_cbf_rate_node]: goal_waypoint received: [0.000, 5.500, 0.500] (overrides waypoint_x/y/z params)
[autopilot_sv_cbf_rate_node-3] [INFO] [1788181121.754137657] [uav_0.autopilot_sv_cbf_rate_node]: goal_waypoint received: [0.000, 5.500, 0.500] (overrides waypoint_x/y/z params)
[px4_sitl-2] INFO  [init] Gazebo world is ready
[px4_sitl-2] INFO  [init] Spawning Gazebo model
[autopilot_sv_cbf_rate_node-3] [INFO] [1788181121.854233473] [uav_0.autopilot_sv_cbf_rate_node]: goal_waypoint received: [0.000, 5.500, 0.500] (overrides waypoint_x/y/z params)
[autopilot_sv_cbf_rate_node-3] [INFO] [1788181121.954186798] [uav_0.autopilot_sv_cbf_rate_node]: goal_waypoint received: [0.000, 5.500, 0.500] (overrides waypoint_x/y/z params)
[autopilot_sv_cbf_rate_node-3] [INFO] [1788181122.054646097] [uav_0.autopilot_sv_cbf_rate_node]: goal_waypoint received: [0.000, 5.500, 0.500] (overrides waypoint_x/y/z params)
[synthetic_obstacle_publisher-4] [WARN] [1788181122.083670335] [uav_0.synthetic_obstacle_publisher]: No odometry yet -- cannot evaluate the sensing envelope, publishing no obstacles
[autopilot_sv_cbf_rate_node-3] [INFO] [1788181122.154183356] [uav_0.autopilot_sv_cbf_rate_node]: goal_waypoint received: [0.000, 5.500, 0.500] (overrides waypoint_x/y/z params)
[px4_sitl-2] [1;33mWarning [Utils.cc:132][0m [/sdf/model[@name="x500_base"]/link[@name="base_link"]/sensor[@name="air_pressure_sensor"]/gz_frame_id:/home/matt/PX4-Autopilot/Tools/simulation/gz/models/x500_base/model.sdf:L219]: XML Element[gz_frame_id], child of element[sensor], not defined in SDF. Copying[gz_frame_id] as children of [sensor].
[px4_sitl-2] [1;33mWarning [Utils.cc:132][0m [/sdf/model[@name="x500_base"]/link[@name="base_link"]/sensor[@name="magnetometer_sensor"]/gz_frame_id:/home/matt/PX4-Autopilot/Tools/simulation/gz/models/x500_base/model.sdf:L233]: XML Element[gz_frame_id], child of element[sensor], not defined in SDF. Copying[gz_frame_id] as children of [sensor].
[px4_sitl-2] [1;33mWarning [Utils.cc:132][0m [/sdf/model[@name="x500_base"]/link[@name="base_link"]/sensor[@name="imu_sensor"]/gz_frame_id:/home/matt/PX4-Autopilot/Tools/simulation/gz/models/x500_base/model.sdf:L259]: XML Element[gz_frame_id], child of element[sensor], not defined in SDF. Copying[gz_frame_id] as children of [sensor].
[px4_sitl-2] [1;33mWarning [Utils.cc:132][0m [/sdf/model[@name="x500_base"]/link[@name="base_link"]/sensor[@name="navsat_sensor"]/gz_frame_id:/home/matt/PX4-Autopilot/Tools/simulation/gz/models/x500_base/model.sdf:L311]: XML Element[gz_frame_id], child of element[sensor], not defined in SDF. Copying[gz_frame_id] as children of [sensor].
[autopilot_sv_cbf_rate_node-3] [INFO] [1788181122.254162989] [uav_0.autopilot_sv_cbf_rate_node]: goal_waypoint received: [0.000, 5.500, 0.500] (overrides waypoint_x/y/z params)
[autopilot_sv_cbf_rate_node-3] [INFO] [1788181122.354173720] [uav_0.autopilot_sv_cbf_rate_node]: goal_waypoint received: [0.000, 5.500, 0.500] (overrides waypoint_x/y/z params)
[autopilot_sv_cbf_rate_node-3] [INFO] [1788181122.454224648] [uav_0.autopilot_sv_cbf_rate_node]: goal_waypoint received: [0.000, 5.500, 0.500] (overrides waypoint_x/y/z params)
[autopilot_sv_cbf_rate_node-3] [INFO] [1788181122.554130586] [uav_0.autopilot_sv_cbf_rate_node]: goal_waypoint received: [0.000, 5.500, 0.500] (overrides waypoint_x/y/z params)
[autopilot_sv_cbf_rate_node-3] [INFO] [1788181122.654200613] [uav_0.autopilot_sv_cbf_rate_node]: goal_waypoint received: [0.000, 5.500, 0.500] (overrides waypoint_x/y/z params)
[autopilot_sv_cbf_rate_node-3] [INFO] [1788181122.754126649] [uav_0.autopilot_sv_cbf_rate_node]: goal_waypoint received: [0.000, 5.500, 0.500] (overrides waypoint_x/y/z params)
[autopilot_sv_cbf_rate_node-3] [INFO] [1788181122.854164278] [uav_0.autopilot_sv_cbf_rate_node]: goal_waypoint received: [0.000, 5.500, 0.500] (overrides waypoint_x/y/z params)
[autopilot_sv_cbf_rate_node-3] [INFO] [1788181122.954251405] [uav_0.autopilot_sv_cbf_rate_node]: goal_waypoint received: [0.000, 5.500, 0.500] (overrides waypoint_x/y/z params)
[autopilot_sv_cbf_rate_node-3] [INFO] [1788181123.054171146] [uav_0.autopilot_sv_cbf_rate_node]: goal_waypoint received: [0.000, 5.500, 0.500] (overrides waypoint_x/y/z params)
[px4_sitl-2] INFO  [lockstep_scheduler] setting initial absolute time to 4196000 us
[autopilot_sv_cbf_rate_node-3] [INFO] [1788181123.154122590] [uav_0.autopilot_sv_cbf_rate_node]: goal_waypoint received: [0.000, 5.500, 0.500] (overrides waypoint_x/y/z params)
[px4_sitl-2] INFO  [gz_bridge] world: default, model: x500_0
[autopilot_sv_cbf_rate_node-3] [INFO] [1788181123.254153629] [uav_0.autopilot_sv_cbf_rate_node]: goal_waypoint received: [0.000, 5.500, 0.500] (overrides waypoint_x/y/z params)
[autopilot_sv_cbf_rate_node-3] [INFO] [1788181123.354070075] [uav_0.autopilot_sv_cbf_rate_node]: goal_waypoint received: [0.000, 5.500, 0.500] (overrides waypoint_x/y/z params)
[autopilot_sv_cbf_rate_node-3] [INFO] [1788181123.454083515] [uav_0.autopilot_sv_cbf_rate_node]: goal_waypoint received: [0.000, 5.500, 0.500] (overrides waypoint_x/y/z params)
[autopilot_sv_cbf_rate_node-3] [INFO] [1788181123.554136853] [uav_0.autopilot_sv_cbf_rate_node]: goal_waypoint received: [0.000, 5.500, 0.500] (overrides waypoint_x/y/z params)
[autopilot_sv_cbf_rate_node-3] [INFO] [1788181123.654072398] [uav_0.autopilot_sv_cbf_rate_node]: goal_waypoint received: [0.000, 5.500, 0.500] (overrides waypoint_x/y/z params)
[px4_sitl-2] INFO  [commander] LED: open /dev/led0 failed (22)
[px4_sitl-2] WARN  [health_and_arming_checks] Preflight Fail: ekf2 missing data
[autopilot_sv_cbf_rate_node-3] [INFO] [1788181123.754164134] [uav_0.autopilot_sv_cbf_rate_node]: goal_waypoint received: [0.000, 5.500, 0.500] (overrides waypoint_x/y/z params)
[autopilot_sv_cbf_rate_node-3] [INFO] [1788181123.854155375] [uav_0.autopilot_sv_cbf_rate_node]: goal_waypoint received: [0.000, 5.500, 0.500] (overrides waypoint_x/y/z params)
[autopilot_sv_cbf_rate_node-3] [INFO] [1788181123.954132418] [uav_0.autopilot_sv_cbf_rate_node]: goal_waypoint received: [0.000, 5.500, 0.500] (overrides waypoint_x/y/z params)
[ground_station_stub_node-6] [INFO] [1788181123.954694384] [uav_0.ground_station_stub_node]: Switching to offboard mode
[ground_station_stub_node-6] [INFO] [1788181123.955141357] [uav_0.ground_station_stub_node]: Arm command sent
[autopilot_sv_cbf_rate_node-3] [INFO] [1788181124.054081767] [uav_0.autopilot_sv_cbf_rate_node]: goal_waypoint received: [0.000, 5.500, 0.500] (overrides waypoint_x/y/z params)
[autopilot_sv_cbf_rate_node-3] [INFO] [1788181124.154102916] [uav_0.autopilot_sv_cbf_rate_node]: goal_waypoint received: [0.000, 5.500, 0.500] (overrides waypoint_x/y/z params)
[synthetic_obstacle_publisher-4] [WARN] [1788181124.183000168] [uav_0.synthetic_obstacle_publisher]: No odometry yet -- cannot evaluate the sensing envelope, publishing no obstacles
[autopilot_sv_cbf_rate_node-3] [INFO] [1788181124.254253457] [uav_0.autopilot_sv_cbf_rate_node]: goal_waypoint received: [0.000, 5.500, 0.500] (overrides waypoint_x/y/z params)
[autopilot_sv_cbf_rate_node-3] [INFO] [1788181124.354101317] [uav_0.autopilot_sv_cbf_rate_node]: goal_waypoint received: [0.000, 5.500, 0.500] (overrides waypoint_x/y/z params)
[autopilot_sv_cbf_rate_node-3] [INFO] [1788181124.454086869] [uav_0.autopilot_sv_cbf_rate_node]: goal_waypoint received: [0.000, 5.500, 0.500] (overrides waypoint_x/y/z params)
[px4_sitl-2] INFO  [tone_alarm] home set
[px4_sitl-2] INFO  [uxrce_dds_client] init UDP agent IP:127.0.0.1, port:8888
[autopilot_sv_cbf_rate_node-3] [INFO] [1788181124.554168514] [uav_0.autopilot_sv_cbf_rate_node]: goal_waypoint received: [0.000, 5.500, 0.500] (overrides waypoint_x/y/z params)
[autopilot_sv_cbf_rate_node-3] [INFO] [1788181124.654101569] [uav_0.autopilot_sv_cbf_rate_node]: goal_waypoint received: [0.000, 5.500, 0.500] (overrides waypoint_x/y/z params)
[autopilot_sv_cbf_rate_node-3] [INFO] [1788181124.754107519] [uav_0.autopilot_sv_cbf_rate_node]: goal_waypoint received: [0.000, 5.500, 0.500] (overrides waypoint_x/y/z params)
[px4_sitl-2] INFO  [mavlink] mode: Normal, data rate: 4000000 B/s on udp port 18570 remote port 14550
[autopilot_sv_cbf_rate_node-3] [INFO] [1788181124.854215663] [uav_0.autopilot_sv_cbf_rate_node]: goal_waypoint received: [0.000, 5.500, 0.500] (overrides waypoint_x/y/z params)
[autopilot_sv_cbf_rate_node-3] [INFO] [1788181124.954211114] [uav_0.autopilot_sv_cbf_rate_node]: goal_waypoint received: [0.000, 5.500, 0.500] (overrides waypoint_x/y/z params)
[ground_station_stub_node-6] [INFO] [1788181124.954527095] [uav_0.ground_station_stub_node]: Switching to offboard mode
[ground_station_stub_node-6] [INFO] [1788181124.954886873] [uav_0.ground_station_stub_node]: Arm command sent
[px4_sitl-2] INFO  [mavlink] mode: Onboard, data rate: 4000000 B/s on udp port 14580 remote port 14540
[px4_sitl-2] INFO  [mavlink] mode: Onboard, data rate: 4000 B/s on udp port 14280 remote port 14030
[px4_sitl-2] INFO  [mavlink] mode: Gimbal, data rate: 400000 B/s on udp port 13030 remote port 13280
[autopilot_sv_cbf_rate_node-3] [INFO] [1788181125.054113275] [uav_0.autopilot_sv_cbf_rate_node]: goal_waypoint received: [0.000, 5.500, 0.500] (overrides waypoint_x/y/z params)
[autopilot_sv_cbf_rate_node-3] [INFO] [1788181125.154112235] [uav_0.autopilot_sv_cbf_rate_node]: goal_waypoint received: [0.000, 5.500, 0.500] (overrides waypoint_x/y/z params)
[px4_sitl-2] INFO  [logger] logger started (mode=all)
[px4_sitl-2] INFO  [logger] Start file log (type: full)
[px4_sitl-2] INFO  [logger] [logger] ./log/2026-08-31/12_58_45.ulg	
[px4_sitl-2] INFO  [logger] Opened full log file: ./log/2026-08-31/12_58_45.ulg
[px4_sitl-2] INFO  [mavlink] MAVLink only on localhost (set param MAV_{i}_BROADCAST = 1 to enable network)
[px4_sitl-2] INFO  [mavlink] MAVLink only on localhost (set param MAV_{i}_BROADCAST = 1 to enable network)
[px4_sitl-2] INFO  [px4] Startup script returned successfully
[autopilot_sv_cbf_rate_node-3] [INFO] [1788181125.254206490] [uav_0.autopilot_sv_cbf_rate_node]: goal_waypoint received: [0.000, 5.500, 0.500] (overrides waypoint_x/y/z params)
[autopilot_sv_cbf_rate_node-3] [INFO] [1788181125.354152253] [uav_0.autopilot_sv_cbf_rate_node]: goal_waypoint received: [0.000, 5.500, 0.500] (overrides waypoint_x/y/z params)
[autopilot_sv_cbf_rate_node-3] [INFO] [1788181125.454078317] [uav_0.autopilot_sv_cbf_rate_node]: goal_waypoint received: [0.000, 5.500, 0.500] (overrides waypoint_x/y/z params)
[autopilot_sv_cbf_rate_node-3] [INFO] [1788181125.554180771] [uav_0.autopilot_sv_cbf_rate_node]: goal_waypoint received: [0.000, 5.500, 0.500] (overrides waypoint_x/y/z params)
[autopilot_sv_cbf_rate_node-3] [INFO] [1788181125.654120635] [uav_0.autopilot_sv_cbf_rate_node]: goal_waypoint received: [0.000, 5.500, 0.500] (overrides waypoint_x/y/z params)
[autopilot_sv_cbf_rate_node-3] [INFO] [1788181125.754113395] [uav_0.autopilot_sv_cbf_rate_node]: goal_waypoint received: [0.000, 5.500, 0.500] (overrides waypoint_x/y/z params)
[autopilot_sv_cbf_rate_node-3] [INFO] [1788181125.854118455] [uav_0.autopilot_sv_cbf_rate_node]: goal_waypoint received: [0.000, 5.500, 0.500] (overrides waypoint_x/y/z params)
[autopilot_sv_cbf_rate_node-3] [INFO] [1788181125.954207010] [uav_0.autopilot_sv_cbf_rate_node]: goal_waypoint received: [0.000, 5.500, 0.500] (overrides waypoint_x/y/z params)
[ground_station_stub_node-6] [INFO] [1788181125.954572888] [uav_0.ground_station_stub_node]: Switching to offboard mode
[ground_station_stub_node-6] [INFO] [1788181125.954898468] [uav_0.ground_station_stub_node]: Arm command sent
[autopilot_sv_cbf_rate_node-3] [INFO] [1788181126.054101281] [uav_0.autopilot_sv_cbf_rate_node]: goal_waypoint received: [0.000, 5.500, 0.500] (overrides waypoint_x/y/z params)
[autopilot_sv_cbf_rate_node-3] [INFO] [1788181126.154126149] [uav_0.autopilot_sv_cbf_rate_node]: goal_waypoint received: [0.000, 5.500, 0.500] (overrides waypoint_x/y/z params)
[autopilot_sv_cbf_rate_node-3] [INFO] [1788181126.254276009] [uav_0.autopilot_sv_cbf_rate_node]: goal_waypoint received: [0.000, 5.500, 0.500] (overrides waypoint_x/y/z params)
[synthetic_obstacle_publisher-4] [WARN] [1788181126.282971879] [uav_0.synthetic_obstacle_publisher]: No odometry yet -- cannot evaluate the sensing envelope, publishing no obstacles
[autopilot_sv_cbf_rate_node-3] [INFO] [1788181126.354158086] [uav_0.autopilot_sv_cbf_rate_node]: goal_waypoint received: [0.000, 5.500, 0.500] (overrides waypoint_x/y/z params)
[autopilot_sv_cbf_rate_node-3] [INFO] [1788181126.454091460] [uav_0.autopilot_sv_cbf_rate_node]: goal_waypoint received: [0.000, 5.500, 0.500] (overrides waypoint_x/y/z params)
[autopilot_sv_cbf_rate_node-3] [INFO] [1788181126.554229821] [uav_0.autopilot_sv_cbf_rate_node]: goal_waypoint received: [0.000, 5.500, 0.500] (overrides waypoint_x/y/z params)
[autopilot_sv_cbf_rate_node-3] [INFO] [1788181126.654169794] [uav_0.autopilot_sv_cbf_rate_node]: goal_waypoint received: [0.000, 5.500, 0.500] (overrides waypoint_x/y/z params)
[autopilot_sv_cbf_rate_node-3] [INFO] [1788181126.754143165] [uav_0.autopilot_sv_cbf_rate_node]: goal_waypoint received: [0.000, 5.500, 0.500] (overrides waypoint_x/y/z params)
[autopilot_sv_cbf_rate_node-3] [INFO] [1788181126.854164633] [uav_0.autopilot_sv_cbf_rate_node]: goal_waypoint received: [0.000, 5.500, 0.500] (overrides waypoint_x/y/z params)
[autopilot_sv_cbf_rate_node-3] [INFO] [1788181126.954130705] [uav_0.autopilot_sv_cbf_rate_node]: goal_waypoint received: [0.000, 5.500, 0.500] (overrides waypoint_x/y/z params)
[px4_sitl-2] pxh> INFO  [commander] [32mReady for takeoff![0m
[autopilot_sv_cbf_rate_node-3] [INFO] [1788181127.054146878] [uav_0.autopilot_sv_cbf_rate_node]: goal_waypoint received: [0.000, 5.500, 0.500] (overrides waypoint_x/y/z params)
[ground_station_stub_node-6] [INFO] [1788181127.054497957] [uav_0.ground_station_stub_node]: Switching to offboard mode
[ground_station_stub_node-6] [INFO] [1788181127.054831637] [uav_0.ground_station_stub_node]: Arm command sent
[autopilot_sv_cbf_rate_node-3] [INFO] [1788181127.154163456] [uav_0.autopilot_sv_cbf_rate_node]: goal_waypoint received: [0.000, 5.500, 0.500] (overrides waypoint_x/y/z params)
[autopilot_sv_cbf_rate_node-3] [INFO] [1788181127.254146536] [uav_0.autopilot_sv_cbf_rate_node]: goal_waypoint received: [0.000, 5.500, 0.500] (overrides waypoint_x/y/z params)
[autopilot_sv_cbf_rate_node-3] [INFO] [1788181127.354074019] [uav_0.autopilot_sv_cbf_rate_node]: goal_waypoint received: [0.000, 5.500, 0.500] (overrides waypoint_x/y/z params)
[autopilot_sv_cbf_rate_node-3] [INFO] [1788181127.454060799] [uav_0.autopilot_sv_cbf_rate_node]: goal_waypoint received: [0.000, 5.500, 0.500] (overrides waypoint_x/y/z params)
[autopilot_sv_cbf_rate_node-3] [INFO] [1788181127.554159672] [uav_0.autopilot_sv_cbf_rate_node]: goal_waypoint received: [0.000, 5.500, 0.500] (overrides waypoint_x/y/z params)
[autopilot_sv_cbf_rate_node-3] [INFO] [1788181127.654188549] [uav_0.autopilot_sv_cbf_rate_node]: goal_waypoint received: [0.000, 5.500, 0.500] (overrides waypoint_x/y/z params)
[autopilot_sv_cbf_rate_node-3] [INFO] [1788181127.754142631] [uav_0.autopilot_sv_cbf_rate_node]: goal_waypoint received: [0.000, 5.500, 0.500] (overrides waypoint_x/y/z params)
[autopilot_sv_cbf_rate_node-3] [INFO] [1788181127.854186607] [uav_0.autopilot_sv_cbf_rate_node]: goal_waypoint received: [0.000, 5.500, 0.500] (overrides waypoint_x/y/z params)
[autopilot_sv_cbf_rate_node-3] [INFO] [1788181127.954146689] [uav_0.autopilot_sv_cbf_rate_node]: goal_waypoint received: [0.000, 5.500, 0.500] (overrides waypoint_x/y/z params)
[autopilot_sv_cbf_rate_node-3] [INFO] [1788181128.054132873] [uav_0.autopilot_sv_cbf_rate_node]: goal_waypoint received: [0.000, 5.500, 0.500] (overrides waypoint_x/y/z params)
[autopilot_sv_cbf_rate_node-3] [INFO] [1788181128.154139161] [uav_0.autopilot_sv_cbf_rate_node]: goal_waypoint received: [0.000, 5.500, 0.500] (overrides waypoint_x/y/z params)
[ground_station_stub_node-6] [INFO] [1788181128.154508739] [uav_0.ground_station_stub_node]: Switching to offboard mode
[ground_station_stub_node-6] [INFO] [1788181128.154841919] [uav_0.ground_station_stub_node]: Arm command sent
[autopilot_sv_cbf_rate_node-3] [INFO] [1788181128.254150949] [uav_0.autopilot_sv_cbf_rate_node]: goal_waypoint received: [0.000, 5.500, 0.500] (overrides waypoint_x/y/z params)
[synthetic_obstacle_publisher-4] [WARN] [1788181128.283067210] [uav_0.synthetic_obstacle_publisher]: No odometry yet -- cannot evaluate the sensing envelope, publishing no obstacles
[autopilot_sv_cbf_rate_node-3] [INFO] [1788181128.354078342] [uav_0.autopilot_sv_cbf_rate_node]: goal_waypoint received: [0.000, 5.500, 0.500] (overrides waypoint_x/y/z params)
[autopilot_sv_cbf_rate_node-3] [INFO] [1788181128.454144126] [uav_0.autopilot_sv_cbf_rate_node]: goal_waypoint received: [0.000, 5.500, 0.500] (overrides waypoint_x/y/z params)
[autopilot_sv_cbf_rate_node-3] [INFO] [1788181128.554181112] [uav_0.autopilot_sv_cbf_rate_node]: goal_waypoint received: [0.000, 5.500, 0.500] (overrides waypoint_x/y/z params)
[autopilot_sv_cbf_rate_node-3] [INFO] [1788181128.654183900] [uav_0.autopilot_sv_cbf_rate_node]: goal_waypoint received: [0.000, 5.500, 0.500] (overrides waypoint_x/y/z params)
[autopilot_sv_cbf_rate_node-3] [INFO] [1788181128.754066796] [uav_0.autopilot_sv_cbf_rate_node]: goal_waypoint received: [0.000, 5.500, 0.500] (overrides waypoint_x/y/z params)
[autopilot_sv_cbf_rate_node-3] [INFO] [1788181128.854122381] [uav_0.autopilot_sv_cbf_rate_node]: goal_waypoint received: [0.000, 5.500, 0.500] (overrides waypoint_x/y/z params)
[autopilot_sv_cbf_rate_node-3] [INFO] [1788181128.954387160] [uav_0.autopilot_sv_cbf_rate_node]: goal_waypoint received: [0.000, 5.500, 0.500] (overrides waypoint_x/y/z params)
[autopilot_sv_cbf_rate_node-3] [INFO] [1788181129.054146456] [uav_0.autopilot_sv_cbf_rate_node]: goal_waypoint received: [0.000, 5.500, 0.500] (overrides waypoint_x/y/z params)
[autopilot_sv_cbf_rate_node-3] [INFO] [1788181129.154147143] [uav_0.autopilot_sv_cbf_rate_node]: goal_waypoint received: [0.000, 5.500, 0.500] (overrides waypoint_x/y/z params)
[ground_station_stub_node-6] [INFO] [1788181129.154490324] [uav_0.ground_station_stub_node]: Switching to offboard mode
[ground_station_stub_node-6] [INFO] [1788181129.154838805] [uav_0.ground_station_stub_node]: Arm command sent
[autopilot_sv_cbf_rate_node-3] [INFO] [1788181129.254144831] [uav_0.autopilot_sv_cbf_rate_node]: goal_waypoint received: [0.000, 5.500, 0.500] (overrides waypoint_x/y/z params)
[autopilot_sv_cbf_rate_node-3] [INFO] [1788181129.354154917] [uav_0.autopilot_sv_cbf_rate_node]: goal_waypoint received: [0.000, 5.500, 0.500] (overrides waypoint_x/y/z params)
[autopilot_sv_cbf_rate_node-3] [INFO] [1788181129.454112507] [uav_0.autopilot_sv_cbf_rate_node]: goal_waypoint received: [0.000, 5.500, 0.500] (overrides waypoint_x/y/z params)
[autopilot_sv_cbf_rate_node-3] [INFO] [1788181129.554086796] [uav_0.autopilot_sv_cbf_rate_node]: goal_waypoint received: [0.000, 5.500, 0.500] (overrides waypoint_x/y/z params)
[autopilot_sv_cbf_rate_node-3] [INFO] [1788181129.654102282] [uav_0.autopilot_sv_cbf_rate_node]: goal_waypoint received: [0.000, 5.500, 0.500] (overrides waypoint_x/y/z params)
[autopilot_sv_cbf_rate_node-3] [INFO] [1788181129.754108469] [uav_0.autopilot_sv_cbf_rate_node]: goal_waypoint received: [0.000, 5.500, 0.500] (overrides waypoint_x/y/z params)
[autopilot_sv_cbf_rate_node-3] [INFO] [1788181129.854083458] [uav_0.autopilot_sv_cbf_rate_node]: goal_waypoint received: [0.000, 5.500, 0.500] (overrides waypoint_x/y/z params)
[autopilot_sv_cbf_rate_node-3] [INFO] [1788181129.954090545] [uav_0.autopilot_sv_cbf_rate_node]: goal_waypoint received: [0.000, 5.500, 0.500] (overrides waypoint_x/y/z params)
[autopilot_sv_cbf_rate_node-3] [INFO] [1788181130.054116735] [uav_0.autopilot_sv_cbf_rate_node]: goal_waypoint received: [0.000, 5.500, 0.500] (overrides waypoint_x/y/z params)
[autopilot_sv_cbf_rate_node-3] [INFO] [1788181130.154111332] [uav_0.autopilot_sv_cbf_rate_node]: goal_waypoint received: [0.000, 5.500, 0.500] (overrides waypoint_x/y/z params)
[autopilot_sv_cbf_rate_node-3] [INFO] [1788181130.254169226] [uav_0.autopilot_sv_cbf_rate_node]: goal_waypoint received: [0.000, 5.500, 0.500] (overrides waypoint_x/y/z params)
[ground_station_stub_node-6] [INFO] [1788181130.254499908] [uav_0.ground_station_stub_node]: Switching to offboard mode
[ground_station_stub_node-6] [INFO] [1788181130.254882087] [uav_0.ground_station_stub_node]: Arm command sent
[autopilot_sv_cbf_rate_node-3] [INFO] [1788181130.354103126] [uav_0.autopilot_sv_cbf_rate_node]: goal_waypoint received: [0.000, 5.500, 0.500] (overrides waypoint_x/y/z params)
[synthetic_obstacle_publisher-4] [WARN] [1788181130.382907741] [uav_0.synthetic_obstacle_publisher]: No odometry yet -- cannot evaluate the sensing envelope, publishing no obstacles
[autopilot_sv_cbf_rate_node-3] [INFO] [1788181130.454106223] [uav_0.autopilot_sv_cbf_rate_node]: goal_waypoint received: [0.000, 5.500, 0.500] (overrides waypoint_x/y/z params)
[px4_sitl-2] INFO  [uxrce_dds_client] synchronized with time offset 1788181118939917us
[px4_sitl-2] INFO  [uxrce_dds_client] successfully created rt/uav_0/fmu/out/register_ext_component_reply data writer, topic id: 205
[px4_sitl-2] INFO  [uxrce_dds_client] successfully created rt/uav_0/fmu/out/arming_check_request_v1 data writer, topic id: 16
[px4_sitl-2] INFO  [uxrce_dds_client] successfully created rt/uav_0/fmu/out/mode_completed data writer, topic id: 157
[px4_sitl-2] INFO  [uxrce_dds_client] successfully created rt/uav_0/fmu/out/battery_status_v1 data writer, topic id: 20
[px4_sitl-2] INFO  [uxrce_dds_client] successfully created rt/uav_0/fmu/out/collision_constraints data writer, topic id: 27
[px4_sitl-2] INFO  [uxrce_dds_client] successfully created rt/uav_0/fmu/out/estimator_status_flags data writer, topic id: 85
[px4_sitl-2] INFO  [uxrce_dds_client] successfully created rt/uav_0/fmu/out/failsafe_flags data writer, topic id: 91
[px4_sitl-2] INFO  [uxrce_dds_client] successfully created rt/uav_0/fmu/out/manual_control_setpoint data writer, topic id: 148
[px4_sitl-2] INFO  [uxrce_dds_client] successfully created rt/uav_0/fmu/out/message_format_response data writer, topic id: 154
[px4_sitl-2] INFO  [uxrce_dds_client] successfully created rt/uav_0/fmu/out/position_setpoint_triplet data writer, topic id: 192
[px4_sitl-2] INFO  [uxrce_dds_client] successfully created rt/uav_0/fmu/out/sensor_combined data writer, topic id: 225
[px4_sitl-2] INFO  [uxrce_dds_client] successfully created rt/uav_0/fmu/out/timesync_status data writer, topic id: 249
[px4_sitl-2] INFO  [uxrce_dds_client] successfully created rt/uav_0/fmu/out/transponder_report data writer, topic id: 252
[px4_sitl-2] INFO  [uxrce_dds_client] successfully created rt/uav_0/fmu/out/vehicle_land_detected data writer, topic id: 277
[px4_sitl-2] INFO  [uxrce_dds_client] successfully created rt/uav_0/fmu/out/vehicle_attitude data writer, topic id: 264
[px4_sitl-2] INFO  [uxrce_dds_client] successfully created rt/uav_0/fmu/out/vehicle_control_mode data writer, topic id: 271
[px4_sitl-2] INFO  [uxrce_dds_client] successfully created rt/uav_0/fmu/out/vehicle_command_ack data writer, topic id: 268
[px4_sitl-2] INFO  [uxrce_dds_client] successfully created rt/uav_0/fmu/out/vehicle_global_position data writer, topic id: 272
[px4_sitl-2] INFO  [uxrce_dds_client] successfully created rt/uav_0/fmu/out/vehicle_gps_position data writer, topic id: 274
[px4_sitl-2] INFO  [uxrce_dds_client] successfully created rt/uav_0/fmu/out/vehicle_local_position_v1 data writer, topic id: 278
[px4_sitl-2] INFO  [uxrce_dds_client] successfully created rt/uav_0/fmu/out/vehicle_odometry data writer, topic id: 283
[px4_sitl-2] INFO  [uxrce_dds_client] successfully created rt/uav_0/fmu/out/vehicle_status_v1 data writer, topic id: 288
[px4_sitl-2] INFO  [uxrce_dds_client] successfully created rt/uav_0/fmu/out/airspeed_validated_v1 data writer, topic id: 13
[px4_sitl-2] INFO  [uxrce_dds_client] successfully created rt/uav_0/fmu/out/vtol_vehicle_status data writer, topic id: 297
[px4_sitl-2] INFO  [uxrce_dds_client] successfully created rt/uav_0/fmu/out/home_position_v1 data writer, topic id: 128
[px4_sitl-2] INFO  [uxrce_dds_client] successfully created rt/uav_0/fmu/out/wind data writer, topic id: 299
[px4_sitl-2] INFO  [uxrce_dds_client] successfully created rt/uav_0/fmu/out/gimbal_device_attitude_status data writer, topic id: 110
[autopilot_sv_cbf_rate_node-3] [INFO] [1788181130.554134518] [uav_0.autopilot_sv_cbf_rate_node]: goal_waypoint received: [0.000, 5.500, 0.500] (overrides waypoint_x/y/z params)
[autopilot_sv_cbf_rate_node-3] [INFO] [1788181130.654073318] [uav_0.autopilot_sv_cbf_rate_node]: goal_waypoint received: [0.000, 5.500, 0.500] (overrides waypoint_x/y/z params)
[autopilot_sv_cbf_rate_node-3] [INFO] [1788181130.754137311] [uav_0.autopilot_sv_cbf_rate_node]: goal_waypoint received: [0.000, 5.500, 0.500] (overrides waypoint_x/y/z params)
[autopilot_sv_cbf_rate_node-3] [INFO] [1788181130.854053812] [uav_0.autopilot_sv_cbf_rate_node]: goal_waypoint received: [0.000, 5.500, 0.500] (overrides waypoint_x/y/z params)
[autopilot_sv_cbf_rate_node-3] [INFO] [1788181130.954066208] [uav_0.autopilot_sv_cbf_rate_node]: goal_waypoint received: [0.000, 5.500, 0.500] (overrides waypoint_x/y/z params)
[autopilot_sv_cbf_rate_node-3] [INFO] [1788181131.054103608] [uav_0.autopilot_sv_cbf_rate_node]: goal_waypoint received: [0.000, 5.500, 0.500] (overrides waypoint_x/y/z params)
[autopilot_sv_cbf_rate_node-3] [INFO] [1788181131.154066016] [uav_0.autopilot_sv_cbf_rate_node]: goal_waypoint received: [0.000, 5.500, 0.500] (overrides waypoint_x/y/z params)
[autopilot_sv_cbf_rate_node-3] [INFO] [1788181131.254168216] [uav_0.autopilot_sv_cbf_rate_node]: goal_waypoint received: [0.000, 5.500, 0.500] (overrides waypoint_x/y/z params)
[ground_station_stub_node-6] [INFO] [1788181131.254545995] [uav_0.ground_station_stub_node]: Switching to offboard mode
[ground_station_stub_node-6] [INFO] [1788181131.254928474] [uav_0.ground_station_stub_node]: Arm command sent
[px4_sitl-2] INFO  [commander] Armed by external command	
[px4_sitl-2] INFO  [tone_alarm] arming warning
[autopilot_sv_cbf_rate_node-3] [WARN] [1788181131.260530267] [uav_0.autopilot_sv_cbf_rate_node]: arming_state changed: DISARMED -> ARMED
[autopilot_sv_cbf_rate_node-3] [WARN] [1788181131.260610362] [uav_0.autopilot_sv_cbf_rate_node]: T reset to hover thrust 20.2478N (reason: re-armed)
[autopilot_sv_cbf_rate_node-3] [INFO] [1788181131.260650260] [uav_0.autopilot_sv_cbf_rate_node]: armed: holding current position [-0.018, 0.063, -0.054] as goal
[px4_sitl-2] INFO  [commander] Takeoff detected	
[autopilot_sv_cbf_rate_node-3] [INFO] [1788181131.354089027] [uav_0.autopilot_sv_cbf_rate_node]: goal_waypoint received: [0.000, 5.500, 0.500] (overrides waypoint_x/y/z params)
[autopilot_sv_cbf_rate_node-3] [INFO] [1788181131.454175228] [uav_0.autopilot_sv_cbf_rate_node]: goal_waypoint received: [0.000, 5.500, 0.500] (overrides waypoint_x/y/z params)
[autopilot_sv_cbf_rate_node-3] [INFO] [1788181131.510706022] [uav_0.autopilot_sv_cbf_rate_node]: pos=[-0.02 0.07 -0.04]  T=25.395N  omega=[-2.794 -0.170 0.000]  certified=5 uncertified=0  delta=0.0000  gamma=5.000(fixed)  feasible=1
[autopilot_sv_cbf_rate_node-3] [INFO] [1788181131.554090339] [uav_0.autopilot_sv_cbf_rate_node]: goal_waypoint received: [0.000, 5.500, 0.500] (overrides waypoint_x/y/z params)
[autopilot_sv_cbf_rate_node-3] [INFO] [1788181131.654071046] [uav_0.autopilot_sv_cbf_rate_node]: goal_waypoint received: [0.000, 5.500, 0.500] (overrides waypoint_x/y/z params)
[autopilot_sv_cbf_rate_node-3] [INFO] [1788181131.754392434] [uav_0.autopilot_sv_cbf_rate_node]: goal_waypoint received: [0.000, 5.500, 0.500] (overrides waypoint_x/y/z params)
[autopilot_sv_cbf_rate_node-3] [INFO] [1788181131.854245548] [uav_0.autopilot_sv_cbf_rate_node]: goal_waypoint received: [0.000, 5.500, 0.500] (overrides waypoint_x/y/z params)
[autopilot_sv_cbf_rate_node-3] [INFO] [1788181131.954206856] [uav_0.autopilot_sv_cbf_rate_node]: goal_waypoint received: [0.000, 5.500, 0.500] (overrides waypoint_x/y/z params)
[autopilot_sv_cbf_rate_node-3] [INFO] [1788181132.054206367] [uav_0.autopilot_sv_cbf_rate_node]: goal_waypoint received: [0.000, 5.500, 0.500] (overrides waypoint_x/y/z params)
[autopilot_sv_cbf_rate_node-3] [INFO] [1788181132.154230581] [uav_0.autopilot_sv_cbf_rate_node]: goal_waypoint received: [0.000, 5.500, 0.500] (overrides waypoint_x/y/z params)
[autopilot_sv_cbf_rate_node-3] [INFO] [1788181132.254232697] [uav_0.autopilot_sv_cbf_rate_node]: goal_waypoint received: [0.000, 5.500, 0.500] (overrides waypoint_x/y/z params)
[autopilot_sv_cbf_rate_node-3] [INFO] [1788181132.354230812] [uav_0.autopilot_sv_cbf_rate_node]: goal_waypoint received: [0.000, 5.500, 0.500] (overrides waypoint_x/y/z params)
[autopilot_sv_cbf_rate_node-3] [INFO] [1788181132.454118634] [uav_0.autopilot_sv_cbf_rate_node]: goal_waypoint received: [0.000, 5.500, 0.500] (overrides waypoint_x/y/z params)
[autopilot_sv_cbf_rate_node-3] [INFO] [1788181132.510667732] [uav_0.autopilot_sv_cbf_rate_node]: pos=[-0.05 0.94 0.80]  T=22.267N  omega=[-0.609 0.007 0.000]  certified=5 uncertified=0  delta=0.0000  gamma=5.000(fixed)  feasible=1
[autopilot_sv_cbf_rate_node-3] [INFO] [1788181132.554121549] [uav_0.autopilot_sv_cbf_rate_node]: goal_waypoint received: [0.000, 5.500, 0.500] (overrides waypoint_x/y/z params)
[autopilot_sv_cbf_rate_node-3] [INFO] [1788181132.654196160] [uav_0.autopilot_sv_cbf_rate_node]: goal_waypoint received: [0.000, 5.500, 0.500] (overrides waypoint_x/y/z params)
[autopilot_sv_cbf_rate_node-3] [INFO] [1788181132.754127079] [uav_0.autopilot_sv_cbf_rate_node]: goal_waypoint received: [0.000, 5.500, 0.500] (overrides waypoint_x/y/z params)
[autopilot_sv_cbf_rate_node-3] [INFO] [1788181132.854097996] [uav_0.autopilot_sv_cbf_rate_node]: goal_waypoint received: [0.000, 5.500, 0.500] (overrides waypoint_x/y/z params)
[autopilot_sv_cbf_rate_node-3] [INFO] [1788181132.954127810] [uav_0.autopilot_sv_cbf_rate_node]: goal_waypoint received: [0.000, 5.500, 0.500] (overrides waypoint_x/y/z params)
[autopilot_sv_cbf_rate_node-3] [INFO] [1788181133.054093832] [uav_0.autopilot_sv_cbf_rate_node]: goal_waypoint received: [0.000, 5.500, 0.500] (overrides waypoint_x/y/z params)
[autopilot_sv_cbf_rate_node-3] [INFO] [1788181133.154129055] [uav_0.autopilot_sv_cbf_rate_node]: goal_waypoint received: [0.000, 5.500, 0.500] (overrides waypoint_x/y/z params)
[autopilot_sv_cbf_rate_node-3] [INFO] [1788181133.254144079] [uav_0.autopilot_sv_cbf_rate_node]: goal_waypoint received: [0.000, 5.500, 0.500] (overrides waypoint_x/y/z params)
[autopilot_sv_cbf_rate_node-3] [INFO] [1788181133.354080107] [uav_0.autopilot_sv_cbf_rate_node]: goal_waypoint received: [0.000, 5.500, 0.500] (overrides waypoint_x/y/z params)
[autopilot_sv_cbf_rate_node-3] [INFO] [1788181133.454097931] [uav_0.autopilot_sv_cbf_rate_node]: goal_waypoint received: [0.000, 5.500, 0.500] (overrides waypoint_x/y/z params)
[autopilot_sv_cbf_rate_node-3] [INFO] [1788181133.510617036] [uav_0.autopilot_sv_cbf_rate_node]: pos=[-0.03 2.57 1.14]  T=23.299N  omega=[-0.840 -0.006 0.000]  certified=5 uncertified=0  delta=0.0000  gamma=5.000(fixed)  feasible=1
[autopilot_sv_cbf_rate_node-3] [INFO] [1788181133.554091656] [uav_0.autopilot_sv_cbf_rate_node]: goal_waypoint received: [0.000, 5.500, 0.500] (overrides waypoint_x/y/z params)
[autopilot_sv_cbf_rate_node-3] [INFO] [1788181133.654109080] [uav_0.autopilot_sv_cbf_rate_node]: goal_waypoint received: [0.000, 5.500, 0.500] (overrides waypoint_x/y/z params)
[autopilot_sv_cbf_rate_node-3] [INFO] [1788181133.754107005] [uav_0.autopilot_sv_cbf_rate_node]: goal_waypoint received: [0.000, 5.500, 0.500] (overrides waypoint_x/y/z params)
[autopilot_sv_cbf_rate_node-3] [INFO] [1788181133.854095030] [uav_0.autopilot_sv_cbf_rate_node]: goal_waypoint received: [0.000, 5.500, 0.500] (overrides waypoint_x/y/z params)
[autopilot_sv_cbf_rate_node-3] [INFO] [1788181133.954068156] [uav_0.autopilot_sv_cbf_rate_node]: goal_waypoint received: [0.000, 5.500, 0.500] (overrides waypoint_x/y/z params)
[autopilot_sv_cbf_rate_node-3] [INFO] [1788181134.054169680] [uav_0.autopilot_sv_cbf_rate_node]: goal_waypoint received: [0.000, 5.500, 0.500] (overrides waypoint_x/y/z params)
[autopilot_sv_cbf_rate_node-3] [INFO] [1788181134.154200512] [uav_0.autopilot_sv_cbf_rate_node]: goal_waypoint received: [0.000, 5.500, 0.500] (overrides waypoint_x/y/z params)
[autopilot_sv_cbf_rate_node-3] [INFO] [1788181134.254213846] [uav_0.autopilot_sv_cbf_rate_node]: goal_waypoint received: [0.000, 5.500, 0.500] (overrides waypoint_x/y/z params)
[autopilot_sv_cbf_rate_node-3] [INFO] [1788181134.354358572] [uav_0.autopilot_sv_cbf_rate_node]: goal_waypoint received: [0.000, 5.500, 0.500] (overrides waypoint_x/y/z params)
[autopilot_sv_cbf_rate_node-3] [INFO] [1788181134.454244412] [uav_0.autopilot_sv_cbf_rate_node]: goal_waypoint received: [0.000, 5.500, 0.500] (overrides waypoint_x/y/z params)
[autopilot_sv_cbf_rate_node-3] [INFO] [1788181134.510530336] [uav_0.autopilot_sv_cbf_rate_node]: pos=[-0.61 3.35 0.97]  T=22.377N  omega=[-0.181 -0.263 0.000]  certified=5 uncertified=0  delta=0.0000  gamma=5.000(fixed)  feasible=1
[autopilot_sv_cbf_rate_node-3] [INFO] [1788181134.554207748] [uav_0.autopilot_sv_cbf_rate_node]: goal_waypoint received: [0.000, 5.500, 0.500] (overrides waypoint_x/y/z params)
[autopilot_sv_cbf_rate_node-3] [INFO] [1788181134.654328276] [uav_0.autopilot_sv_cbf_rate_node]: goal_waypoint received: [0.000, 5.500, 0.500] (overrides waypoint_x/y/z params)
[autopilot_sv_cbf_rate_node-3] [INFO] [1788181134.754195817] [uav_0.autopilot_sv_cbf_rate_node]: goal_waypoint received: [0.000, 5.500, 0.500] (overrides waypoint_x/y/z params)
[autopilot_sv_cbf_rate_node-3] [INFO] [1788181134.854209150] [uav_0.autopilot_sv_cbf_rate_node]: goal_waypoint received: [0.000, 5.500, 0.500] (overrides waypoint_x/y/z params)
[autopilot_sv_cbf_rate_node-3] [INFO] [1788181134.954184686] [uav_0.autopilot_sv_cbf_rate_node]: goal_waypoint received: [0.000, 5.500, 0.500] (overrides waypoint_x/y/z params)
[autopilot_sv_cbf_rate_node-3] [INFO] [1788181135.054217823] [uav_0.autopilot_sv_cbf_rate_node]: goal_waypoint received: [0.000, 5.500, 0.500] (overrides waypoint_x/y/z params)
[autopilot_sv_cbf_rate_node-3] [INFO] [1788181135.154168069] [uav_0.autopilot_sv_cbf_rate_node]: goal_waypoint received: [0.000, 5.500, 0.500] (overrides waypoint_x/y/z params)
[autopilot_sv_cbf_rate_node-3] [INFO] [1788181135.254161212] [uav_0.autopilot_sv_cbf_rate_node]: goal_waypoint received: [0.000, 5.500, 0.500] (overrides waypoint_x/y/z params)
[autopilot_sv_cbf_rate_node-3] [INFO] [1788181135.354152956] [uav_0.autopilot_sv_cbf_rate_node]: goal_waypoint received: [0.000, 5.500, 0.500] (overrides waypoint_x/y/z params)
[autopilot_sv_cbf_rate_node-3] [INFO] [1788181135.454116902] [uav_0.autopilot_sv_cbf_rate_node]: goal_waypoint received: [0.000, 5.500, 0.500] (overrides waypoint_x/y/z params)
[autopilot_sv_cbf_rate_node-3] [INFO] [1788181135.510461827] [uav_0.autopilot_sv_cbf_rate_node]: pos=[-0.62 3.70 0.91]  T=23.316N  omega=[-0.034 -0.003 0.000]  certified=5 uncertified=0  delta=0.0000  gamma=5.000(fixed)  feasible=1
[autopilot_sv_cbf_rate_node-3] [INFO] [1788181135.554104346] [uav_0.autopilot_sv_cbf_rate_node]: goal_waypoint received: [0.000, 5.500, 0.500] (overrides waypoint_x/y/z params)
[autopilot_sv_cbf_rate_node-3] [INFO] [1788181135.654114588] [uav_0.autopilot_sv_cbf_rate_node]: goal_waypoint received: [0.000, 5.500, 0.500] (overrides waypoint_x/y/z params)
[autopilot_sv_cbf_rate_node-3] [INFO] [1788181135.754116232] [uav_0.autopilot_sv_cbf_rate_node]: goal_waypoint received: [0.000, 5.500, 0.500] (overrides waypoint_x/y/z params)
[autopilot_sv_cbf_rate_node-3] [INFO] [1788181135.854123875] [uav_0.autopilot_sv_cbf_rate_node]: goal_waypoint received: [0.000, 5.500, 0.500] (overrides waypoint_x/y/z params)
[autopilot_sv_cbf_rate_node-3] [INFO] [1788181135.954080320] [uav_0.autopilot_sv_cbf_rate_node]: goal_waypoint received: [0.000, 5.500, 0.500] (overrides waypoint_x/y/z params)
[autopilot_sv_cbf_rate_node-3] [INFO] [1788181136.054081668] [uav_0.autopilot_sv_cbf_rate_node]: goal_waypoint received: [0.000, 5.500, 0.500] (overrides waypoint_x/y/z params)
[autopilot_sv_cbf_rate_node-3] [INFO] [1788181136.154103020] [uav_0.autopilot_sv_cbf_rate_node]: goal_waypoint received: [0.000, 5.500, 0.500] (overrides waypoint_x/y/z params)
[autopilot_sv_cbf_rate_node-3] [INFO] [1788181136.254099173] [uav_0.autopilot_sv_cbf_rate_node]: goal_waypoint received: [0.000, 5.500, 0.500] (overrides waypoint_x/y/z params)
[autopilot_sv_cbf_rate_node-3] [INFO] [1788181136.354174821] [uav_0.autopilot_sv_cbf_rate_node]: goal_waypoint received: [0.000, 5.500, 0.500] (overrides waypoint_x/y/z params)
[autopilot_sv_cbf_rate_node-3] [INFO] [1788181136.454148475] [uav_0.autopilot_sv_cbf_rate_node]: goal_waypoint received: [0.000, 5.500, 0.500] (overrides waypoint_x/y/z params)
[autopilot_sv_cbf_rate_node-3] [INFO] [1788181136.510408610] [uav_0.autopilot_sv_cbf_rate_node]: pos=[-0.62 3.81 0.93]  T=22.982N  omega=[-0.086 0.055 0.000]  certified=5 uncertified=0  delta=0.0000  gamma=5.000(fixed)  feasible=1
[autopilot_sv_cbf_rate_node-3] [INFO] [1788181136.554089331] [uav_0.autopilot_sv_cbf_rate_node]: goal_waypoint received: [0.000, 5.500, 0.500] (overrides waypoint_x/y/z params)
[autopilot_sv_cbf_rate_node-3] [INFO] [1788181136.654184778] [uav_0.autopilot_sv_cbf_rate_node]: goal_waypoint received: [0.000, 5.500, 0.500] (overrides waypoint_x/y/z params)
[autopilot_sv_cbf_rate_node-3] [INFO] [1788181136.754296725] [uav_0.autopilot_sv_cbf_rate_node]: goal_waypoint received: [0.000, 5.500, 0.500] (overrides waypoint_x/y/z params)
[autopilot_sv_cbf_rate_node-3] [INFO] [1788181136.854214082] [uav_0.autopilot_sv_cbf_rate_node]: goal_waypoint received: [0.000, 5.500, 0.500] (overrides waypoint_x/y/z params)
[autopilot_sv_cbf_rate_node-3] [INFO] [1788181136.954121080] [uav_0.autopilot_sv_cbf_rate_node]: goal_waypoint received: [0.000, 5.500, 0.500] (overrides waypoint_x/y/z params)
[autopilot_sv_cbf_rate_node-3] [INFO] [1788181137.054129395] [uav_0.autopilot_sv_cbf_rate_node]: goal_waypoint received: [0.000, 5.500, 0.500] (overrides waypoint_x/y/z params)
[autopilot_sv_cbf_rate_node-3] [INFO] [1788181137.154204411] [uav_0.autopilot_sv_cbf_rate_node]: goal_waypoint received: [0.000, 5.500, 0.500] (overrides waypoint_x/y/z params)
[autopilot_sv_cbf_rate_node-3] [INFO] [1788181137.254196231] [uav_0.autopilot_sv_cbf_rate_node]: goal_waypoint received: [0.000, 5.500, 0.500] (overrides waypoint_x/y/z params)
[autopilot_sv_cbf_rate_node-3] [INFO] [1788181137.354113154] [uav_0.autopilot_sv_cbf_rate_node]: goal_waypoint received: [0.000, 5.500, 0.500] (overrides waypoint_x/y/z params)
[autopilot_sv_cbf_rate_node-3] [INFO] [1788181137.454162371] [uav_0.autopilot_sv_cbf_rate_node]: goal_waypoint received: [0.000, 5.500, 0.500] (overrides waypoint_x/y/z params)
[autopilot_sv_cbf_rate_node-3] [INFO] [1788181137.510354266] [uav_0.autopilot_sv_cbf_rate_node]: pos=[-0.64 3.81 0.93]  T=22.924N  omega=[0.013 -0.005 0.000]  certified=5 uncertified=0  delta=0.0000  gamma=5.000(fixed)  feasible=1
[autopilot_sv_cbf_rate_node-3] [INFO] [1788181137.554215088] [uav_0.autopilot_sv_cbf_rate_node]: goal_waypoint received: [0.000, 5.500, 0.500] (overrides waypoint_x/y/z params)
[autopilot_sv_cbf_rate_node-3] [INFO] [1788181137.654137811] [uav_0.autopilot_sv_cbf_rate_node]: goal_waypoint received: [0.000, 5.500, 0.500] (overrides waypoint_x/y/z params)
[autopilot_sv_cbf_rate_node-3] [INFO] [1788181137.754277624] [uav_0.autopilot_sv_cbf_rate_node]: goal_waypoint received: [0.000, 5.500, 0.500] (overrides waypoint_x/y/z params)
[autopilot_sv_cbf_rate_node-3] [INFO] [1788181137.854349640] [uav_0.autopilot_sv_cbf_rate_node]: goal_waypoint received: [0.000, 5.500, 0.500] (overrides waypoint_x/y/z params)
[autopilot_sv_cbf_rate_node-3] [INFO] [1788181137.954178767] [uav_0.autopilot_sv_cbf_rate_node]: goal_waypoint received: [0.000, 5.500, 0.500] (overrides waypoint_x/y/z params)
[autopilot_sv_cbf_rate_node-3] [INFO] [1788181138.054161492] [uav_0.autopilot_sv_cbf_rate_node]: goal_waypoint received: [0.000, 5.500, 0.500] (overrides waypoint_x/y/z params)
[autopilot_sv_cbf_rate_node-3] [INFO] [1788181138.154130622] [uav_0.autopilot_sv_cbf_rate_node]: goal_waypoint received: [0.000, 5.500, 0.500] (overrides waypoint_x/y/z params)
[autopilot_sv_cbf_rate_node-3] [INFO] [1788181138.254103852] [uav_0.autopilot_sv_cbf_rate_node]: goal_waypoint received: [0.000, 5.500, 0.500] (overrides waypoint_x/y/z params)
[autopilot_sv_cbf_rate_node-3] [INFO] [1788181138.354152178] [uav_0.autopilot_sv_cbf_rate_node]: goal_waypoint received: [0.000, 5.500, 0.500] (overrides waypoint_x/y/z params)
[autopilot_sv_cbf_rate_node-3] [INFO] [1788181138.454131308] [uav_0.autopilot_sv_cbf_rate_node]: goal_waypoint received: [0.000, 5.500, 0.500] (overrides waypoint_x/y/z params)
[autopilot_sv_cbf_rate_node-3] [INFO] [1788181138.510352606] [uav_0.autopilot_sv_cbf_rate_node]: pos=[-0.66 3.77 0.90]  T=23.043N  omega=[-0.022 0.006 0.000]  certified=5 uncertified=0  delta=0.0000  gamma=5.000(fixed)  feasible=1
[autopilot_sv_cbf_rate_node-3] [INFO] [1788181138.554167835] [uav_0.autopilot_sv_cbf_rate_node]: goal_waypoint received: [0.000, 5.500, 0.500] (overrides waypoint_x/y/z params)
[autopilot_sv_cbf_rate_node-3] [INFO] [1788181138.654196262] [uav_0.autopilot_sv_cbf_rate_node]: goal_waypoint received: [0.000, 5.500, 0.500] (overrides waypoint_x/y/z params)
[autopilot_sv_cbf_rate_node-3] [INFO] [1788181138.754278187] [uav_0.autopilot_sv_cbf_rate_node]: goal_waypoint received: [0.000, 5.500, 0.500] (overrides waypoint_x/y/z params)
[autopilot_sv_cbf_rate_node-3] [INFO] [1788181138.854306915] [uav_0.autopilot_sv_cbf_rate_node]: goal_waypoint received: [0.000, 5.500, 0.500] (overrides waypoint_x/y/z params)
[autopilot_sv_cbf_rate_node-3] [INFO] [1788181138.954289544] [uav_0.autopilot_sv_cbf_rate_node]: goal_waypoint received: [0.000, 5.500, 0.500] (overrides waypoint_x/y/z params)
[autopilot_sv_cbf_rate_node-3] [INFO] [1788181139.054250079] [uav_0.autopilot_sv_cbf_rate_node]: goal_waypoint received: [0.000, 5.500, 0.500] (overrides waypoint_x/y/z params)
[autopilot_sv_cbf_rate_node-3] [INFO] [1788181139.154293115] [uav_0.autopilot_sv_cbf_rate_node]: goal_waypoint received: [0.000, 5.500, 0.500] (overrides waypoint_x/y/z params)
[autopilot_sv_cbf_rate_node-3] [INFO] [1788181139.254227356] [uav_0.autopilot_sv_cbf_rate_node]: goal_waypoint received: [0.000, 5.500, 0.500] (overrides waypoint_x/y/z params)
[autopilot_sv_cbf_rate_node-3] [INFO] [1788181139.354151797] [uav_0.autopilot_sv_cbf_rate_node]: goal_waypoint received: [0.000, 5.500, 0.500] (overrides waypoint_x/y/z params)
[autopilot_sv_cbf_rate_node-3] [INFO] [1788181139.454204132] [uav_0.autopilot_sv_cbf_rate_node]: goal_waypoint received: [0.000, 5.500, 0.500] (overrides waypoint_x/y/z params)
[autopilot_sv_cbf_rate_node-3] [INFO] [1788181139.510250943] [uav_0.autopilot_sv_cbf_rate_node]: pos=[-0.65 3.74 0.92]  T=22.846N  omega=[0.012 -0.002 0.000]  certified=5 uncertified=0  delta=0.0000  gamma=5.000(fixed)  feasible=1
[autopilot_sv_cbf_rate_node-3] [INFO] [1788181139.554214470] [uav_0.autopilot_sv_cbf_rate_node]: goal_waypoint received: [0.000, 5.500, 0.500] (overrides waypoint_x/y/z params)
[autopilot_sv_cbf_rate_node-3] [INFO] [1788181139.654160410] [uav_0.autopilot_sv_cbf_rate_node]: goal_waypoint received: [0.000, 5.500, 0.500] (overrides waypoint_x/y/z params)
[autopilot_sv_cbf_rate_node-3] [INFO] [1788181139.754137349] [uav_0.autopilot_sv_cbf_rate_node]: goal_waypoint received: [0.000, 5.500, 0.500] (overrides waypoint_x/y/z params)
[autopilot_sv_cbf_rate_node-3] [INFO] [1788181139.854179885] [uav_0.autopilot_sv_cbf_rate_node]: goal_waypoint received: [0.000, 5.500, 0.500] (overrides waypoint_x/y/z params)
[autopilot_sv_cbf_rate_node-3] [INFO] [1788181139.954182922] [uav_0.autopilot_sv_cbf_rate_node]: goal_waypoint received: [0.000, 5.500, 0.500] (overrides waypoint_x/y/z params)
[autopilot_sv_cbf_rate_node-3] [INFO] [1788181140.054095769] [uav_0.autopilot_sv_cbf_rate_node]: goal_waypoint received: [0.000, 5.500, 0.500] (overrides waypoint_x/y/z params)
[autopilot_sv_cbf_rate_node-3] [INFO] [1788181140.154130114] [uav_0.autopilot_sv_cbf_rate_node]: goal_waypoint received: [0.000, 5.500, 0.500] (overrides waypoint_x/y/z params)
[autopilot_sv_cbf_rate_node-3] [INFO] [1788181140.254109362] [uav_0.autopilot_sv_cbf_rate_node]: goal_waypoint received: [0.000, 5.500, 0.500] (overrides waypoint_x/y/z params)
[autopilot_sv_cbf_rate_node-3] [INFO] [1788181140.354094610] [uav_0.autopilot_sv_cbf_rate_node]: goal_waypoint received: [0.000, 5.500, 0.500] (overrides waypoint_x/y/z params)
[autopilot_sv_cbf_rate_node-3] [INFO] [1788181140.454129755] [uav_0.autopilot_sv_cbf_rate_node]: goal_waypoint received: [0.000, 5.500, 0.500] (overrides waypoint_x/y/z params)
[autopilot_sv_cbf_rate_node-3] [INFO] [1788181140.510298666] [uav_0.autopilot_sv_cbf_rate_node]: pos=[-0.66 3.71 0.89]  T=23.056N  omega=[-0.011 -0.002 0.000]  certified=5 uncertified=0  delta=0.0000  gamma=5.000(fixed)  feasible=1
[autopilot_sv_cbf_rate_node-3] [INFO] [1788181140.554086004] [uav_0.autopilot_sv_cbf_rate_node]: goal_waypoint received: [0.000, 5.500, 0.500] (overrides waypoint_x/y/z params)
[autopilot_sv_cbf_rate_node-3] [INFO] [1788181140.654373839] [uav_0.autopilot_sv_cbf_rate_node]: goal_waypoint received: [0.000, 5.500, 0.500] (overrides waypoint_x/y/z params)
[autopilot_sv_cbf_rate_node-3] [INFO] [1788181140.754398085] [uav_0.autopilot_sv_cbf_rate_node]: goal_waypoint received: [0.000, 5.500, 0.500] (overrides waypoint_x/y/z params)
[autopilot_sv_cbf_rate_node-3] [INFO] [1788181140.854281437] [uav_0.autopilot_sv_cbf_rate_node]: goal_waypoint received: [0.000, 5.500, 0.500] (overrides waypoint_x/y/z params)
[autopilot_sv_cbf_rate_node-3] [WARN] [1788181140.950170759] [uav_0.autopilot_sv_cbf_rate_node]: Stall detected (speed=0.052m/s < 0.080m/s for 2.5s, dist_to_goal=1.97m) -- escape attempt #1
[autopilot_sv_cbf_rate_node-3] [INFO] [1788181140.954209787] [uav_0.autopilot_sv_cbf_rate_node]: goal_waypoint received: [0.000, 5.500, 0.500] (overrides waypoint_x/y/z params)
[autopilot_sv_cbf_rate_node-3] [INFO] [1788181141.054301735] [uav_0.autopilot_sv_cbf_rate_node]: goal_waypoint received: [0.000, 5.500, 0.500] (overrides waypoint_x/y/z params)
[autopilot_sv_cbf_rate_node-3] [INFO] [1788181141.154265393] [uav_0.autopilot_sv_cbf_rate_node]: goal_waypoint received: [0.000, 5.500, 0.500] (overrides waypoint_x/y/z params)
[autopilot_sv_cbf_rate_node-3] [INFO] [1788181141.254116755] [uav_0.autopilot_sv_cbf_rate_node]: goal_waypoint received: [0.000, 5.500, 0.500] (overrides waypoint_x/y/z params)
[autopilot_sv_cbf_rate_node-3] [INFO] [1788181141.354183509] [uav_0.autopilot_sv_cbf_rate_node]: goal_waypoint received: [0.000, 5.500, 0.500] (overrides waypoint_x/y/z params)
[autopilot_sv_cbf_rate_node-3] [INFO] [1788181141.454231463] [uav_0.autopilot_sv_cbf_rate_node]: goal_waypoint received: [0.000, 5.500, 0.500] (overrides waypoint_x/y/z params)
[autopilot_sv_cbf_rate_node-3] [INFO] [1788181141.510242386] [uav_0.autopilot_sv_cbf_rate_node]: pos=[-0.82 3.46 0.55]  T=18.259N  omega=[-0.196 0.254 0.000]  certified=5 uncertified=0  delta=0.0000  gamma=5.000(fixed)  feasible=1
[autopilot_sv_cbf_rate_node-3] [INFO] [1788181141.554151123] [uav_0.autopilot_sv_cbf_rate_node]: goal_waypoint received: [0.000, 5.500, 0.500] (overrides waypoint_x/y/z params)
[autopilot_sv_cbf_rate_node-3] [INFO] [1788181141.654293473] [uav_0.autopilot_sv_cbf_rate_node]: goal_waypoint received: [0.000, 5.500, 0.500] (overrides waypoint_x/y/z params)
[autopilot_sv_cbf_rate_node-3] [INFO] [1788181141.754125436] [uav_0.autopilot_sv_cbf_rate_node]: goal_waypoint received: [0.000, 5.500, 0.500] (overrides waypoint_x/y/z params)
[autopilot_sv_cbf_rate_node-3] [INFO] [1788181141.854144092] [uav_0.autopilot_sv_cbf_rate_node]: goal_waypoint received: [0.000, 5.500, 0.500] (overrides waypoint_x/y/z params)
[autopilot_sv_cbf_rate_node-3] [INFO] [1788181141.954130448] [uav_0.autopilot_sv_cbf_rate_node]: goal_waypoint received: [0.000, 5.500, 0.500] (overrides waypoint_x/y/z params)
[autopilot_sv_cbf_rate_node-3] [INFO] [1788181142.054100910] [uav_0.autopilot_sv_cbf_rate_node]: goal_waypoint received: [0.000, 5.500, 0.500] (overrides waypoint_x/y/z params)
[autopilot_sv_cbf_rate_node-3] [INFO] [1788181142.154077977] [uav_0.autopilot_sv_cbf_rate_node]: goal_waypoint received: [0.000, 5.500, 0.500] (overrides waypoint_x/y/z params)
[autopilot_sv_cbf_rate_node-3] [INFO] [1788181142.254077442] [uav_0.autopilot_sv_cbf_rate_node]: goal_waypoint received: [0.000, 5.500, 0.500] (overrides waypoint_x/y/z params)
[autopilot_sv_cbf_rate_node-3] [INFO] [1788181142.354099907] [uav_0.autopilot_sv_cbf_rate_node]: goal_waypoint received: [0.000, 5.500, 0.500] (overrides waypoint_x/y/z params)
[autopilot_sv_cbf_rate_node-3] [INFO] [1788181142.454158470] [uav_0.autopilot_sv_cbf_rate_node]: goal_waypoint received: [0.000, 5.500, 0.500] (overrides waypoint_x/y/z params)
[autopilot_sv_cbf_rate_node-3] [INFO] [1788181142.510214496] [uav_0.autopilot_sv_cbf_rate_node]: pos=[-0.62 3.87 -0.06]  T=16.478N  omega=[0.320 -0.948 0.000]  certified=5 uncertified=0  delta=0.0000  gamma=5.000(fixed)  feasible=1
[autopilot_sv_cbf_rate_node-3] [INFO] [1788181142.554086038] [uav_0.autopilot_sv_cbf_rate_node]: goal_waypoint received: [0.000, 5.500, 0.500] (overrides waypoint_x/y/z params)
[autopilot_sv_cbf_rate_node-3] [INFO] [1788181142.654119702] [uav_0.autopilot_sv_cbf_rate_node]: goal_waypoint received: [0.000, 5.500, 0.500] (overrides waypoint_x/y/z params)
[autopilot_sv_cbf_rate_node-3] [INFO] [1788181142.754162066] [uav_0.autopilot_sv_cbf_rate_node]: goal_waypoint received: [0.000, 5.500, 0.500] (overrides waypoint_x/y/z params)
[autopilot_sv_cbf_rate_node-3] [INFO] [1788181142.854026837] [uav_0.autopilot_sv_cbf_rate_node]: goal_waypoint received: [0.000, 5.500, 0.500] (overrides waypoint_x/y/z params)
[autopilot_sv_cbf_rate_node-3] [INFO] [1788181142.954152897] [uav_0.autopilot_sv_cbf_rate_node]: goal_waypoint received: [0.000, 5.500, 0.500] (overrides waypoint_x/y/z params)
[autopilot_sv_cbf_rate_node-3] [INFO] [1788181143.054085970] [uav_0.autopilot_sv_cbf_rate_node]: goal_waypoint received: [0.000, 5.500, 0.500] (overrides waypoint_x/y/z params)
[autopilot_sv_cbf_rate_node-3] [INFO] [1788181143.154138542] [uav_0.autopilot_sv_cbf_rate_node]: goal_waypoint received: [0.000, 5.500, 0.500] (overrides waypoint_x/y/z params)
[autopilot_sv_cbf_rate_node-3] [INFO] [1788181143.254147016] [uav_0.autopilot_sv_cbf_rate_node]: goal_waypoint received: [0.000, 5.500, 0.500] (overrides waypoint_x/y/z params)
[autopilot_sv_cbf_rate_node-3] [INFO] [1788181143.354194289] [uav_0.autopilot_sv_cbf_rate_node]: goal_waypoint received: [0.000, 5.500, 0.500] (overrides waypoint_x/y/z params)
[autopilot_sv_cbf_rate_node-3] [INFO] [1788181143.454197663] [uav_0.autopilot_sv_cbf_rate_node]: goal_waypoint received: [0.000, 5.500, 0.500] (overrides waypoint_x/y/z params)
[autopilot_sv_cbf_rate_node-3] [INFO] [1788181143.510104301] [uav_0.autopilot_sv_cbf_rate_node]: pos=[0.38 4.38 0.84]  T=12.208N  omega=[1.598 -0.749 0.000]  certified=5 uncertified=0  delta=0.0000  gamma=5.000(fixed)  feasible=1
[autopilot_sv_cbf_rate_node-3] [INFO] [1788181143.554297834] [uav_0.autopilot_sv_cbf_rate_node]: goal_waypoint received: [0.000, 5.500, 0.500] (overrides waypoint_x/y/z params)
[autopilot_sv_cbf_rate_node-3] [INFO] [1788181143.654355606] [uav_0.autopilot_sv_cbf_rate_node]: goal_waypoint received: [0.000, 5.500, 0.500] (overrides waypoint_x/y/z params)
[autopilot_sv_cbf_rate_node-3] [INFO] [1788181143.754241885] [uav_0.autopilot_sv_cbf_rate_node]: goal_waypoint received: [0.000, 5.500, 0.500] (overrides waypoint_x/y/z params)
[autopilot_sv_cbf_rate_node-3] [INFO] [1788181143.854121665] [uav_0.autopilot_sv_cbf_rate_node]: goal_waypoint received: [0.000, 5.500, 0.500] (overrides waypoint_x/y/z params)
[autopilot_sv_cbf_rate_node-3] [INFO] [1788181143.954139739] [uav_0.autopilot_sv_cbf_rate_node]: goal_waypoint received: [0.000, 5.500, 0.500] (overrides waypoint_x/y/z params)
[autopilot_sv_cbf_rate_node-3] [INFO] [1788181144.054192715] [uav_0.autopilot_sv_cbf_rate_node]: goal_waypoint received: [0.000, 5.500, 0.500] (overrides waypoint_x/y/z params)
[autopilot_sv_cbf_rate_node-3] [INFO] [1788181144.154267096] [uav_0.autopilot_sv_cbf_rate_node]: goal_waypoint received: [0.000, 5.500, 0.500] (overrides waypoint_x/y/z params)
[autopilot_sv_cbf_rate_node-3] [INFO] [1788181144.254164584] [uav_0.autopilot_sv_cbf_rate_node]: goal_waypoint received: [0.000, 5.500, 0.500] (overrides waypoint_x/y/z params)
[autopilot_sv_cbf_rate_node-3] [INFO] [1788181144.354096571] [uav_0.autopilot_sv_cbf_rate_node]: goal_waypoint received: [0.000, 5.500, 0.500] (overrides waypoint_x/y/z params)
[autopilot_sv_cbf_rate_node-3] [INFO] [1788181144.454264547] [uav_0.autopilot_sv_cbf_rate_node]: goal_waypoint received: [0.000, 5.500, 0.500] (overrides waypoint_x/y/z params)
[autopilot_sv_cbf_rate_node-3] [INFO] [1788181144.510050895] [uav_0.autopilot_sv_cbf_rate_node]: pos=[2.28 5.95 1.73]  T=22.243N  omega=[0.319 3.418 0.000]  certified=5 uncertified=0  delta=0.0000  gamma=5.000(fixed)  feasible=1
[autopilot_sv_cbf_rate_node-3] [INFO] [1788181144.554127037] [uav_0.autopilot_sv_cbf_rate_node]: goal_waypoint received: [0.000, 5.500, 0.500] (overrides waypoint_x/y/z params)
[autopilot_sv_cbf_rate_node-3] [INFO] [1788181144.654178118] [uav_0.autopilot_sv_cbf_rate_node]: goal_waypoint received: [0.000, 5.500, 0.500] (overrides waypoint_x/y/z params)
[autopilot_sv_cbf_rate_node-3] [INFO] [1788181144.754067507] [uav_0.autopilot_sv_cbf_rate_node]: goal_waypoint received: [0.000, 5.500, 0.500] (overrides waypoint_x/y/z params)
[autopilot_sv_cbf_rate_node-3] [INFO] [1788181144.854065990] [uav_0.autopilot_sv_cbf_rate_node]: goal_waypoint received: [0.000, 5.500, 0.500] (overrides waypoint_x/y/z params)
[autopilot_sv_cbf_rate_node-3] [INFO] [1788181144.954129582] [uav_0.autopilot_sv_cbf_rate_node]: goal_waypoint received: [0.000, 5.500, 0.500] (overrides waypoint_x/y/z params)
[autopilot_sv_cbf_rate_node-3] [INFO] [1788181145.054140768] [uav_0.autopilot_sv_cbf_rate_node]: goal_waypoint received: [0.000, 5.500, 0.500] (overrides waypoint_x/y/z params)
[autopilot_sv_cbf_rate_node-3] [INFO] [1788181145.154130951] [uav_0.autopilot_sv_cbf_rate_node]: goal_waypoint received: [0.000, 5.500, 0.500] (overrides waypoint_x/y/z params)
[autopilot_sv_cbf_rate_node-3] [INFO] [1788181145.254131738] [uav_0.autopilot_sv_cbf_rate_node]: goal_waypoint received: [0.000, 5.500, 0.500] (overrides waypoint_x/y/z params)
[autopilot_sv_cbf_rate_node-3] [INFO] [1788181145.354168238] [uav_0.autopilot_sv_cbf_rate_node]: goal_waypoint received: [0.000, 5.500, 0.500] (overrides waypoint_x/y/z params)
[autopilot_sv_cbf_rate_node-3] [INFO] [1788181145.454082993] [uav_0.autopilot_sv_cbf_rate_node]: goal_waypoint received: [0.000, 5.500, 0.500] (overrides waypoint_x/y/z params)
[autopilot_sv_cbf_rate_node-3] [INFO] [1788181145.510296516] [uav_0.autopilot_sv_cbf_rate_node]: pos=[-1.12 8.62 0.84]  T=20.642N  omega=[-1.652 4.495 0.000]  certified=5 uncertified=0  delta=0.0000  gamma=5.000(fixed)  feasible=1
[autopilot_sv_cbf_rate_node-3] [INFO] [1788181145.554076877] [uav_0.autopilot_sv_cbf_rate_node]: goal_waypoint received: [0.000, 5.500, 0.500] (overrides waypoint_x/y/z params)
[autopilot_sv_cbf_rate_node-3] [INFO] [1788181145.654095070] [uav_0.autopilot_sv_cbf_rate_node]: goal_waypoint received: [0.000, 5.500, 0.500] (overrides waypoint_x/y/z params)
[autopilot_sv_cbf_rate_node-3] [INFO] [1788181145.754084653] [uav_0.autopilot_sv_cbf_rate_node]: goal_waypoint received: [0.000, 5.500, 0.500] (overrides waypoint_x/y/z params)
[autopilot_sv_cbf_rate_node-3] [INFO] [1788181145.854119352] [uav_0.autopilot_sv_cbf_rate_node]: goal_waypoint received: [0.000, 5.500, 0.500] (overrides waypoint_x/y/z params)
[autopilot_sv_cbf_rate_node-3] [INFO] [1788181145.954159153] [uav_0.autopilot_sv_cbf_rate_node]: goal_waypoint received: [0.000, 5.500, 0.500] (overrides waypoint_x/y/z params)
[autopilot_sv_cbf_rate_node-3] [INFO] [1788181146.055283857] [uav_0.autopilot_sv_cbf_rate_node]: goal_waypoint received: [0.000, 5.500, 0.500] (overrides waypoint_x/y/z params)
[autopilot_sv_cbf_rate_node-3] [INFO] [1788181146.154321299] [uav_0.autopilot_sv_cbf_rate_node]: goal_waypoint received: [0.000, 5.500, 0.500] (overrides waypoint_x/y/z params)
[autopilot_sv_cbf_rate_node-3] [INFO] [1788181146.254130425] [uav_0.autopilot_sv_cbf_rate_node]: goal_waypoint received: [0.000, 5.500, 0.500] (overrides waypoint_x/y/z params)
[autopilot_sv_cbf_rate_node-3] [INFO] [1788181146.354166633] [uav_0.autopilot_sv_cbf_rate_node]: goal_waypoint received: [0.000, 5.500, 0.500] (overrides waypoint_x/y/z params)
[autopilot_sv_cbf_rate_node-3] [INFO] [1788181146.454296977] [uav_0.autopilot_sv_cbf_rate_node]: goal_waypoint received: [0.000, 5.500, 0.500] (overrides waypoint_x/y/z params)
[autopilot_sv_cbf_rate_node-3] [INFO] [1788181146.510651957] [uav_0.autopilot_sv_cbf_rate_node]: pos=[-7.48 8.89 -1.28]  T=30.796N  omega=[-1.267 -2.790 0.000]  certified=1 uncertified=0  delta=0.0000  gamma=5.000(fixed)  feasible=1
[autopilot_sv_cbf_rate_node-3] [INFO] [1788181146.554221144] [uav_0.autopilot_sv_cbf_rate_node]: goal_waypoint received: [0.000, 5.500, 0.500] (overrides waypoint_x/y/z params)
[autopilot_sv_cbf_rate_node-3] [INFO] [1788181146.654242548] [uav_0.autopilot_sv_cbf_rate_node]: goal_waypoint received: [0.000, 5.500, 0.500] (overrides waypoint_x/y/z params)
[autopilot_sv_cbf_rate_node-3] [INFO] [1788181146.754329275] [uav_0.autopilot_sv_cbf_rate_node]: goal_waypoint received: [0.000, 5.500, 0.500] (overrides waypoint_x/y/z params)
[autopilot_sv_cbf_rate_node-3] [INFO] [1788181146.854204225] [uav_0.autopilot_sv_cbf_rate_node]: goal_waypoint received: [0.000, 5.500, 0.500] (overrides waypoint_x/y/z params)
[autopilot_sv_cbf_rate_node-3] [INFO] [1788181146.954217325] [uav_0.autopilot_sv_cbf_rate_node]: goal_waypoint received: [0.000, 5.500, 0.500] (overrides waypoint_x/y/z params)
[autopilot_sv_cbf_rate_node-3] [INFO] [1788181147.054110886] [uav_0.autopilot_sv_cbf_rate_node]: goal_waypoint received: [0.000, 5.500, 0.500] (overrides waypoint_x/y/z params)
[autopilot_sv_cbf_rate_node-3] [INFO] [1788181147.154129574] [uav_0.autopilot_sv_cbf_rate_node]: goal_waypoint received: [0.000, 5.500, 0.500] (overrides waypoint_x/y/z params)
[autopilot_sv_cbf_rate_node-3] [INFO] [1788181147.254195935] [uav_0.autopilot_sv_cbf_rate_node]: goal_waypoint received: [0.000, 5.500, 0.500] (overrides waypoint_x/y/z params)
[autopilot_sv_cbf_rate_node-3] [INFO] [1788181147.354148203] [uav_0.autopilot_sv_cbf_rate_node]: goal_waypoint received: [0.000, 5.500, 0.500] (overrides waypoint_x/y/z params)
[autopilot_sv_cbf_rate_node-3] [INFO] [1788181147.454151568] [uav_0.autopilot_sv_cbf_rate_node]: goal_waypoint received: [0.000, 5.500, 0.500] (overrides waypoint_x/y/z params)
[autopilot_sv_cbf_rate_node-3] [INFO] [1788181147.510807562] [uav_0.autopilot_sv_cbf_rate_node]: pos=[-10.76 5.88 -1.70]  T=28.889N  omega=[-1.271 -1.025 0.000]  certified=0 uncertified=0  delta=0.0000  gamma=5.000(fixed)  feasible=1
[autopilot_sv_cbf_rate_node-3] [INFO] [1788181147.554163432] [uav_0.autopilot_sv_cbf_rate_node]: goal_waypoint received: [0.000, 5.500, 0.500] (overrides waypoint_x/y/z params)
[autopilot_sv_cbf_rate_node-3] [INFO] [1788181147.654149399] [uav_0.autopilot_sv_cbf_rate_node]: goal_waypoint received: [0.000, 5.500, 0.500] (overrides waypoint_x/y/z params)
[autopilot_sv_cbf_rate_node-3] [INFO] [1788181147.754059769] [uav_0.autopilot_sv_cbf_rate_node]: goal_waypoint received: [0.000, 5.500, 0.500] (overrides waypoint_x/y/z params)
[autopilot_sv_cbf_rate_node-3] [INFO] [1788181147.854239224] [uav_0.autopilot_sv_cbf_rate_node]: goal_waypoint received: [0.000, 5.500, 0.500] (overrides waypoint_x/y/z params)
[autopilot_sv_cbf_rate_node-3] [INFO] [1788181147.954049500] [uav_0.autopilot_sv_cbf_rate_node]: goal_waypoint received: [0.000, 5.500, 0.500] (overrides waypoint_x/y/z params)
[autopilot_sv_cbf_rate_node-3] [INFO] [1788181148.054106267] [uav_0.autopilot_sv_cbf_rate_node]: goal_waypoint received: [0.000, 5.500, 0.500] (overrides waypoint_x/y/z params)
[autopilot_sv_cbf_rate_node-3] [INFO] [1788181148.154084142] [uav_0.autopilot_sv_cbf_rate_node]: goal_waypoint received: [0.000, 5.500, 0.500] (overrides waypoint_x/y/z params)
[autopilot_sv_cbf_rate_node-3] [INFO] [1788181148.254101116] [uav_0.autopilot_sv_cbf_rate_node]: goal_waypoint received: [0.000, 5.500, 0.500] (overrides waypoint_x/y/z params)
[autopilot_sv_cbf_rate_node-3] [INFO] [1788181148.354101690] [uav_0.autopilot_sv_cbf_rate_node]: goal_waypoint received: [0.000, 5.500, 0.500] (overrides waypoint_x/y/z params)
[autopilot_sv_cbf_rate_node-3] [INFO] [1788181148.454007270] [uav_0.autopilot_sv_cbf_rate_node]: goal_waypoint received: [0.000, 5.500, 0.500] (overrides waypoint_x/y/z params)
[autopilot_sv_cbf_rate_node-3] [INFO] [1788181148.510766863] [uav_0.autopilot_sv_cbf_rate_node]: pos=[-7.85 4.47 -0.82]  T=28.079N  omega=[1.279 0.155 0.000]  certified=2 uncertified=0  delta=0.0000  gamma=5.000(fixed)  feasible=1
[autopilot_sv_cbf_rate_node-3] [INFO] [1788181148.554083239] [uav_0.autopilot_sv_cbf_rate_node]: goal_waypoint received: [0.000, 5.500, 0.500] (overrides waypoint_x/y/z params)
[autopilot_sv_cbf_rate_node-3] [INFO] [1788181148.654079114] [uav_0.autopilot_sv_cbf_rate_node]: goal_waypoint received: [0.000, 5.500, 0.500] (overrides waypoint_x/y/z params)
[autopilot_sv_cbf_rate_node-3] [INFO] [1788181148.754060089] [uav_0.autopilot_sv_cbf_rate_node]: goal_waypoint received: [0.000, 5.500, 0.500] (overrides waypoint_x/y/z params)
[autopilot_sv_cbf_rate_node-3] [INFO] [1788181148.854065463] [uav_0.autopilot_sv_cbf_rate_node]: goal_waypoint received: [0.000, 5.500, 0.500] (overrides waypoint_x/y/z params)
[autopilot_sv_cbf_rate_node-3] [INFO] [1788181148.954118635] [uav_0.autopilot_sv_cbf_rate_node]: goal_waypoint received: [0.000, 5.500, 0.500] (overrides waypoint_x/y/z params)
[autopilot_sv_cbf_rate_node-3] [INFO] [1788181149.054091815] [uav_0.autopilot_sv_cbf_rate_node]: goal_waypoint received: [0.000, 5.500, 0.500] (overrides waypoint_x/y/z params)
[autopilot_sv_cbf_rate_node-3] [INFO] [1788181149.154156895] [uav_0.autopilot_sv_cbf_rate_node]: goal_waypoint received: [0.000, 5.500, 0.500] (overrides waypoint_x/y/z params)
[autopilot_sv_cbf_rate_node-3] [INFO] [1788181149.254271771] [uav_0.autopilot_sv_cbf_rate_node]: goal_waypoint received: [0.000, 5.500, 0.500] (overrides waypoint_x/y/z params)
[autopilot_sv_cbf_rate_node-3] [INFO] [1788181149.354346150] [uav_0.autopilot_sv_cbf_rate_node]: goal_waypoint received: [0.000, 5.500, 0.500] (overrides waypoint_x/y/z params)
[autopilot_sv_cbf_rate_node-3] [INFO] [1788181149.454192343] [uav_0.autopilot_sv_cbf_rate_node]: goal_waypoint received: [0.000, 5.500, 0.500] (overrides waypoint_x/y/z params)
[autopilot_sv_cbf_rate_node-3] [INFO] [1788181149.510665758] [uav_0.autopilot_sv_cbf_rate_node]: pos=[-6.08 4.10 -0.77]  T=28.685N  omega=[1.159 0.032 0.000]  certified=5 uncertified=0  delta=0.0000  gamma=5.000(fixed)  feasible=1
[autopilot_sv_cbf_rate_node-3] [INFO] [1788181149.554413113] [uav_0.autopilot_sv_cbf_rate_node]: goal_waypoint received: [0.000, 5.500, 0.500] (overrides waypoint_x/y/z params)
[autopilot_sv_cbf_rate_node-3] [INFO] [1788181149.654242406] [uav_0.autopilot_sv_cbf_rate_node]: goal_waypoint received: [0.000, 5.500, 0.500] (overrides waypoint_x/y/z params)
[autopilot_sv_cbf_rate_node-3] [INFO] [1788181149.754159595] [uav_0.autopilot_sv_cbf_rate_node]: goal_waypoint received: [0.000, 5.500, 0.500] (overrides waypoint_x/y/z params)
[autopilot_sv_cbf_rate_node-3] [INFO] [1788181149.854207075] [uav_0.autopilot_sv_cbf_rate_node]: goal_waypoint received: [0.000, 5.500, 0.500] (overrides waypoint_x/y/z params)
[autopilot_sv_cbf_rate_node-3] [INFO] [1788181149.954137463] [uav_0.autopilot_sv_cbf_rate_node]: goal_waypoint received: [0.000, 5.500, 0.500] (overrides waypoint_x/y/z params)
[autopilot_sv_cbf_rate_node-3] [INFO] [1788181150.054139050] [uav_0.autopilot_sv_cbf_rate_node]: goal_waypoint received: [0.000, 5.500, 0.500] (overrides waypoint_x/y/z params)
[autopilot_sv_cbf_rate_node-3] [INFO] [1788181150.154092645] [uav_0.autopilot_sv_cbf_rate_node]: goal_waypoint received: [0.000, 5.500, 0.500] (overrides waypoint_x/y/z params)
[autopilot_sv_cbf_rate_node-3] [INFO] [1788181150.254173633] [uav_0.autopilot_sv_cbf_rate_node]: goal_waypoint received: [0.000, 5.500, 0.500] (overrides waypoint_x/y/z params)
[autopilot_sv_cbf_rate_node-3] [INFO] [1788181150.354351115] [uav_0.autopilot_sv_cbf_rate_node]: goal_waypoint received: [0.000, 5.500, 0.500] (overrides waypoint_x/y/z params)
[autopilot_sv_cbf_rate_node-3] [INFO] [1788181150.454158919] [uav_0.autopilot_sv_cbf_rate_node]: goal_waypoint received: [0.000, 5.500, 0.500] (overrides waypoint_x/y/z params)
[autopilot_sv_cbf_rate_node-3] [INFO] [1788181150.510620540] [uav_0.autopilot_sv_cbf_rate_node]: pos=[-8.43 4.93 -0.73]  T=27.612N  omega=[-0.930 -2.657 0.000]  certified=1 uncertified=0  delta=0.0000  gamma=5.000(fixed)  feasible=1
[autopilot_sv_cbf_rate_node-3] [INFO] [1788181150.554121213] [uav_0.autopilot_sv_cbf_rate_node]: goal_waypoint received: [0.000, 5.500, 0.500] (overrides waypoint_x/y/z params)
[autopilot_sv_cbf_rate_node-3] [INFO] [1788181150.654095807] [uav_0.autopilot_sv_cbf_rate_node]: goal_waypoint received: [0.000, 5.500, 0.500] (overrides waypoint_x/y/z params)
[autopilot_sv_cbf_rate_node-3] [INFO] [1788181150.754128398] [uav_0.autopilot_sv_cbf_rate_node]: goal_waypoint received: [0.000, 5.500, 0.500] (overrides waypoint_x/y/z params)
[autopilot_sv_cbf_rate_node-3] [INFO] [1788181150.854131590] [uav_0.autopilot_sv_cbf_rate_node]: goal_waypoint received: [0.000, 5.500, 0.500] (overrides waypoint_x/y/z params)
[autopilot_sv_cbf_rate_node-3] [INFO] [1788181150.954106284] [uav_0.autopilot_sv_cbf_rate_node]: goal_waypoint received: [0.000, 5.500, 0.500] (overrides waypoint_x/y/z params)
[autopilot_sv_cbf_rate_node-3] [INFO] [1788181151.054174377] [uav_0.autopilot_sv_cbf_rate_node]: goal_waypoint received: [0.000, 5.500, 0.500] (overrides waypoint_x/y/z params)
[autopilot_sv_cbf_rate_node-3] [INFO] [1788181151.154134780] [uav_0.autopilot_sv_cbf_rate_node]: goal_waypoint received: [0.000, 5.500, 0.500] (overrides waypoint_x/y/z params)
[autopilot_sv_cbf_rate_node-3] [INFO] [1788181151.254074185] [uav_0.autopilot_sv_cbf_rate_node]: goal_waypoint received: [0.000, 5.500, 0.500] (overrides waypoint_x/y/z params)
[autopilot_sv_cbf_rate_node-3] [INFO] [1788181151.354069687] [uav_0.autopilot_sv_cbf_rate_node]: goal_waypoint received: [0.000, 5.500, 0.500] (overrides waypoint_x/y/z params)
[autopilot_sv_cbf_rate_node-3] [INFO] [1788181151.454107386] [uav_0.autopilot_sv_cbf_rate_node]: goal_waypoint received: [0.000, 5.500, 0.500] (overrides waypoint_x/y/z params)
[autopilot_sv_cbf_rate_node-3] [INFO] [1788181151.510538814] [uav_0.autopilot_sv_cbf_rate_node]: pos=[-9.65 4.88 -0.67]  T=27.732N  omega=[1.492 -2.328 0.000]  certified=0 uncertified=0  delta=0.0000  gamma=5.000(fixed)  feasible=1
[autopilot_sv_cbf_rate_node-3] [INFO] [1788181151.554193183] [uav_0.autopilot_sv_cbf_rate_node]: goal_waypoint received: [0.000, 5.500, 0.500] (overrides waypoint_x/y/z params)
[autopilot_sv_cbf_rate_node-3] [INFO] [1788181151.654069891] [uav_0.autopilot_sv_cbf_rate_node]: goal_waypoint received: [0.000, 5.500, 0.500] (overrides waypoint_x/y/z params)
[autopilot_sv_cbf_rate_node-3] [INFO] [1788181151.754196085] [uav_0.autopilot_sv_cbf_rate_node]: goal_waypoint received: [0.000, 5.500, 0.500] (overrides waypoint_x/y/z params)
[autopilot_sv_cbf_rate_node-3] [INFO] [1788181151.854090793] [uav_0.autopilot_sv_cbf_rate_node]: goal_waypoint received: [0.000, 5.500, 0.500] (overrides waypoint_x/y/z params)
[autopilot_sv_cbf_rate_node-3] [INFO] [1788181151.954104593] [uav_0.autopilot_sv_cbf_rate_node]: goal_waypoint received: [0.000, 5.500, 0.500] (overrides waypoint_x/y/z params)
[autopilot_sv_cbf_rate_node-3] [INFO] [1788181152.054189994] [uav_0.autopilot_sv_cbf_rate_node]: goal_waypoint received: [0.000, 5.500, 0.500] (overrides waypoint_x/y/z params)
[autopilot_sv_cbf_rate_node-3] [INFO] [1788181152.154296198] [uav_0.autopilot_sv_cbf_rate_node]: goal_waypoint received: [0.000, 5.500, 0.500] (overrides waypoint_x/y/z params)
[autopilot_sv_cbf_rate_node-3] [INFO] [1788181152.254133818] [uav_0.autopilot_sv_cbf_rate_node]: goal_waypoint received: [0.000, 5.500, 0.500] (overrides waypoint_x/y/z params)
[autopilot_sv_cbf_rate_node-3] [INFO] [1788181152.354235423] [uav_0.autopilot_sv_cbf_rate_node]: goal_waypoint received: [0.000, 5.500, 0.500] (overrides waypoint_x/y/z params)
[autopilot_sv_cbf_rate_node-3] [INFO] [1788181152.454248132] [uav_0.autopilot_sv_cbf_rate_node]: goal_waypoint received: [0.000, 5.500, 0.500] (overrides waypoint_x/y/z params)
[autopilot_sv_cbf_rate_node-3] [INFO] [1788181152.510469777] [uav_0.autopilot_sv_cbf_rate_node]: pos=[-10.64 5.71 -0.59]  T=27.747N  omega=[-1.160 -2.490 0.000]  certified=0 uncertified=0  delta=0.0000  gamma=5.000(fixed)  feasible=1
[autopilot_sv_cbf_rate_node-3] [INFO] [1788181152.554169147] [uav_0.autopilot_sv_cbf_rate_node]: goal_waypoint received: [0.000, 5.500, 0.500] (overrides waypoint_x/y/z params)
[autopilot_sv_cbf_rate_node-3] [INFO] [1788181152.654213755] [uav_0.autopilot_sv_cbf_rate_node]: goal_waypoint received: [0.000, 5.500, 0.500] (overrides waypoint_x/y/z params)
[autopilot_sv_cbf_rate_node-3] [INFO] [1788181152.754271262] [uav_0.autopilot_sv_cbf_rate_node]: goal_waypoint received: [0.000, 5.500, 0.500] (overrides waypoint_x/y/z params)
[autopilot_sv_cbf_rate_node-3] [INFO] [1788181152.854137180] [uav_0.autopilot_sv_cbf_rate_node]: goal_waypoint received: [0.000, 5.500, 0.500] (overrides waypoint_x/y/z params)
[autopilot_sv_cbf_rate_node-3] [INFO] [1788181152.954186142] [uav_0.autopilot_sv_cbf_rate_node]: goal_waypoint received: [0.000, 5.500, 0.500] (overrides waypoint_x/y/z params)
[autopilot_sv_cbf_rate_node-3] [INFO] [1788181153.054079870] [uav_0.autopilot_sv_cbf_rate_node]: goal_waypoint received: [0.000, 5.500, 0.500] (overrides waypoint_x/y/z params)
[autopilot_sv_cbf_rate_node-3] [INFO] [1788181153.154156964] [uav_0.autopilot_sv_cbf_rate_node]: goal_waypoint received: [0.000, 5.500, 0.500] (overrides waypoint_x/y/z params)
[autopilot_sv_cbf_rate_node-3] [INFO] [1788181153.254140227] [uav_0.autopilot_sv_cbf_rate_node]: goal_waypoint received: [0.000, 5.500, 0.500] (overrides waypoint_x/y/z params)
[autopilot_sv_cbf_rate_node-3] [INFO] [1788181153.354163503] [uav_0.autopilot_sv_cbf_rate_node]: goal_waypoint received: [0.000, 5.500, 0.500] (overrides waypoint_x/y/z params)
[autopilot_sv_cbf_rate_node-3] [INFO] [1788181153.454115455] [uav_0.autopilot_sv_cbf_rate_node]: goal_waypoint received: [0.000, 5.500, 0.500] (overrides waypoint_x/y/z params)
[autopilot_sv_cbf_rate_node-3] [INFO] [1788181153.510671323] [uav_0.autopilot_sv_cbf_rate_node]: pos=[-9.34 5.64 -0.53]  T=28.185N  omega=[1.153 -0.473 0.000]  certified=0 uncertified=0  delta=0.0000  gamma=5.000(fixed)  feasible=1
[autopilot_sv_cbf_rate_node-3] [INFO] [1788181153.554092516] [uav_0.autopilot_sv_cbf_rate_node]: goal_waypoint received: [0.000, 5.500, 0.500] (overrides waypoint_x/y/z params)
[autopilot_sv_cbf_rate_node-3] [INFO] [1788181153.654222129] [uav_0.autopilot_sv_cbf_rate_node]: goal_waypoint received: [0.000, 5.500, 0.500] (overrides waypoint_x/y/z params)
[autopilot_sv_cbf_rate_node-3] [INFO] [1788181153.754083450] [uav_0.autopilot_sv_cbf_rate_node]: goal_waypoint received: [0.000, 5.500, 0.500] (overrides waypoint_x/y/z params)
[autopilot_sv_cbf_rate_node-3] [INFO] [1788181153.854120231] [uav_0.autopilot_sv_cbf_rate_node]: goal_waypoint received: [0.000, 5.500, 0.500] (overrides waypoint_x/y/z params)
[autopilot_sv_cbf_rate_node-3] [INFO] [1788181153.954149409] [uav_0.autopilot_sv_cbf_rate_node]: goal_waypoint received: [0.000, 5.500, 0.500] (overrides waypoint_x/y/z params)
[autopilot_sv_cbf_rate_node-3] [INFO] [1788181154.054188595] [uav_0.autopilot_sv_cbf_rate_node]: goal_waypoint received: [0.000, 5.500, 0.500] (overrides waypoint_x/y/z params)
[autopilot_sv_cbf_rate_node-3] [INFO] [1788181154.154463066] [uav_0.autopilot_sv_cbf_rate_node]: goal_waypoint received: [0.000, 5.500, 0.500] (overrides waypoint_x/y/z params)
[autopilot_sv_cbf_rate_node-3] [INFO] [1788181154.254184949] [uav_0.autopilot_sv_cbf_rate_node]: goal_waypoint received: [0.000, 5.500, 0.500] (overrides waypoint_x/y/z params)
[autopilot_sv_cbf_rate_node-3] [INFO] [1788181154.354147613] [uav_0.autopilot_sv_cbf_rate_node]: goal_waypoint received: [0.000, 5.500, 0.500] (overrides waypoint_x/y/z params)
[autopilot_sv_cbf_rate_node-3] [INFO] [1788181154.454164666] [uav_0.autopilot_sv_cbf_rate_node]: goal_waypoint received: [0.000, 5.500, 0.500] (overrides waypoint_x/y/z params)
[autopilot_sv_cbf_rate_node-3] [INFO] [1788181154.510978690] [uav_0.autopilot_sv_cbf_rate_node]: pos=[-9.34 4.78 -0.48]  T=27.874N  omega=[0.752 -2.860 0.000]  certified=0 uncertified=0  delta=0.0000  gamma=5.000(fixed)  feasible=1
[autopilot_sv_cbf_rate_node-3] [INFO] [1788181154.554078804] [uav_0.autopilot_sv_cbf_rate_node]: goal_waypoint received: [0.000, 5.500, 0.500] (overrides waypoint_x/y/z params)
[autopilot_sv_cbf_rate_node-3] [INFO] [1788181154.654295325] [uav_0.autopilot_sv_cbf_rate_node]: goal_waypoint received: [0.000, 5.500, 0.500] (overrides waypoint_x/y/z params)
[autopilot_sv_cbf_rate_node-3] [INFO] [1788181154.754172065] [uav_0.autopilot_sv_cbf_rate_node]: goal_waypoint received: [0.000, 5.500, 0.500] (overrides waypoint_x/y/z params)
[autopilot_sv_cbf_rate_node-3] [INFO] [1788181154.854070503] [uav_0.autopilot_sv_cbf_rate_node]: goal_waypoint received: [0.000, 5.500, 0.500] (overrides waypoint_x/y/z params)
[autopilot_sv_cbf_rate_node-3] [INFO] [1788181154.954078036] [uav_0.autopilot_sv_cbf_rate_node]: goal_waypoint received: [0.000, 5.500, 0.500] (overrides waypoint_x/y/z params)
[autopilot_sv_cbf_rate_node-3] [INFO] [1788181155.054253763] [uav_0.autopilot_sv_cbf_rate_node]: goal_waypoint received: [0.000, 5.500, 0.500] (overrides waypoint_x/y/z params)
[autopilot_sv_cbf_rate_node-3] [INFO] [1788181155.154408796] [uav_0.autopilot_sv_cbf_rate_node]: goal_waypoint received: [0.000, 5.500, 0.500] (overrides waypoint_x/y/z params)
[autopilot_sv_cbf_rate_node-3] [INFO] [1788181155.254288545] [uav_0.autopilot_sv_cbf_rate_node]: goal_waypoint received: [0.000, 5.500, 0.500] (overrides waypoint_x/y/z params)
[autopilot_sv_cbf_rate_node-3] [INFO] [1788181155.354150295] [uav_0.autopilot_sv_cbf_rate_node]: goal_waypoint received: [0.000, 5.500, 0.500] (overrides waypoint_x/y/z params)
[autopilot_sv_cbf_rate_node-3] [INFO] [1788181155.453989146] [uav_0.autopilot_sv_cbf_rate_node]: goal_waypoint received: [0.000, 5.500, 0.500] (overrides waypoint_x/y/z params)
[autopilot_sv_cbf_rate_node-3] [INFO] [1788181155.510881570] [uav_0.autopilot_sv_cbf_rate_node]: pos=[-10.95 4.08 -0.45]  T=27.561N  omega=[1.562 -2.482 0.000]  certified=0 uncertified=0  delta=0.0000  gamma=5.000(fixed)  feasible=1
[autopilot_sv_cbf_rate_node-3] [INFO] [1788181155.554195476] [uav_0.autopilot_sv_cbf_rate_node]: goal_waypoint received: [0.000, 5.500, 0.500] (overrides waypoint_x/y/z params)
[autopilot_sv_cbf_rate_node-3] [INFO] [1788181155.654227616] [uav_0.autopilot_sv_cbf_rate_node]: goal_waypoint received: [0.000, 5.500, 0.500] (overrides waypoint_x/y/z params)
[autopilot_sv_cbf_rate_node-3] [INFO] [1788181155.754203360] [uav_0.autopilot_sv_cbf_rate_node]: goal_waypoint received: [0.000, 5.500, 0.500] (overrides waypoint_x/y/z params)
[autopilot_sv_cbf_rate_node-3] [INFO] [1788181155.854148305] [uav_0.autopilot_sv_cbf_rate_node]: goal_waypoint received: [0.000, 5.500, 0.500] (overrides waypoint_x/y/z params)
[autopilot_sv_cbf_rate_node-3] [INFO] [1788181155.954077351] [uav_0.autopilot_sv_cbf_rate_node]: goal_waypoint received: [0.000, 5.500, 0.500] (overrides waypoint_x/y/z params)
[autopilot_sv_cbf_rate_node-3] [INFO] [1788181156.054077897] [uav_0.autopilot_sv_cbf_rate_node]: goal_waypoint received: [0.000, 5.500, 0.500] (overrides waypoint_x/y/z params)
[autopilot_sv_cbf_rate_node-3] [INFO] [1788181156.154235439] [uav_0.autopilot_sv_cbf_rate_node]: goal_waypoint received: [0.000, 5.500, 0.500] (overrides waypoint_x/y/z params)
[autopilot_sv_cbf_rate_node-3] [INFO] [1788181156.254324285] [uav_0.autopilot_sv_cbf_rate_node]: goal_waypoint received: [0.000, 5.500, 0.500] (overrides waypoint_x/y/z params)
[autopilot_sv_cbf_rate_node-3] [INFO] [1788181156.354123847] [uav_0.autopilot_sv_cbf_rate_node]: goal_waypoint received: [0.000, 5.500, 0.500] (overrides waypoint_x/y/z params)
[autopilot_sv_cbf_rate_node-3] [INFO] [1788181156.454092300] [uav_0.autopilot_sv_cbf_rate_node]: goal_waypoint received: [0.000, 5.500, 0.500] (overrides waypoint_x/y/z params)
[autopilot_sv_cbf_rate_node-3] [INFO] [1788181156.510872235] [uav_0.autopilot_sv_cbf_rate_node]: pos=[-9.91 3.90 -0.40]  T=27.801N  omega=[-0.046 -0.006 0.000]  certified=0 uncertified=0  delta=0.0000  gamma=5.000(fixed)  feasible=1
[autopilot_sv_cbf_rate_node-3] [INFO] [1788181156.554092050] [uav_0.autopilot_sv_cbf_rate_node]: goal_waypoint received: [0.000, 5.500, 0.500] (overrides waypoint_x/y/z params)
[autopilot_sv_cbf_rate_node-3] [INFO] [1788181156.654123899] [uav_0.autopilot_sv_cbf_rate_node]: goal_waypoint received: [0.000, 5.500, 0.500] (overrides waypoint_x/y/z params)
[autopilot_sv_cbf_rate_node-3] [INFO] [1788181156.754141149] [uav_0.autopilot_sv_cbf_rate_node]: goal_waypoint received: [0.000, 5.500, 0.500] (overrides waypoint_x/y/z params)
[autopilot_sv_cbf_rate_node-3] [INFO] [1788181156.854102502] [uav_0.autopilot_sv_cbf_rate_node]: goal_waypoint received: [0.000, 5.500, 0.500] (overrides waypoint_x/y/z params)
[autopilot_sv_cbf_rate_node-3] [INFO] [1788181156.954126452] [uav_0.autopilot_sv_cbf_rate_node]: goal_waypoint received: [0.000, 5.500, 0.500] (overrides waypoint_x/y/z params)
[autopilot_sv_cbf_rate_node-3] [INFO] [1788181157.054220202] [uav_0.autopilot_sv_cbf_rate_node]: goal_waypoint received: [0.000, 5.500, 0.500] (overrides waypoint_x/y/z params)
[autopilot_sv_cbf_rate_node-3] [INFO] [1788181157.154127367] [uav_0.autopilot_sv_cbf_rate_node]: goal_waypoint received: [0.000, 5.500, 0.500] (overrides waypoint_x/y/z params)
[autopilot_sv_cbf_rate_node-3] [INFO] [1788181157.254110927] [uav_0.autopilot_sv_cbf_rate_node]: goal_waypoint received: [0.000, 5.500, 0.500] (overrides waypoint_x/y/z params)
[autopilot_sv_cbf_rate_node-3] [INFO] [1788181157.354074489] [uav_0.autopilot_sv_cbf_rate_node]: goal_waypoint received: [0.000, 5.500, 0.500] (overrides waypoint_x/y/z params)
[autopilot_sv_cbf_rate_node-3] [INFO] [1788181157.454131946] [uav_0.autopilot_sv_cbf_rate_node]: goal_waypoint received: [0.000, 5.500, 0.500] (overrides waypoint_x/y/z params)
[autopilot_sv_cbf_rate_node-3] [INFO] [1788181157.510783794] [uav_0.autopilot_sv_cbf_rate_node]: pos=[-11.84 5.25 -0.36]  T=27.335N  omega=[-1.550 -2.174 0.000]  certified=0 uncertified=0  delta=0.0000  gamma=5.000(fixed)  feasible=1
[autopilot_sv_cbf_rate_node-3] [INFO] [1788181157.554110507] [uav_0.autopilot_sv_cbf_rate_node]: goal_waypoint received: [0.000, 5.500, 0.500] (overrides waypoint_x/y/z params)
[autopilot_sv_cbf_rate_node-3] [INFO] [1788181157.654177063] [uav_0.autopilot_sv_cbf_rate_node]: goal_waypoint received: [0.000, 5.500, 0.500] (overrides waypoint_x/y/z params)
[autopilot_sv_cbf_rate_node-3] [INFO] [1788181157.754156823] [uav_0.autopilot_sv_cbf_rate_node]: goal_waypoint received: [0.000, 5.500, 0.500] (overrides waypoint_x/y/z params)
[autopilot_sv_cbf_rate_node-3] [INFO] [1788181157.854237878] [uav_0.autopilot_sv_cbf_rate_node]: goal_waypoint received: [0.000, 5.500, 0.500] (overrides waypoint_x/y/z params)
[autopilot_sv_cbf_rate_node-3] [INFO] [1788181157.954250337] [uav_0.autopilot_sv_cbf_rate_node]: goal_waypoint received: [0.000, 5.500, 0.500] (overrides waypoint_x/y/z params)
[autopilot_sv_cbf_rate_node-3] [INFO] [1788181158.054228203] [uav_0.autopilot_sv_cbf_rate_node]: goal_waypoint received: [0.000, 5.500, 0.500] (overrides waypoint_x/y/z params)
[autopilot_sv_cbf_rate_node-3] [INFO] [1788181158.154170675] [uav_0.autopilot_sv_cbf_rate_node]: goal_waypoint received: [0.000, 5.500, 0.500] (overrides waypoint_x/y/z params)
[autopilot_sv_cbf_rate_node-3] [INFO] [1788181158.254248139] [uav_0.autopilot_sv_cbf_rate_node]: goal_waypoint received: [0.000, 5.500, 0.500] (overrides waypoint_x/y/z params)
[autopilot_sv_cbf_rate_node-3] [INFO] [1788181158.354218109] [uav_0.autopilot_sv_cbf_rate_node]: goal_waypoint received: [0.000, 5.500, 0.500] (overrides waypoint_x/y/z params)
[autopilot_sv_cbf_rate_node-3] [INFO] [1788181158.454127083] [uav_0.autopilot_sv_cbf_rate_node]: goal_waypoint received: [0.000, 5.500, 0.500] (overrides waypoint_x/y/z params)
[autopilot_sv_cbf_rate_node-3] [INFO] [1788181158.510760437] [uav_0.autopilot_sv_cbf_rate_node]: pos=[-12.56 6.82 -0.32]  T=27.290N  omega=[-0.487 -2.960 0.000]  certified=0 uncertified=0  delta=0.0000  gamma=5.000(fixed)  feasible=1
[autopilot_sv_cbf_rate_node-3] [INFO] [1788181158.554133952] [uav_0.autopilot_sv_cbf_rate_node]: goal_waypoint received: [0.000, 5.500, 0.500] (overrides waypoint_x/y/z params)
[autopilot_sv_cbf_rate_node-3] [INFO] [1788181158.654109522] [uav_0.autopilot_sv_cbf_rate_node]: goal_waypoint received: [0.000, 5.500, 0.500] (overrides waypoint_x/y/z params)
[autopilot_sv_cbf_rate_node-3] [INFO] [1788181158.754147788] [uav_0.autopilot_sv_cbf_rate_node]: goal_waypoint received: [0.000, 5.500, 0.500] (overrides waypoint_x/y/z params)
[autopilot_sv_cbf_rate_node-3] [INFO] [1788181158.854199554] [uav_0.autopilot_sv_cbf_rate_node]: goal_waypoint received: [0.000, 5.500, 0.500] (overrides waypoint_x/y/z params)
[autopilot_sv_cbf_rate_node-3] [INFO] [1788181158.954832986] [uav_0.autopilot_sv_cbf_rate_node]: goal_waypoint received: [0.000, 5.500, 0.500] (overrides waypoint_x/y/z params)
[autopilot_sv_cbf_rate_node-3] [INFO] [1788181159.054275391] [uav_0.autopilot_sv_cbf_rate_node]: goal_waypoint received: [0.000, 5.500, 0.500] (overrides waypoint_x/y/z params)
[autopilot_sv_cbf_rate_node-3] [INFO] [1788181159.154116078] [uav_0.autopilot_sv_cbf_rate_node]: goal_waypoint received: [0.000, 5.500, 0.500] (overrides waypoint_x/y/z params)
[autopilot_sv_cbf_rate_node-3] [INFO] [1788181159.254084757] [uav_0.autopilot_sv_cbf_rate_node]: goal_waypoint received: [0.000, 5.500, 0.500] (overrides waypoint_x/y/z params)
[autopilot_sv_cbf_rate_node-3] [INFO] [1788181159.354128832] [uav_0.autopilot_sv_cbf_rate_node]: goal_waypoint received: [0.000, 5.500, 0.500] (overrides waypoint_x/y/z params)
[autopilot_sv_cbf_rate_node-3] [INFO] [1788181159.454107211] [uav_0.autopilot_sv_cbf_rate_node]: goal_waypoint received: [0.000, 5.500, 0.500] (overrides waypoint_x/y/z params)
[autopilot_sv_cbf_rate_node-3] [INFO] [1788181159.510753069] [uav_0.autopilot_sv_cbf_rate_node]: pos=[-13.15 7.36 -0.30]  T=27.298N  omega=[1.344 -1.674 0.000]  certified=0 uncertified=0  delta=0.0000  gamma=5.000(fixed)  feasible=1
[autopilot_sv_cbf_rate_node-3] [INFO] [1788181159.554055291] [uav_0.autopilot_sv_cbf_rate_node]: goal_waypoint received: [0.000, 5.500, 0.500] (overrides waypoint_x/y/z params)
[autopilot_sv_cbf_rate_node-3] [INFO] [1788181159.654137864] [uav_0.autopilot_sv_cbf_rate_node]: goal_waypoint received: [0.000, 5.500, 0.500] (overrides waypoint_x/y/z params)
[autopilot_sv_cbf_rate_node-3] [INFO] [1788181159.754095244] [uav_0.autopilot_sv_cbf_rate_node]: goal_waypoint received: [0.000, 5.500, 0.500] (overrides waypoint_x/y/z params)
[autopilot_sv_cbf_rate_node-3] [INFO] [1788181159.854101921] [uav_0.autopilot_sv_cbf_rate_node]: goal_waypoint received: [0.000, 5.500, 0.500] (overrides waypoint_x/y/z params)
[autopilot_sv_cbf_rate_node-3] [INFO] [1788181159.954125097] [uav_0.autopilot_sv_cbf_rate_node]: goal_waypoint received: [0.000, 5.500, 0.500] (overrides waypoint_x/y/z params)
[autopilot_sv_cbf_rate_node-3] [INFO] [1788181160.054062783] [uav_0.autopilot_sv_cbf_rate_node]: goal_waypoint received: [0.000, 5.500, 0.500] (overrides waypoint_x/y/z params)
[autopilot_sv_cbf_rate_node-3] [INFO] [1788181160.154080468] [uav_0.autopilot_sv_cbf_rate_node]: goal_waypoint received: [0.000, 5.500, 0.500] (overrides waypoint_x/y/z params)
[autopilot_sv_cbf_rate_node-3] [INFO] [1788181160.254109153] [uav_0.autopilot_sv_cbf_rate_node]: goal_waypoint received: [0.000, 5.500, 0.500] (overrides waypoint_x/y/z params)
[autopilot_sv_cbf_rate_node-3] [INFO] [1788181160.354250431] [uav_0.autopilot_sv_cbf_rate_node]: goal_waypoint received: [0.000, 5.500, 0.500] (overrides waypoint_x/y/z params)
[autopilot_sv_cbf_rate_node-3] [INFO] [1788181160.454144823] [uav_0.autopilot_sv_cbf_rate_node]: goal_waypoint received: [0.000, 5.500, 0.500] (overrides waypoint_x/y/z params)
[autopilot_sv_cbf_rate_node-3] [INFO] [1788181160.510654895] [uav_0.autopilot_sv_cbf_rate_node]: pos=[-12.67 6.64 -0.28]  T=27.405N  omega=[1.576 -1.352 0.000]  certified=0 uncertified=0  delta=0.0000  gamma=5.000(fixed)  feasible=1
[autopilot_sv_cbf_rate_node-3] [INFO] [1788181160.554236004] [uav_0.autopilot_sv_cbf_rate_node]: goal_waypoint received: [0.000, 5.500, 0.500] (overrides waypoint_x/y/z params)
[autopilot_sv_cbf_rate_node-3] [INFO] [1788181160.654083399] [uav_0.autopilot_sv_cbf_rate_node]: goal_waypoint received: [0.000, 5.500, 0.500] (overrides waypoint_x/y/z params)
[autopilot_sv_cbf_rate_node-3] [INFO] [1788181160.754107484] [uav_0.autopilot_sv_cbf_rate_node]: goal_waypoint received: [0.000, 5.500, 0.500] (overrides waypoint_x/y/z params)
[autopilot_sv_cbf_rate_node-3] [INFO] [1788181160.854178367] [uav_0.autopilot_sv_cbf_rate_node]: goal_waypoint received: [0.000, 5.500, 0.500] (overrides waypoint_x/y/z params)
[autopilot_sv_cbf_rate_node-3] [INFO] [1788181160.954133235] [uav_0.autopilot_sv_cbf_rate_node]: goal_waypoint received: [0.000, 5.500, 0.500] (overrides waypoint_x/y/z params)
[autopilot_sv_cbf_rate_node-3] [INFO] [1788181161.054074680] [uav_0.autopilot_sv_cbf_rate_node]: goal_waypoint received: [0.000, 5.500, 0.500] (overrides waypoint_x/y/z params)
[autopilot_sv_cbf_rate_node-3] [INFO] [1788181161.154358980] [uav_0.autopilot_sv_cbf_rate_node]: goal_waypoint received: [0.000, 5.500, 0.500] (overrides waypoint_x/y/z params)
[autopilot_sv_cbf_rate_node-3] [INFO] [1788181161.254619269] [uav_0.autopilot_sv_cbf_rate_node]: goal_waypoint received: [0.000, 5.500, 0.500] (overrides waypoint_x/y/z params)
[autopilot_sv_cbf_rate_node-3] [INFO] [1788181161.354527804] [uav_0.autopilot_sv_cbf_rate_node]: goal_waypoint received: [0.000, 5.500, 0.500] (overrides waypoint_x/y/z params)
[autopilot_sv_cbf_rate_node-3] [INFO] [1788181161.454279171] [uav_0.autopilot_sv_cbf_rate_node]: goal_waypoint received: [0.000, 5.500, 0.500] (overrides waypoint_x/y/z params)
[autopilot_sv_cbf_rate_node-3] [INFO] [1788181161.510857982] [uav_0.autopilot_sv_cbf_rate_node]: pos=[-11.66 6.69 -0.25]  T=27.566N  omega=[0.993 -1.754 0.000]  certified=0 uncertified=0  delta=0.0000  gamma=5.000(fixed)  feasible=1
[autopilot_sv_cbf_rate_node-3] [INFO] [1788181161.554203313] [uav_0.autopilot_sv_cbf_rate_node]: goal_waypoint received: [0.000, 5.500, 0.500] (overrides waypoint_x/y/z params)
[autopilot_sv_cbf_rate_node-3] [INFO] [1788181161.654101844] [uav_0.autopilot_sv_cbf_rate_node]: goal_waypoint received: [0.000, 5.500, 0.500] (overrides waypoint_x/y/z params)
[autopilot_sv_cbf_rate_node-3] [INFO] [1788181161.754139336] [uav_0.autopilot_sv_cbf_rate_node]: goal_waypoint received: [0.000, 5.500, 0.500] (overrides waypoint_x/y/z params)
[autopilot_sv_cbf_rate_node-3] [INFO] [1788181161.854287576] [uav_0.autopilot_sv_cbf_rate_node]: goal_waypoint received: [0.000, 5.500, 0.500] (overrides waypoint_x/y/z params)
[autopilot_sv_cbf_rate_node-3] [INFO] [1788181161.954132361] [uav_0.autopilot_sv_cbf_rate_node]: goal_waypoint received: [0.000, 5.500, 0.500] (overrides waypoint_x/y/z params)
[autopilot_sv_cbf_rate_node-3] [INFO] [1788181162.054125286] [uav_0.autopilot_sv_cbf_rate_node]: goal_waypoint received: [0.000, 5.500, 0.500] (overrides waypoint_x/y/z params)
[autopilot_sv_cbf_rate_node-3] [INFO] [1788181162.154141814] [uav_0.autopilot_sv_cbf_rate_node]: goal_waypoint received: [0.000, 5.500, 0.500] (overrides waypoint_x/y/z params)
[autopilot_sv_cbf_rate_node-3] [INFO] [1788181162.254127243] [uav_0.autopilot_sv_cbf_rate_node]: goal_waypoint received: [0.000, 5.500, 0.500] (overrides waypoint_x/y/z params)
[autopilot_sv_cbf_rate_node-3] [INFO] [1788181162.354105472] [uav_0.autopilot_sv_cbf_rate_node]: goal_waypoint received: [0.000, 5.500, 0.500] (overrides waypoint_x/y/z params)
[autopilot_sv_cbf_rate_node-3] [INFO] [1788181162.454075301] [uav_0.autopilot_sv_cbf_rate_node]: goal_waypoint received: [0.000, 5.500, 0.500] (overrides waypoint_x/y/z params)
[autopilot_sv_cbf_rate_node-3] [INFO] [1788181162.511044278] [uav_0.autopilot_sv_cbf_rate_node]: pos=[-10.85 7.48 -0.26]  T=27.697N  omega=[0.249 -0.072 0.000]  certified=0 uncertified=0  delta=0.0000  gamma=5.000(fixed)  feasible=1
[autopilot_sv_cbf_rate_node-3] [INFO] [1788181162.554134928] [uav_0.autopilot_sv_cbf_rate_node]: goal_waypoint received: [0.000, 5.500, 0.500] (overrides waypoint_x/y/z params)
[autopilot_sv_cbf_rate_node-3] [INFO] [1788181162.654138257] [uav_0.autopilot_sv_cbf_rate_node]: goal_waypoint received: [0.000, 5.500, 0.500] (overrides waypoint_x/y/z params)
[autopilot_sv_cbf_rate_node-3] [INFO] [1788181162.754055887] [uav_0.autopilot_sv_cbf_rate_node]: goal_waypoint received: [0.000, 5.500, 0.500] (overrides waypoint_x/y/z params)
[autopilot_sv_cbf_rate_node-3] [INFO] [1788181162.854080915] [uav_0.autopilot_sv_cbf_rate_node]: goal_waypoint received: [0.000, 5.500, 0.500] (overrides waypoint_x/y/z params)
[autopilot_sv_cbf_rate_node-3] [INFO] [1788181162.954132843] [uav_0.autopilot_sv_cbf_rate_node]: goal_waypoint received: [0.000, 5.500, 0.500] (overrides waypoint_x/y/z params)
[autopilot_sv_cbf_rate_node-3] [INFO] [1788181163.054123976] [uav_0.autopilot_sv_cbf_rate_node]: goal_waypoint received: [0.000, 5.500, 0.500] (overrides waypoint_x/y/z params)
[autopilot_sv_cbf_rate_node-3] [INFO] [1788181163.154071014] [uav_0.autopilot_sv_cbf_rate_node]: goal_waypoint received: [0.000, 5.500, 0.500] (overrides waypoint_x/y/z params)
[autopilot_sv_cbf_rate_node-3] [INFO] [1788181163.254116451] [uav_0.autopilot_sv_cbf_rate_node]: goal_waypoint received: [0.000, 5.500, 0.500] (overrides waypoint_x/y/z params)
[autopilot_sv_cbf_rate_node-3] [INFO] [1788181163.354109288] [uav_0.autopilot_sv_cbf_rate_node]: goal_waypoint received: [0.000, 5.500, 0.500] (overrides waypoint_x/y/z params)
[autopilot_sv_cbf_rate_node-3] [INFO] [1788181163.454081826] [uav_0.autopilot_sv_cbf_rate_node]: goal_waypoint received: [0.000, 5.500, 0.500] (overrides waypoint_x/y/z params)
[autopilot_sv_cbf_rate_node-3] [INFO] [1788181163.511006809] [uav_0.autopilot_sv_cbf_rate_node]: pos=[-9.11 7.92 -0.27]  T=27.955N  omega=[-1.245 0.036 0.000]  certified=0 uncertified=0  delta=0.0000  gamma=5.000(fixed)  feasible=1
[autopilot_sv_cbf_rate_node-3] [INFO] [1788181163.554234161] [uav_0.autopilot_sv_cbf_rate_node]: goal_waypoint received: [0.000, 5.500, 0.500] (overrides waypoint_x/y/z params)
[autopilot_sv_cbf_rate_node-3] [INFO] [1788181163.654146700] [uav_0.autopilot_sv_cbf_rate_node]: goal_waypoint received: [0.000, 5.500, 0.500] (overrides waypoint_x/y/z params)
[autopilot_sv_cbf_rate_node-3] [INFO] [1788181163.754351433] [uav_0.autopilot_sv_cbf_rate_node]: goal_waypoint received: [0.000, 5.500, 0.500] (overrides waypoint_x/y/z params)
[autopilot_sv_cbf_rate_node-3] [INFO] [1788181163.854262072] [uav_0.autopilot_sv_cbf_rate_node]: goal_waypoint received: [0.000, 5.500, 0.500] (overrides waypoint_x/y/z params)
[autopilot_sv_cbf_rate_node-3] [INFO] [1788181163.954153112] [uav_0.autopilot_sv_cbf_rate_node]: goal_waypoint received: [0.000, 5.500, 0.500] (overrides waypoint_x/y/z params)
[autopilot_sv_cbf_rate_node-3] [INFO] [1788181164.054166753] [uav_0.autopilot_sv_cbf_rate_node]: goal_waypoint received: [0.000, 5.500, 0.500] (overrides waypoint_x/y/z params)
[autopilot_sv_cbf_rate_node-3] [INFO] [1788181164.154215099] [uav_0.autopilot_sv_cbf_rate_node]: goal_waypoint received: [0.000, 5.500, 0.500] (overrides waypoint_x/y/z params)
[autopilot_sv_cbf_rate_node-3] [INFO] [1788181164.254248444] [uav_0.autopilot_sv_cbf_rate_node]: goal_waypoint received: [0.000, 5.500, 0.500] (overrides waypoint_x/y/z params)
[autopilot_sv_cbf_rate_node-3] [INFO] [1788181164.354241890] [uav_0.autopilot_sv_cbf_rate_node]: goal_waypoint received: [0.000, 5.500, 0.500] (overrides waypoint_x/y/z params)
[autopilot_sv_cbf_rate_node-3] [INFO] [1788181164.454133739] [uav_0.autopilot_sv_cbf_rate_node]: goal_waypoint received: [0.000, 5.500, 0.500] (overrides waypoint_x/y/z params)
[autopilot_sv_cbf_rate_node-3] [INFO] [1788181164.510973128] [uav_0.autopilot_sv_cbf_rate_node]: pos=[-8.23 9.14 -0.28]  T=27.847N  omega=[-2.359 -0.685 0.000]  certified=0 uncertified=0  delta=0.0000  gamma=5.000(fixed)  feasible=1
[autopilot_sv_cbf_rate_node-3] [INFO] [1788181164.554096086] [uav_0.autopilot_sv_cbf_rate_node]: goal_waypoint received: [0.000, 5.500, 0.500] (overrides waypoint_x/y/z params)
[autopilot_sv_cbf_rate_node-3] [INFO] [1788181164.654082332] [uav_0.autopilot_sv_cbf_rate_node]: goal_waypoint received: [0.000, 5.500, 0.500] (overrides waypoint_x/y/z params)
[autopilot_sv_cbf_rate_node-3] [INFO] [1788181164.754061379] [uav_0.autopilot_sv_cbf_rate_node]: goal_waypoint received: [0.000, 5.500, 0.500] (overrides waypoint_x/y/z params)
[autopilot_sv_cbf_rate_node-3] [INFO] [1788181164.854121424] [uav_0.autopilot_sv_cbf_rate_node]: goal_waypoint received: [0.000, 5.500, 0.500] (overrides waypoint_x/y/z params)
[autopilot_sv_cbf_rate_node-3] [INFO] [1788181164.954112670] [uav_0.autopilot_sv_cbf_rate_node]: goal_waypoint received: [0.000, 5.500, 0.500] (overrides waypoint_x/y/z params)
[autopilot_sv_cbf_rate_node-3] [INFO] [1788181165.054203119] [uav_0.autopilot_sv_cbf_rate_node]: goal_waypoint received: [0.000, 5.500, 0.500] (overrides waypoint_x/y/z params)
[autopilot_sv_cbf_rate_node-3] [INFO] [1788181165.154130775] [uav_0.autopilot_sv_cbf_rate_node]: goal_waypoint received: [0.000, 5.500, 0.500] (overrides waypoint_x/y/z params)
[autopilot_sv_cbf_rate_node-3] [INFO] [1788181165.254051032] [uav_0.autopilot_sv_cbf_rate_node]: goal_waypoint received: [0.000, 5.500, 0.500] (overrides waypoint_x/y/z params)
[autopilot_sv_cbf_rate_node-3] [INFO] [1788181165.354260182] [uav_0.autopilot_sv_cbf_rate_node]: goal_waypoint received: [0.000, 5.500, 0.500] (overrides waypoint_x/y/z params)
[autopilot_sv_cbf_rate_node-3] [INFO] [1788181165.454080441] [uav_0.autopilot_sv_cbf_rate_node]: goal_waypoint received: [0.000, 5.500, 0.500] (overrides waypoint_x/y/z params)
[autopilot_sv_cbf_rate_node-3] [INFO] [1788181165.510983334] [uav_0.autopilot_sv_cbf_rate_node]: pos=[-8.71 10.26 -0.28]  T=27.540N  omega=[-1.344 -2.611 0.000]  certified=0 uncertified=0  delta=0.0000  gamma=5.000(fixed)  feasible=1
[autopilot_sv_cbf_rate_node-3] [INFO] [1788181165.554255492] [uav_0.autopilot_sv_cbf_rate_node]: goal_waypoint received: [0.000, 5.500, 0.500] (overrides waypoint_x/y/z params)
[autopilot_sv_cbf_rate_node-3] [INFO] [1788181165.654106350] [uav_0.autopilot_sv_cbf_rate_node]: goal_waypoint received: [0.000, 5.500, 0.500] (overrides waypoint_x/y/z params)
[autopilot_sv_cbf_rate_node-3] [INFO] [1788181165.754096505] [uav_0.autopilot_sv_cbf_rate_node]: goal_waypoint received: [0.000, 5.500, 0.500] (overrides waypoint_x/y/z params)
[autopilot_sv_cbf_rate_node-3] [INFO] [1788181165.854168659] [uav_0.autopilot_sv_cbf_rate_node]: goal_waypoint received: [0.000, 5.500, 0.500] (overrides waypoint_x/y/z params)
[autopilot_sv_cbf_rate_node-3] [INFO] [1788181165.954140314] [uav_0.autopilot_sv_cbf_rate_node]: goal_waypoint received: [0.000, 5.500, 0.500] (overrides waypoint_x/y/z params)
[autopilot_sv_cbf_rate_node-3] [INFO] [1788181166.054174773] [uav_0.autopilot_sv_cbf_rate_node]: goal_waypoint received: [0.000, 5.500, 0.500] (overrides waypoint_x/y/z params)
[autopilot_sv_cbf_rate_node-3] [INFO] [1788181166.154107338] [uav_0.autopilot_sv_cbf_rate_node]: goal_waypoint received: [0.000, 5.500, 0.500] (overrides waypoint_x/y/z params)
[autopilot_sv_cbf_rate_node-3] [INFO] [1788181166.254244499] [uav_0.autopilot_sv_cbf_rate_node]: goal_waypoint received: [0.000, 5.500, 0.500] (overrides waypoint_x/y/z params)
[autopilot_sv_cbf_rate_node-3] [INFO] [1788181166.354183964] [uav_0.autopilot_sv_cbf_rate_node]: goal_waypoint received: [0.000, 5.500, 0.500] (overrides waypoint_x/y/z params)
[autopilot_sv_cbf_rate_node-3] [INFO] [1788181166.454130529] [uav_0.autopilot_sv_cbf_rate_node]: goal_waypoint received: [0.000, 5.500, 0.500] (overrides waypoint_x/y/z params)
[autopilot_sv_cbf_rate_node-3] [INFO] [1788181166.510913829] [uav_0.autopilot_sv_cbf_rate_node]: pos=[-9.05 10.45 -0.29]  T=27.660N  omega=[0.412 -0.423 0.000]  certified=0 uncertified=0  delta=0.0000  gamma=5.000(fixed)  feasible=1
[autopilot_sv_cbf_rate_node-3] [INFO] [1788181166.554258090] [uav_0.autopilot_sv_cbf_rate_node]: goal_waypoint received: [0.000, 5.500, 0.500] (overrides waypoint_x/y/z params)
[autopilot_sv_cbf_rate_node-3] [INFO] [1788181166.654201454] [uav_0.autopilot_sv_cbf_rate_node]: goal_waypoint received: [0.000, 5.500, 0.500] (overrides waypoint_x/y/z params)
[autopilot_sv_cbf_rate_node-3] [INFO] [1788181166.754211518] [uav_0.autopilot_sv_cbf_rate_node]: goal_waypoint received: [0.000, 5.500, 0.500] (overrides waypoint_x/y/z params)
[autopilot_sv_cbf_rate_node-3] [INFO] [1788181166.854174882] [uav_0.autopilot_sv_cbf_rate_node]: goal_waypoint received: [0.000, 5.500, 0.500] (overrides waypoint_x/y/z params)
[autopilot_sv_cbf_rate_node-3] [INFO] [1788181166.954193546] [uav_0.autopilot_sv_cbf_rate_node]: goal_waypoint received: [0.000, 5.500, 0.500] (overrides waypoint_x/y/z params)
[autopilot_sv_cbf_rate_node-3] [INFO] [1788181167.054164114] [uav_0.autopilot_sv_cbf_rate_node]: goal_waypoint received: [0.000, 5.500, 0.500] (overrides waypoint_x/y/z params)
[autopilot_sv_cbf_rate_node-3] [INFO] [1788181167.154210486] [uav_0.autopilot_sv_cbf_rate_node]: goal_waypoint received: [0.000, 5.500, 0.500] (overrides waypoint_x/y/z params)
[autopilot_sv_cbf_rate_node-3] [INFO] [1788181167.254210458] [uav_0.autopilot_sv_cbf_rate_node]: goal_waypoint received: [0.000, 5.500, 0.500] (overrides waypoint_x/y/z params)
[autopilot_sv_cbf_rate_node-3] [INFO] [1788181167.354166532] [uav_0.autopilot_sv_cbf_rate_node]: goal_waypoint received: [0.000, 5.500, 0.500] (overrides waypoint_x/y/z params)
[autopilot_sv_cbf_rate_node-3] [INFO] [1788181167.454142204] [uav_0.autopilot_sv_cbf_rate_node]: goal_waypoint received: [0.000, 5.500, 0.500] (overrides waypoint_x/y/z params)
[autopilot_sv_cbf_rate_node-3] [INFO] [1788181167.510976909] [uav_0.autopilot_sv_cbf_rate_node]: pos=[-9.43 9.85 -0.31]  T=27.600N  omega=[-0.432 0.131 0.000]  certified=0 uncertified=0  delta=0.0000  gamma=5.000(fixed)  feasible=1
[autopilot_sv_cbf_rate_node-3] [INFO] [1788181167.554233375] [uav_0.autopilot_sv_cbf_rate_node]: goal_waypoint received: [0.000, 5.500, 0.500] (overrides waypoint_x/y/z params)
[autopilot_sv_cbf_rate_node-3] [INFO] [1788181167.654079550] [uav_0.autopilot_sv_cbf_rate_node]: goal_waypoint received: [0.000, 5.500, 0.500] (overrides waypoint_x/y/z params)
[autopilot_sv_cbf_rate_node-3] [INFO] [1788181167.754075823] [uav_0.autopilot_sv_cbf_rate_node]: goal_waypoint received: [0.000, 5.500, 0.500] (overrides waypoint_x/y/z params)
[autopilot_sv_cbf_rate_node-3] [INFO] [1788181167.854129494] [uav_0.autopilot_sv_cbf_rate_node]: goal_waypoint received: [0.000, 5.500, 0.500] (overrides waypoint_x/y/z params)
[autopilot_sv_cbf_rate_node-3] [INFO] [1788181167.954345462] [uav_0.autopilot_sv_cbf_rate_node]: goal_waypoint received: [0.000, 5.500, 0.500] (overrides waypoint_x/y/z params)
[autopilot_sv_cbf_rate_node-3] [INFO] [1788181168.054047145] [uav_0.autopilot_sv_cbf_rate_node]: goal_waypoint received: [0.000, 5.500, 0.500] (overrides waypoint_x/y/z params)
[autopilot_sv_cbf_rate_node-3] [INFO] [1788181168.154158424] [uav_0.autopilot_sv_cbf_rate_node]: goal_waypoint received: [0.000, 5.500, 0.500] (overrides waypoint_x/y/z params)
[autopilot_sv_cbf_rate_node-3] [INFO] [1788181168.254119806] [uav_0.autopilot_sv_cbf_rate_node]: goal_waypoint received: [0.000, 5.500, 0.500] (overrides waypoint_x/y/z params)
[autopilot_sv_cbf_rate_node-3] [INFO] [1788181168.354152286] [uav_0.autopilot_sv_cbf_rate_node]: goal_waypoint received: [0.000, 5.500, 0.500] (overrides waypoint_x/y/z params)
[autopilot_sv_cbf_rate_node-3] [INFO] [1788181168.454069269] [uav_0.autopilot_sv_cbf_rate_node]: goal_waypoint received: [0.000, 5.500, 0.500] (overrides waypoint_x/y/z params)
[autopilot_sv_cbf_rate_node-3] [INFO] [1788181168.510930778] [uav_0.autopilot_sv_cbf_rate_node]: pos=[-9.73 11.17 -0.29]  T=27.522N  omega=[-2.488 -0.742 0.000]  certified=0 uncertified=0  delta=0.0000  gamma=5.000(fixed)  feasible=1
[autopilot_sv_cbf_rate_node-3] [INFO] [1788181168.554050051] [uav_0.autopilot_sv_cbf_rate_node]: goal_waypoint received: [0.000, 5.500, 0.500] (overrides waypoint_x/y/z params)
[autopilot_sv_cbf_rate_node-3] [INFO] [1788181168.654163130] [uav_0.autopilot_sv_cbf_rate_node]: goal_waypoint received: [0.000, 5.500, 0.500] (overrides waypoint_x/y/z params)
[autopilot_sv_cbf_rate_node-3] [INFO] [1788181168.754075512] [uav_0.autopilot_sv_cbf_rate_node]: goal_waypoint received: [0.000, 5.500, 0.500] (overrides waypoint_x/y/z params)
[autopilot_sv_cbf_rate_node-3] [INFO] [1788181168.854074794] [uav_0.autopilot_sv_cbf_rate_node]: goal_waypoint received: [0.000, 5.500, 0.500] (overrides waypoint_x/y/z params)
[autopilot_sv_cbf_rate_node-3] [INFO] [1788181168.954273815] [uav_0.autopilot_sv_cbf_rate_node]: goal_waypoint received: [0.000, 5.500, 0.500] (overrides waypoint_x/y/z params)
[autopilot_sv_cbf_rate_node-3] [INFO] [1788181169.054140315] [uav_0.autopilot_sv_cbf_rate_node]: goal_waypoint received: [0.000, 5.500, 0.500] (overrides waypoint_x/y/z params)
[autopilot_sv_cbf_rate_node-3] [INFO] [1788181169.154321230] [uav_0.autopilot_sv_cbf_rate_node]: goal_waypoint received: [0.000, 5.500, 0.500] (overrides waypoint_x/y/z params)
[autopilot_sv_cbf_rate_node-3] [INFO] [1788181169.254192034] [uav_0.autopilot_sv_cbf_rate_node]: goal_waypoint received: [0.000, 5.500, 0.500] (overrides waypoint_x/y/z params)
[autopilot_sv_cbf_rate_node-3] [INFO] [1788181169.354234044] [uav_0.autopilot_sv_cbf_rate_node]: goal_waypoint received: [0.000, 5.500, 0.500] (overrides waypoint_x/y/z params)
[autopilot_sv_cbf_rate_node-3] [INFO] [1788181169.454256553] [uav_0.autopilot_sv_cbf_rate_node]: goal_waypoint received: [0.000, 5.500, 0.500] (overrides waypoint_x/y/z params)
[autopilot_sv_cbf_rate_node-3] [INFO] [1788181169.510914598] [uav_0.autopilot_sv_cbf_rate_node]: pos=[-9.24 11.78 -0.28]  T=27.482N  omega=[-2.506 -1.261 0.000]  certified=0 uncertified=0  delta=0.0000  gamma=5.000(fixed)  feasible=1
[autopilot_sv_cbf_rate_node-3] [INFO] [1788181169.554399467] [uav_0.autopilot_sv_cbf_rate_node]: goal_waypoint received: [0.000, 5.500, 0.500] (overrides waypoint_x/y/z params)
[autopilot_sv_cbf_rate_node-3] [INFO] [1788181169.654216469] [uav_0.autopilot_sv_cbf_rate_node]: goal_waypoint received: [0.000, 5.500, 0.500] (overrides waypoint_x/y/z params)
[autopilot_sv_cbf_rate_node-3] [INFO] [1788181169.754122674] [uav_0.autopilot_sv_cbf_rate_node]: goal_waypoint received: [0.000, 5.500, 0.500] (overrides waypoint_x/y/z params)
[autopilot_sv_cbf_rate_node-3] [INFO] [1788181169.854181685] [uav_0.autopilot_sv_cbf_rate_node]: goal_waypoint received: [0.000, 5.500, 0.500] (overrides waypoint_x/y/z params)
[autopilot_sv_cbf_rate_node-3] [INFO] [1788181169.954129292] [uav_0.autopilot_sv_cbf_rate_node]: goal_waypoint received: [0.000, 5.500, 0.500] (overrides waypoint_x/y/z params)
[autopilot_sv_cbf_rate_node-3] [INFO] [1788181170.054145305] [uav_0.autopilot_sv_cbf_rate_node]: goal_waypoint received: [0.000, 5.500, 0.500] (overrides waypoint_x/y/z params)
[autopilot_sv_cbf_rate_node-3] [INFO] [1788181170.154127434] [uav_0.autopilot_sv_cbf_rate_node]: goal_waypoint received: [0.000, 5.500, 0.500] (overrides waypoint_x/y/z params)
[autopilot_sv_cbf_rate_node-3] [INFO] [1788181170.254207160] [uav_0.autopilot_sv_cbf_rate_node]: goal_waypoint received: [0.000, 5.500, 0.500] (overrides waypoint_x/y/z params)
[autopilot_sv_cbf_rate_node-3] [INFO] [1788181170.354081288] [uav_0.autopilot_sv_cbf_rate_node]: goal_waypoint received: [0.000, 5.500, 0.500] (overrides waypoint_x/y/z params)
[autopilot_sv_cbf_rate_node-3] [INFO] [1788181170.454151015] [uav_0.autopilot_sv_cbf_rate_node]: goal_waypoint received: [0.000, 5.500, 0.500] (overrides waypoint_x/y/z params)
[autopilot_sv_cbf_rate_node-3] [INFO] [1788181170.510941205] [uav_0.autopilot_sv_cbf_rate_node]: pos=[-8.19 12.05 -0.28]  T=27.741N  omega=[-2.173 0.130 0.000]  certified=0 uncertified=0  delta=0.0000  gamma=5.000(fixed)  feasible=1
[autopilot_sv_cbf_rate_node-3] [INFO] [1788181170.554055543] [uav_0.autopilot_sv_cbf_rate_node]: goal_waypoint received: [0.000, 5.500, 0.500] (overrides waypoint_x/y/z params)
[autopilot_sv_cbf_rate_node-3] [INFO] [1788181170.654164068] [uav_0.autopilot_sv_cbf_rate_node]: goal_waypoint received: [0.000, 5.500, 0.500] (overrides waypoint_x/y/z params)
[autopilot_sv_cbf_rate_node-3] [INFO] [1788181170.754067296] [uav_0.autopilot_sv_cbf_rate_node]: goal_waypoint received: [0.000, 5.500, 0.500] (overrides waypoint_x/y/z params)
[autopilot_sv_cbf_rate_node-3] [INFO] [1788181170.854152323] [uav_0.autopilot_sv_cbf_rate_node]: goal_waypoint received: [0.000, 5.500, 0.500] (overrides waypoint_x/y/z params)
[autopilot_sv_cbf_rate_node-3] [INFO] [1788181170.954118650] [uav_0.autopilot_sv_cbf_rate_node]: goal_waypoint received: [0.000, 5.500, 0.500] (overrides waypoint_x/y/z params)
[autopilot_sv_cbf_rate_node-3] [INFO] [1788181171.054108881] [uav_0.autopilot_sv_cbf_rate_node]: goal_waypoint received: [0.000, 5.500, 0.500] (overrides waypoint_x/y/z params)
[autopilot_sv_cbf_rate_node-3] [INFO] [1788181171.154102717] [uav_0.autopilot_sv_cbf_rate_node]: goal_waypoint received: [0.000, 5.500, 0.500] (overrides waypoint_x/y/z params)
[autopilot_sv_cbf_rate_node-3] [INFO] [1788181171.254114253] [uav_0.autopilot_sv_cbf_rate_node]: goal_waypoint received: [0.000, 5.500, 0.500] (overrides waypoint_x/y/z params)
[autopilot_sv_cbf_rate_node-3] [INFO] [1788181171.354195587] [uav_0.autopilot_sv_cbf_rate_node]: goal_waypoint received: [0.000, 5.500, 0.500] (overrides waypoint_x/y/z params)
[autopilot_sv_cbf_rate_node-3] [INFO] [1788181171.454154023] [uav_0.autopilot_sv_cbf_rate_node]: goal_waypoint received: [0.000, 5.500, 0.500] (overrides waypoint_x/y/z params)
[autopilot_sv_cbf_rate_node-3] [INFO] [1788181171.510960619] [uav_0.autopilot_sv_cbf_rate_node]: pos=[-7.71 11.31 -0.28]  T=27.734N  omega=[-2.370 -0.406 0.000]  certified=0 uncertified=0  delta=0.0000  gamma=5.000(fixed)  feasible=1
[autopilot_sv_cbf_rate_node-3] [INFO] [1788181171.554109459] [uav_0.autopilot_sv_cbf_rate_node]: goal_waypoint received: [0.000, 5.500, 0.500] (overrides waypoint_x/y/z params)
[autopilot_sv_cbf_rate_node-3] [INFO] [1788181171.654169894] [uav_0.autopilot_sv_cbf_rate_node]: goal_waypoint received: [0.000, 5.500, 0.500] (overrides waypoint_x/y/z params)
[autopilot_sv_cbf_rate_node-3] [INFO] [1788181171.754178030] [uav_0.autopilot_sv_cbf_rate_node]: goal_waypoint received: [0.000, 5.500, 0.500] (overrides waypoint_x/y/z params)
[autopilot_sv_cbf_rate_node-3] [INFO] [1788181171.854065967] [uav_0.autopilot_sv_cbf_rate_node]: goal_waypoint received: [0.000, 5.500, 0.500] (overrides waypoint_x/y/z params)
[autopilot_sv_cbf_rate_node-3] [INFO] [1788181171.954147502] [uav_0.autopilot_sv_cbf_rate_node]: goal_waypoint received: [0.000, 5.500, 0.500] (overrides waypoint_x/y/z params)
[autopilot_sv_cbf_rate_node-3] [INFO] [1788181172.054142742] [uav_0.autopilot_sv_cbf_rate_node]: goal_waypoint received: [0.000, 5.500, 0.500] (overrides waypoint_x/y/z params)
[autopilot_sv_cbf_rate_node-3] [INFO] [1788181172.154120486] [uav_0.autopilot_sv_cbf_rate_node]: goal_waypoint received: [0.000, 5.500, 0.500] (overrides waypoint_x/y/z params)
[autopilot_sv_cbf_rate_node-3] [INFO] [1788181172.254247529] [uav_0.autopilot_sv_cbf_rate_node]: goal_waypoint received: [0.000, 5.500, 0.500] (overrides waypoint_x/y/z params)
[autopilot_sv_cbf_rate_node-3] [INFO] [1788181172.354339872] [uav_0.autopilot_sv_cbf_rate_node]: goal_waypoint received: [0.000, 5.500, 0.500] (overrides waypoint_x/y/z params)
[autopilot_sv_cbf_rate_node-3] [INFO] [1788181172.454160019] [uav_0.autopilot_sv_cbf_rate_node]: goal_waypoint received: [0.000, 5.500, 0.500] (overrides waypoint_x/y/z params)
[autopilot_sv_cbf_rate_node-3] [INFO] [1788181172.510862020] [uav_0.autopilot_sv_cbf_rate_node]: pos=[-6.45 11.53 -0.30]  T=28.128N  omega=[-2.574 -0.455 0.000]  certified=0 uncertified=0  delta=0.0000  gamma=5.000(fixed)  feasible=1
[autopilot_sv_cbf_rate_node-3] [INFO] [1788181172.554154063] [uav_0.autopilot_sv_cbf_rate_node]: goal_waypoint received: [0.000, 5.500, 0.500] (overrides waypoint_x/y/z params)
[autopilot_sv_cbf_rate_node-3] [INFO] [1788181172.654254706] [uav_0.autopilot_sv_cbf_rate_node]: goal_waypoint received: [0.000, 5.500, 0.500] (overrides waypoint_x/y/z params)
[autopilot_sv_cbf_rate_node-3] [INFO] [1788181172.754150552] [uav_0.autopilot_sv_cbf_rate_node]: goal_waypoint received: [0.000, 5.500, 0.500] (overrides waypoint_x/y/z params)
[autopilot_sv_cbf_rate_node-3] [INFO] [1788181172.854063597] [uav_0.autopilot_sv_cbf_rate_node]: goal_waypoint received: [0.000, 5.500, 0.500] (overrides waypoint_x/y/z params)
[autopilot_sv_cbf_rate_node-3] [INFO] [1788181172.954290939] [uav_0.autopilot_sv_cbf_rate_node]: goal_waypoint received: [0.000, 5.500, 0.500] (overrides waypoint_x/y/z params)
[autopilot_sv_cbf_rate_node-3] [INFO] [1788181173.054104289] [uav_0.autopilot_sv_cbf_rate_node]: goal_waypoint received: [0.000, 5.500, 0.500] (overrides waypoint_x/y/z params)
[autopilot_sv_cbf_rate_node-3] [INFO] [1788181173.154089542] [uav_0.autopilot_sv_cbf_rate_node]: goal_waypoint received: [0.000, 5.500, 0.500] (overrides waypoint_x/y/z params)
[autopilot_sv_cbf_rate_node-3] [INFO] [1788181173.254137695] [uav_0.autopilot_sv_cbf_rate_node]: goal_waypoint received: [0.000, 5.500, 0.500] (overrides waypoint_x/y/z params)
[autopilot_sv_cbf_rate_node-3] [INFO] [1788181173.354125648] [uav_0.autopilot_sv_cbf_rate_node]: goal_waypoint received: [0.000, 5.500, 0.500] (overrides waypoint_x/y/z params)
[autopilot_sv_cbf_rate_node-3] [INFO] [1788181173.454086701] [uav_0.autopilot_sv_cbf_rate_node]: goal_waypoint received: [0.000, 5.500, 0.500] (overrides waypoint_x/y/z params)
[autopilot_sv_cbf_rate_node-3] [INFO] [1788181173.510912406] [uav_0.autopilot_sv_cbf_rate_node]: pos=[-6.07 11.51 -0.31]  T=27.975N  omega=[-0.265 0.300 0.000]  certified=0 uncertified=0  delta=0.0000  gamma=5.000(fixed)  feasible=1
[autopilot_sv_cbf_rate_node-3] [INFO] [1788181173.554145253] [uav_0.autopilot_sv_cbf_rate_node]: goal_waypoint received: [0.000, 5.500, 0.500] (overrides waypoint_x/y/z params)
[autopilot_sv_cbf_rate_node-3] [INFO] [1788181173.654057907] [uav_0.autopilot_sv_cbf_rate_node]: goal_waypoint received: [0.000, 5.500, 0.500] (overrides waypoint_x/y/z params)
[autopilot_sv_cbf_rate_node-3] [INFO] [1788181173.754202259] [uav_0.autopilot_sv_cbf_rate_node]: goal_waypoint received: [0.000, 5.500, 0.500] (overrides waypoint_x/y/z params)
[autopilot_sv_cbf_rate_node-3] [INFO] [1788181173.854147512] [uav_0.autopilot_sv_cbf_rate_node]: goal_waypoint received: [0.000, 5.500, 0.500] (overrides waypoint_x/y/z params)
[autopilot_sv_cbf_rate_node-3] [INFO] [1788181173.954089766] [uav_0.autopilot_sv_cbf_rate_node]: goal_waypoint received: [0.000, 5.500, 0.500] (overrides waypoint_x/y/z params)
[autopilot_sv_cbf_rate_node-3] [INFO] [1788181174.054146522] [uav_0.autopilot_sv_cbf_rate_node]: goal_waypoint received: [0.000, 5.500, 0.500] (overrides waypoint_x/y/z params)
[autopilot_sv_cbf_rate_node-3] [INFO] [1788181174.154072585] [uav_0.autopilot_sv_cbf_rate_node]: goal_waypoint received: [0.000, 5.500, 0.500] (overrides waypoint_x/y/z params)
[autopilot_sv_cbf_rate_node-3] [INFO] [1788181174.254083446] [uav_0.autopilot_sv_cbf_rate_node]: goal_waypoint received: [0.000, 5.500, 0.500] (overrides waypoint_x/y/z params)
[autopilot_sv_cbf_rate_node-3] [INFO] [1788181174.354078408] [uav_0.autopilot_sv_cbf_rate_node]: goal_waypoint received: [0.000, 5.500, 0.500] (overrides waypoint_x/y/z params)
[autopilot_sv_cbf_rate_node-3] [INFO] [1788181174.454118469] [uav_0.autopilot_sv_cbf_rate_node]: goal_waypoint received: [0.000, 5.500, 0.500] (overrides waypoint_x/y/z params)
[autopilot_sv_cbf_rate_node-3] [INFO] [1788181174.510896679] [uav_0.autopilot_sv_cbf_rate_node]: pos=[-6.33 11.42 -0.32]  T=27.902N  omega=[0.067 -1.896 0.000]  certified=0 uncertified=0  delta=0.0000  gamma=5.000(fixed)  feasible=1
[autopilot_sv_cbf_rate_node-3] [INFO] [1788181174.554103430] [uav_0.autopilot_sv_cbf_rate_node]: goal_waypoint received: [0.000, 5.500, 0.500] (overrides waypoint_x/y/z params)
[autopilot_sv_cbf_rate_node-3] [INFO] [1788181174.654139192] [uav_0.autopilot_sv_cbf_rate_node]: goal_waypoint received: [0.000, 5.500, 0.500] (overrides waypoint_x/y/z params)
[autopilot_sv_cbf_rate_node-3] [INFO] [1788181174.754225552] [uav_0.autopilot_sv_cbf_rate_node]: goal_waypoint received: [0.000, 5.500, 0.500] (overrides waypoint_x/y/z params)
[autopilot_sv_cbf_rate_node-3] [INFO] [1788181174.854118315] [uav_0.autopilot_sv_cbf_rate_node]: goal_waypoint received: [0.000, 5.500, 0.500] (overrides waypoint_x/y/z params)
[autopilot_sv_cbf_rate_node-3] [INFO] [1788181174.954249375] [uav_0.autopilot_sv_cbf_rate_node]: goal_waypoint received: [0.000, 5.500, 0.500] (overrides waypoint_x/y/z params)
[autopilot_sv_cbf_rate_node-3] [INFO] [1788181175.056131822] [uav_0.autopilot_sv_cbf_rate_node]: goal_waypoint received: [0.000, 5.500, 0.500] (overrides waypoint_x/y/z params)
[autopilot_sv_cbf_rate_node-3] [INFO] [1788181175.154280911] [uav_0.autopilot_sv_cbf_rate_node]: goal_waypoint received: [0.000, 5.500, 0.500] (overrides waypoint_x/y/z params)
[autopilot_sv_cbf_rate_node-3] [INFO] [1788181175.254548878] [uav_0.autopilot_sv_cbf_rate_node]: goal_waypoint received: [0.000, 5.500, 0.500] (overrides waypoint_x/y/z params)
[autopilot_sv_cbf_rate_node-3] [INFO] [1788181175.354231051] [uav_0.autopilot_sv_cbf_rate_node]: goal_waypoint received: [0.000, 5.500, 0.500] (overrides waypoint_x/y/z params)
[autopilot_sv_cbf_rate_node-3] [INFO] [1788181175.454203622] [uav_0.autopilot_sv_cbf_rate_node]: goal_waypoint received: [0.000, 5.500, 0.500] (overrides waypoint_x/y/z params)
[autopilot_sv_cbf_rate_node-3] [INFO] [1788181175.510948837] [uav_0.autopilot_sv_cbf_rate_node]: pos=[-6.60 11.24 -0.30]  T=27.854N  omega=[-0.100 0.107 0.000]  certified=0 uncertified=0  delta=0.0000  gamma=5.000(fixed)  feasible=1
[autopilot_sv_cbf_rate_node-3] [INFO] [1788181175.554136393] [uav_0.autopilot_sv_cbf_rate_node]: goal_waypoint received: [0.000, 5.500, 0.500] (overrides waypoint_x/y/z params)
[autopilot_sv_cbf_rate_node-3] [INFO] [1788181175.654226162] [uav_0.autopilot_sv_cbf_rate_node]: goal_waypoint received: [0.000, 5.500, 0.500] (overrides waypoint_x/y/z params)
[autopilot_sv_cbf_rate_node-3] [INFO] [1788181175.754325631] [uav_0.autopilot_sv_cbf_rate_node]: goal_waypoint received: [0.000, 5.500, 0.500] (overrides waypoint_x/y/z params)
[autopilot_sv_cbf_rate_node-3] [INFO] [1788181175.854150103] [uav_0.autopilot_sv_cbf_rate_node]: goal_waypoint received: [0.000, 5.500, 0.500] (overrides waypoint_x/y/z params)
[autopilot_sv_cbf_rate_node-3] [INFO] [1788181175.954146773] [uav_0.autopilot_sv_cbf_rate_node]: goal_waypoint received: [0.000, 5.500, 0.500] (overrides waypoint_x/y/z params)
[autopilot_sv_cbf_rate_node-3] [INFO] [1788181176.054079548] [uav_0.autopilot_sv_cbf_rate_node]: goal_waypoint received: [0.000, 5.500, 0.500] (overrides waypoint_x/y/z params)
[autopilot_sv_cbf_rate_node-3] [INFO] [1788181176.154178326] [uav_0.autopilot_sv_cbf_rate_node]: goal_waypoint received: [0.000, 5.500, 0.500] (overrides waypoint_x/y/z params)
[autopilot_sv_cbf_rate_node-3] [INFO] [1788181176.254135805] [uav_0.autopilot_sv_cbf_rate_node]: goal_waypoint received: [0.000, 5.500, 0.500] (overrides waypoint_x/y/z params)
[autopilot_sv_cbf_rate_node-3] [INFO] [1788181176.354067584] [uav_0.autopilot_sv_cbf_rate_node]: goal_waypoint received: [0.000, 5.500, 0.500] (overrides waypoint_x/y/z params)
[autopilot_sv_cbf_rate_node-3] [INFO] [1788181176.454225162] [uav_0.autopilot_sv_cbf_rate_node]: goal_waypoint received: [0.000, 5.500, 0.500] (overrides waypoint_x/y/z params)
[autopilot_sv_cbf_rate_node-3] [INFO] [1788181176.510899083] [uav_0.autopilot_sv_cbf_rate_node]: pos=[-5.32 11.41 -0.29]  T=28.228N  omega=[0.324 -1.056 0.000]  certified=0 uncertified=0  delta=0.0000  gamma=5.000(fixed)  feasible=1
[autopilot_sv_cbf_rate_node-3] [INFO] [1788181176.554068042] [uav_0.autopilot_sv_cbf_rate_node]: goal_waypoint received: [0.000, 5.500, 0.500] (overrides waypoint_x/y/z params)
[autopilot_sv_cbf_rate_node-3] [INFO] [1788181176.654194519] [uav_0.autopilot_sv_cbf_rate_node]: goal_waypoint received: [0.000, 5.500, 0.500] (overrides waypoint_x/y/z params)
[autopilot_sv_cbf_rate_node-3] [INFO] [1788181176.754192298] [uav_0.autopilot_sv_cbf_rate_node]: goal_waypoint received: [0.000, 5.500, 0.500] (overrides waypoint_x/y/z params)
[autopilot_sv_cbf_rate_node-3] [INFO] [1788181176.854086478] [uav_0.autopilot_sv_cbf_rate_node]: goal_waypoint received: [0.000, 5.500, 0.500] (overrides waypoint_x/y/z params)
[autopilot_sv_cbf_rate_node-3] [INFO] [1788181176.954088886] [uav_0.autopilot_sv_cbf_rate_node]: goal_waypoint received: [0.000, 5.500, 0.500] (overrides waypoint_x/y/z params)
[autopilot_sv_cbf_rate_node-3] [INFO] [1788181177.054088806] [uav_0.autopilot_sv_cbf_rate_node]: goal_waypoint received: [0.000, 5.500, 0.500] (overrides waypoint_x/y/z params)
[autopilot_sv_cbf_rate_node-3] [INFO] [1788181177.154078629] [uav_0.autopilot_sv_cbf_rate_node]: goal_waypoint received: [0.000, 5.500, 0.500] (overrides waypoint_x/y/z params)
[autopilot_sv_cbf_rate_node-3] [INFO] [1788181177.254201950] [uav_0.autopilot_sv_cbf_rate_node]: goal_waypoint received: [0.000, 5.500, 0.500] (overrides waypoint_x/y/z params)
[autopilot_sv_cbf_rate_node-3] [INFO] [1788181177.354070477] [uav_0.autopilot_sv_cbf_rate_node]: goal_waypoint received: [0.000, 5.500, 0.500] (overrides waypoint_x/y/z params)
[autopilot_sv_cbf_rate_node-3] [INFO] [1788181177.454112400] [uav_0.autopilot_sv_cbf_rate_node]: goal_waypoint received: [0.000, 5.500, 0.500] (overrides waypoint_x/y/z params)
[autopilot_sv_cbf_rate_node-3] [INFO] [1788181177.510860765] [uav_0.autopilot_sv_cbf_rate_node]: pos=[-6.00 10.57 -0.29]  T=27.997N  omega=[0.624 -0.927 0.000]  certified=1 uncertified=0  delta=0.0000  gamma=5.000(fixed)  feasible=1
[autopilot_sv_cbf_rate_node-3] [INFO] [1788181177.554149922] [uav_0.autopilot_sv_cbf_rate_node]: goal_waypoint received: [0.000, 5.500, 0.500] (overrides waypoint_x/y/z params)
[autopilot_sv_cbf_rate_node-3] [INFO] [1788181177.654108647] [uav_0.autopilot_sv_cbf_rate_node]: goal_waypoint received: [0.000, 5.500, 0.500] (overrides waypoint_x/y/z params)
[autopilot_sv_cbf_rate_node-3] [INFO] [1788181177.754140170] [uav_0.autopilot_sv_cbf_rate_node]: goal_waypoint received: [0.000, 5.500, 0.500] (overrides waypoint_x/y/z params)
[autopilot_sv_cbf_rate_node-3] [INFO] [1788181177.854173093] [uav_0.autopilot_sv_cbf_rate_node]: goal_waypoint received: [0.000, 5.500, 0.500] (overrides waypoint_x/y/z params)
[autopilot_sv_cbf_rate_node-3] [INFO] [1788181177.954152717] [uav_0.autopilot_sv_cbf_rate_node]: goal_waypoint received: [0.000, 5.500, 0.500] (overrides waypoint_x/y/z params)
[autopilot_sv_cbf_rate_node-3] [INFO] [1788181178.054247843] [uav_0.autopilot_sv_cbf_rate_node]: goal_waypoint received: [0.000, 5.500, 0.500] (overrides waypoint_x/y/z params)
[autopilot_sv_cbf_rate_node-3] [INFO] [1788181178.154364173] [uav_0.autopilot_sv_cbf_rate_node]: goal_waypoint received: [0.000, 5.500, 0.500] (overrides waypoint_x/y/z params)
[autopilot_sv_cbf_rate_node-3] [INFO] [1788181178.254138410] [uav_0.autopilot_sv_cbf_rate_node]: goal_waypoint received: [0.000, 5.500, 0.500] (overrides waypoint_x/y/z params)
[autopilot_sv_cbf_rate_node-3] [INFO] [1788181178.354173041] [uav_0.autopilot_sv_cbf_rate_node]: goal_waypoint received: [0.000, 5.500, 0.500] (overrides waypoint_x/y/z params)
[autopilot_sv_cbf_rate_node-3] [INFO] [1788181178.454182673] [uav_0.autopilot_sv_cbf_rate_node]: goal_waypoint received: [0.000, 5.500, 0.500] (overrides waypoint_x/y/z params)
[autopilot_sv_cbf_rate_node-3] [INFO] [1788181178.510823545] [uav_0.autopilot_sv_cbf_rate_node]: pos=[-6.82 9.77 -0.29]  T=27.932N  omega=[-2.222 -1.751 0.000]  certified=1 uncertified=0  delta=0.0000  gamma=5.000(fixed)  feasible=1
[autopilot_sv_cbf_rate_node-3] [INFO] [1788181178.554221104] [uav_0.autopilot_sv_cbf_rate_node]: goal_waypoint received: [0.000, 5.500, 0.500] (overrides waypoint_x/y/z params)
[autopilot_sv_cbf_rate_node-3] [INFO] [1788181178.654097539] [uav_0.autopilot_sv_cbf_rate_node]: goal_waypoint received: [0.000, 5.500, 0.500] (overrides waypoint_x/y/z params)
[autopilot_sv_cbf_rate_node-3] [INFO] [1788181178.754101271] [uav_0.autopilot_sv_cbf_rate_node]: goal_waypoint received: [0.000, 5.500, 0.500] (overrides waypoint_x/y/z params)
[autopilot_sv_cbf_rate_node-3] [INFO] [1788181178.854084204] [uav_0.autopilot_sv_cbf_rate_node]: goal_waypoint received: [0.000, 5.500, 0.500] (overrides waypoint_x/y/z params)
[autopilot_sv_cbf_rate_node-3] [INFO] [1788181178.954120035] [uav_0.autopilot_sv_cbf_rate_node]: goal_waypoint received: [0.000, 5.500, 0.500] (overrides waypoint_x/y/z params)
[autopilot_sv_cbf_rate_node-3] [INFO] [1788181179.054146371] [uav_0.autopilot_sv_cbf_rate_node]: goal_waypoint received: [0.000, 5.500, 0.500] (overrides waypoint_x/y/z params)
[autopilot_sv_cbf_rate_node-3] [INFO] [1788181179.154071414] [uav_0.autopilot_sv_cbf_rate_node]: goal_waypoint received: [0.000, 5.500, 0.500] (overrides waypoint_x/y/z params)
[autopilot_sv_cbf_rate_node-3] [INFO] [1788181179.254067555] [uav_0.autopilot_sv_cbf_rate_node]: goal_waypoint received: [0.000, 5.500, 0.500] (overrides waypoint_x/y/z params)
[autopilot_sv_cbf_rate_node-3] [INFO] [1788181179.354137694] [uav_0.autopilot_sv_cbf_rate_node]: goal_waypoint received: [0.000, 5.500, 0.500] (overrides waypoint_x/y/z params)
[autopilot_sv_cbf_rate_node-3] [INFO] [1788181179.454118241] [uav_0.autopilot_sv_cbf_rate_node]: goal_waypoint received: [0.000, 5.500, 0.500] (overrides waypoint_x/y/z params)
[autopilot_sv_cbf_rate_node-3] [INFO] [1788181179.510893934] [uav_0.autopilot_sv_cbf_rate_node]: pos=[-7.54 9.20 -0.28]  T=27.816N  omega=[0.198 -2.469 0.000]  certified=1 uncertified=0  delta=0.0000  gamma=5.000(fixed)  feasible=1
[autopilot_sv_cbf_rate_node-3] [INFO] [1788181179.554062372] [uav_0.autopilot_sv_cbf_rate_node]: goal_waypoint received: [0.000, 5.500, 0.500] (overrides waypoint_x/y/z params)
[autopilot_sv_cbf_rate_node-3] [INFO] [1788181179.654094802] [uav_0.autopilot_sv_cbf_rate_node]: goal_waypoint received: [0.000, 5.500, 0.500] (overrides waypoint_x/y/z params)
[autopilot_sv_cbf_rate_node-3] [INFO] [1788181179.754168131] [uav_0.autopilot_sv_cbf_rate_node]: goal_waypoint received: [0.000, 5.500, 0.500] (overrides waypoint_x/y/z params)
[autopilot_sv_cbf_rate_node-3] [INFO] [1788181179.854127762] [uav_0.autopilot_sv_cbf_rate_node]: goal_waypoint received: [0.000, 5.500, 0.500] (overrides waypoint_x/y/z params)
[autopilot_sv_cbf_rate_node-3] [INFO] [1788181179.954073093] [uav_0.autopilot_sv_cbf_rate_node]: goal_waypoint received: [0.000, 5.500, 0.500] (overrides waypoint_x/y/z params)
[autopilot_sv_cbf_rate_node-3] [INFO] [1788181180.054084227] [uav_0.autopilot_sv_cbf_rate_node]: goal_waypoint received: [0.000, 5.500, 0.500] (overrides waypoint_x/y/z params)
[autopilot_sv_cbf_rate_node-3] [INFO] [1788181180.154145065] [uav_0.autopilot_sv_cbf_rate_node]: goal_waypoint received: [0.000, 5.500, 0.500] (overrides waypoint_x/y/z params)
[autopilot_sv_cbf_rate_node-3] [INFO] [1788181180.254097105] [uav_0.autopilot_sv_cbf_rate_node]: goal_waypoint received: [0.000, 5.500, 0.500] (overrides waypoint_x/y/z params)
[autopilot_sv_cbf_rate_node-3] [INFO] [1788181180.354102343] [uav_0.autopilot_sv_cbf_rate_node]: goal_waypoint received: [0.000, 5.500, 0.500] (overrides waypoint_x/y/z params)
[autopilot_sv_cbf_rate_node-3] [INFO] [1788181180.454104382] [uav_0.autopilot_sv_cbf_rate_node]: goal_waypoint received: [0.000, 5.500, 0.500] (overrides waypoint_x/y/z params)
[autopilot_sv_cbf_rate_node-3] [INFO] [1788181180.510805880] [uav_0.autopilot_sv_cbf_rate_node]: pos=[-7.42 9.29 -0.29]  T=27.987N  omega=[-1.184 -2.611 0.000]  certified=1 uncertified=0  delta=0.0000  gamma=5.000(fixed)  feasible=1
[autopilot_sv_cbf_rate_node-3] [INFO] [1788181180.554074721] [uav_0.autopilot_sv_cbf_rate_node]: goal_waypoint received: [0.000, 5.500, 0.500] (overrides waypoint_x/y/z params)
[autopilot_sv_cbf_rate_node-3] [INFO] [1788181180.654142459] [uav_0.autopilot_sv_cbf_rate_node]: goal_waypoint received: [0.000, 5.500, 0.500] (overrides waypoint_x/y/z params)
[autopilot_sv_cbf_rate_node-3] [INFO] [1788181180.754351696] [uav_0.autopilot_sv_cbf_rate_node]: goal_waypoint received: [0.000, 5.500, 0.500] (overrides waypoint_x/y/z params)
[autopilot_sv_cbf_rate_node-3] [INFO] [1788181180.854201236] [uav_0.autopilot_sv_cbf_rate_node]: goal_waypoint received: [0.000, 5.500, 0.500] (overrides waypoint_x/y/z params)
[autopilot_sv_cbf_rate_node-3] [INFO] [1788181180.954175575] [uav_0.autopilot_sv_cbf_rate_node]: goal_waypoint received: [0.000, 5.500, 0.500] (overrides waypoint_x/y/z params)
[autopilot_sv_cbf_rate_node-3] [INFO] [1788181181.054320917] [uav_0.autopilot_sv_cbf_rate_node]: goal_waypoint received: [0.000, 5.500, 0.500] (overrides waypoint_x/y/z params)
[autopilot_sv_cbf_rate_node-3] [INFO] [1788181181.154176166] [uav_0.autopilot_sv_cbf_rate_node]: goal_waypoint received: [0.000, 5.500, 0.500] (overrides waypoint_x/y/z params)
[autopilot_sv_cbf_rate_node-3] [INFO] [1788181181.254177113] [uav_0.autopilot_sv_cbf_rate_node]: goal_waypoint received: [0.000, 5.500, 0.500] (overrides waypoint_x/y/z params)
[autopilot_sv_cbf_rate_node-3] [INFO] [1788181181.354149460] [uav_0.autopilot_sv_cbf_rate_node]: goal_waypoint received: [0.000, 5.500, 0.500] (overrides waypoint_x/y/z params)
[autopilot_sv_cbf_rate_node-3] [INFO] [1788181181.454137408] [uav_0.autopilot_sv_cbf_rate_node]: goal_waypoint received: [0.000, 5.500, 0.500] (overrides waypoint_x/y/z params)
[autopilot_sv_cbf_rate_node-3] [INFO] [1788181181.510827011] [uav_0.autopilot_sv_cbf_rate_node]: pos=[-6.72 10.03 -0.28]  T=27.879N  omega=[-0.368 -2.436 0.000]  certified=1 uncertified=0  delta=0.0000  gamma=5.000(fixed)  feasible=1
[autopilot_sv_cbf_rate_node-3] [INFO] [1788181181.554218854] [uav_0.autopilot_sv_cbf_rate_node]: goal_waypoint received: [0.000, 5.500, 0.500] (overrides waypoint_x/y/z params)
[autopilot_sv_cbf_rate_node-3] [INFO] [1788181181.654215902] [uav_0.autopilot_sv_cbf_rate_node]: goal_waypoint received: [0.000, 5.500, 0.500] (overrides waypoint_x/y/z params)
[autopilot_sv_cbf_rate_node-3] [INFO] [1788181181.754139550] [uav_0.autopilot_sv_cbf_rate_node]: goal_waypoint received: [0.000, 5.500, 0.500] (overrides waypoint_x/y/z params)
[autopilot_sv_cbf_rate_node-3] [INFO] [1788181181.854260196] [uav_0.autopilot_sv_cbf_rate_node]: goal_waypoint received: [0.000, 5.500, 0.500] (overrides waypoint_x/y/z params)
[autopilot_sv_cbf_rate_node-3] [INFO] [1788181181.954171144] [uav_0.autopilot_sv_cbf_rate_node]: goal_waypoint received: [0.000, 5.500, 0.500] (overrides waypoint_x/y/z params)
[autopilot_sv_cbf_rate_node-3] [INFO] [1788181182.054246295] [uav_0.autopilot_sv_cbf_rate_node]: goal_waypoint received: [0.000, 5.500, 0.500] (overrides waypoint_x/y/z params)
[autopilot_sv_cbf_rate_node-3] [INFO] [1788181182.154262950] [uav_0.autopilot_sv_cbf_rate_node]: goal_waypoint received: [0.000, 5.500, 0.500] (overrides waypoint_x/y/z params)
[autopilot_sv_cbf_rate_node-3] [INFO] [1788181182.254116507] [uav_0.autopilot_sv_cbf_rate_node]: goal_waypoint received: [0.000, 5.500, 0.500] (overrides waypoint_x/y/z params)
[autopilot_sv_cbf_rate_node-3] [INFO] [1788181182.354092463] [uav_0.autopilot_sv_cbf_rate_node]: goal_waypoint received: [0.000, 5.500, 0.500] (overrides waypoint_x/y/z params)
[autopilot_sv_cbf_rate_node-3] [INFO] [1788181182.454077919] [uav_0.autopilot_sv_cbf_rate_node]: goal_waypoint received: [0.000, 5.500, 0.500] (overrides waypoint_x/y/z params)
[autopilot_sv_cbf_rate_node-3] [INFO] [1788181182.510754828] [uav_0.autopilot_sv_cbf_rate_node]: pos=[-8.14 10.14 -0.25]  T=27.624N  omega=[0.677 -1.830 0.000]  certified=0 uncertified=0  delta=0.0000  gamma=5.000(fixed)  feasible=1
[autopilot_sv_cbf_rate_node-3] [INFO] [1788181182.554184574] [uav_0.autopilot_sv_cbf_rate_node]: goal_waypoint received: [0.000, 5.500, 0.500] (overrides waypoint_x/y/z params)
[autopilot_sv_cbf_rate_node-3] [INFO] [1788181182.654091531] [uav_0.autopilot_sv_cbf_rate_node]: goal_waypoint received: [0.000, 5.500, 0.500] (overrides waypoint_x/y/z params)
[autopilot_sv_cbf_rate_node-3] [INFO] [1788181182.754116286] [uav_0.autopilot_sv_cbf_rate_node]: goal_waypoint received: [0.000, 5.500, 0.500] (overrides waypoint_x/y/z params)
[autopilot_sv_cbf_rate_node-3] [INFO] [1788181182.854167241] [uav_0.autopilot_sv_cbf_rate_node]: goal_waypoint received: [0.000, 5.500, 0.500] (overrides waypoint_x/y/z params)
[autopilot_sv_cbf_rate_node-3] [INFO] [1788181182.954110898] [uav_0.autopilot_sv_cbf_rate_node]: goal_waypoint received: [0.000, 5.500, 0.500] (overrides waypoint_x/y/z params)
[autopilot_sv_cbf_rate_node-3] [INFO] [1788181183.054466054] [uav_0.autopilot_sv_cbf_rate_node]: goal_waypoint received: [0.000, 5.500, 0.500] (overrides waypoint_x/y/z params)
[autopilot_sv_cbf_rate_node-3] [INFO] [1788181183.154120122] [uav_0.autopilot_sv_cbf_rate_node]: goal_waypoint received: [0.000, 5.500, 0.500] (overrides waypoint_x/y/z params)
[autopilot_sv_cbf_rate_node-3] [INFO] [1788181183.254057387] [uav_0.autopilot_sv_cbf_rate_node]: goal_waypoint received: [0.000, 5.500, 0.500] (overrides waypoint_x/y/z params)
[autopilot_sv_cbf_rate_node-3] [INFO] [1788181183.354048751] [uav_0.autopilot_sv_cbf_rate_node]: goal_waypoint received: [0.000, 5.500, 0.500] (overrides waypoint_x/y/z params)
[autopilot_sv_cbf_rate_node-3] [INFO] [1788181183.454085715] [uav_0.autopilot_sv_cbf_rate_node]: goal_waypoint received: [0.000, 5.500, 0.500] (overrides waypoint_x/y/z params)
[autopilot_sv_cbf_rate_node-3] [INFO] [1788181183.510797628] [uav_0.autopilot_sv_cbf_rate_node]: pos=[-8.40 10.45 -0.26]  T=27.475N  omega=[-1.497 -2.518 0.000]  certified=0 uncertified=0  delta=0.0000  gamma=5.000(fixed)  feasible=1
[autopilot_sv_cbf_rate_node-3] [INFO] [1788181183.554097279] [uav_0.autopilot_sv_cbf_rate_node]: goal_waypoint received: [0.000, 5.500, 0.500] (overrides waypoint_x/y/z params)
[autopilot_sv_cbf_rate_node-3] [INFO] [1788181183.654213642] [uav_0.autopilot_sv_cbf_rate_node]: goal_waypoint received: [0.000, 5.500, 0.500] (overrides waypoint_x/y/z params)
[autopilot_sv_cbf_rate_node-3] [INFO] [1788181183.754083008] [uav_0.autopilot_sv_cbf_rate_node]: goal_waypoint received: [0.000, 5.500, 0.500] (overrides waypoint_x/y/z params)
[autopilot_sv_cbf_rate_node-3] [INFO] [1788181183.854178371] [uav_0.autopilot_sv_cbf_rate_node]: goal_waypoint received: [0.000, 5.500, 0.500] (overrides waypoint_x/y/z params)
[autopilot_sv_cbf_rate_node-3] [INFO] [1788181183.954073936] [uav_0.autopilot_sv_cbf_rate_node]: goal_waypoint received: [0.000, 5.500, 0.500] (overrides waypoint_x/y/z params)
[autopilot_sv_cbf_rate_node-3] [INFO] [1788181184.054077405] [uav_0.autopilot_sv_cbf_rate_node]: goal_waypoint received: [0.000, 5.500, 0.500] (overrides waypoint_x/y/z params)
[autopilot_sv_cbf_rate_node-3] [INFO] [1788181184.154090177] [uav_0.autopilot_sv_cbf_rate_node]: goal_waypoint received: [0.000, 5.500, 0.500] (overrides waypoint_x/y/z params)
[autopilot_sv_cbf_rate_node-3] [INFO] [1788181184.254143449] [uav_0.autopilot_sv_cbf_rate_node]: goal_waypoint received: [0.000, 5.500, 0.500] (overrides waypoint_x/y/z params)
[autopilot_sv_cbf_rate_node-3] [INFO] [1788181184.354216921] [uav_0.autopilot_sv_cbf_rate_node]: goal_waypoint received: [0.000, 5.500, 0.500] (overrides waypoint_x/y/z params)
[autopilot_sv_cbf_rate_node-3] [INFO] [1788181184.454262193] [uav_0.autopilot_sv_cbf_rate_node]: goal_waypoint received: [0.000, 5.500, 0.500] (overrides waypoint_x/y/z params)
[autopilot_sv_cbf_rate_node-3] [INFO] [1788181184.510787113] [uav_0.autopilot_sv_cbf_rate_node]: pos=[-9.63 10.50 -0.26]  T=27.488N  omega=[0.387 -0.406 0.000]  certified=0 uncertified=0  delta=0.0000  gamma=5.000(fixed)  feasible=1
[autopilot_sv_cbf_rate_node-3] [INFO] [1788181184.554132667] [uav_0.autopilot_sv_cbf_rate_node]: goal_waypoint received: [0.000, 5.500, 0.500] (overrides waypoint_x/y/z params)
[autopilot_sv_cbf_rate_node-3] [INFO] [1788181184.654361338] [uav_0.autopilot_sv_cbf_rate_node]: goal_waypoint received: [0.000, 5.500, 0.500] (overrides waypoint_x/y/z params)
[autopilot_sv_cbf_rate_node-3] [INFO] [1788181184.754406610] [uav_0.autopilot_sv_cbf_rate_node]: goal_waypoint received: [0.000, 5.500, 0.500] (overrides waypoint_x/y/z params)
[autopilot_sv_cbf_rate_node-3] [INFO] [1788181184.854140285] [uav_0.autopilot_sv_cbf_rate_node]: goal_waypoint received: [0.000, 5.500, 0.500] (overrides waypoint_x/y/z params)
[autopilot_sv_cbf_rate_node-3] [INFO] [1788181184.954144806] [uav_0.autopilot_sv_cbf_rate_node]: goal_waypoint received: [0.000, 5.500, 0.500] (overrides waypoint_x/y/z params)
[autopilot_sv_cbf_rate_node-3] [INFO] [1788181185.054170599] [uav_0.autopilot_sv_cbf_rate_node]: goal_waypoint received: [0.000, 5.500, 0.500] (overrides waypoint_x/y/z params)
[autopilot_sv_cbf_rate_node-3] [INFO] [1788181185.154151497] [uav_0.autopilot_sv_cbf_rate_node]: goal_waypoint received: [0.000, 5.500, 0.500] (overrides waypoint_x/y/z params)
[autopilot_sv_cbf_rate_node-3] [INFO] [1788181185.254144694] [uav_0.autopilot_sv_cbf_rate_node]: goal_waypoint received: [0.000, 5.500, 0.500] (overrides waypoint_x/y/z params)
[autopilot_sv_cbf_rate_node-3] [INFO] [1788181185.354086593] [uav_0.autopilot_sv_cbf_rate_node]: goal_waypoint received: [0.000, 5.500, 0.500] (overrides waypoint_x/y/z params)
[autopilot_sv_cbf_rate_node-3] [INFO] [1788181185.454220488] [uav_0.autopilot_sv_cbf_rate_node]: goal_waypoint received: [0.000, 5.500, 0.500] (overrides waypoint_x/y/z params)
[autopilot_sv_cbf_rate_node-3] [INFO] [1788181185.510740396] [uav_0.autopilot_sv_cbf_rate_node]: pos=[-9.11 10.61 -0.27]  T=27.586N  omega=[-1.412 0.173 0.000]  certified=0 uncertified=0  delta=0.0000  gamma=5.000(fixed)  feasible=1
[autopilot_sv_cbf_rate_node-3] [INFO] [1788181185.554091588] [uav_0.autopilot_sv_cbf_rate_node]: goal_waypoint received: [0.000, 5.500, 0.500] (overrides waypoint_x/y/z params)
[autopilot_sv_cbf_rate_node-3] [INFO] [1788181185.654114385] [uav_0.autopilot_sv_cbf_rate_node]: goal_waypoint received: [0.000, 5.500, 0.500] (overrides waypoint_x/y/z params)
[autopilot_sv_cbf_rate_node-3] [INFO] [1788181185.754137982] [uav_0.autopilot_sv_cbf_rate_node]: goal_waypoint received: [0.000, 5.500, 0.500] (overrides waypoint_x/y/z params)
[autopilot_sv_cbf_rate_node-3] [INFO] [1788181185.854158280] [uav_0.autopilot_sv_cbf_rate_node]: goal_waypoint received: [0.000, 5.500, 0.500] (overrides waypoint_x/y/z params)
[autopilot_sv_cbf_rate_node-3] [INFO] [1788181185.954214976] [uav_0.autopilot_sv_cbf_rate_node]: goal_waypoint received: [0.000, 5.500, 0.500] (overrides waypoint_x/y/z params)
[autopilot_sv_cbf_rate_node-3] [INFO] [1788181186.054131279] [uav_0.autopilot_sv_cbf_rate_node]: goal_waypoint received: [0.000, 5.500, 0.500] (overrides waypoint_x/y/z params)
[autopilot_sv_cbf_rate_node-3] [INFO] [1788181186.154215884] [uav_0.autopilot_sv_cbf_rate_node]: goal_waypoint received: [0.000, 5.500, 0.500] (overrides waypoint_x/y/z params)
[autopilot_sv_cbf_rate_node-3] [INFO] [1788181186.254111692] [uav_0.autopilot_sv_cbf_rate_node]: goal_waypoint received: [0.000, 5.500, 0.500] (overrides waypoint_x/y/z params)
[autopilot_sv_cbf_rate_node-3] [INFO] [1788181186.354073798] [uav_0.autopilot_sv_cbf_rate_node]: goal_waypoint received: [0.000, 5.500, 0.500] (overrides waypoint_x/y/z params)
[autopilot_sv_cbf_rate_node-3] [INFO] [1788181186.454153003] [uav_0.autopilot_sv_cbf_rate_node]: goal_waypoint received: [0.000, 5.500, 0.500] (overrides waypoint_x/y/z params)
[autopilot_sv_cbf_rate_node-3] [INFO] [1788181186.510766214] [uav_0.autopilot_sv_cbf_rate_node]: pos=[-8.85 9.97 -0.27]  T=27.586N  omega=[-0.921 -2.720 0.000]  certified=0 uncertified=0  delta=0.0000  gamma=5.000(fixed)  feasible=1
[autopilot_sv_cbf_rate_node-3] [INFO] [1788181186.554153809] [uav_0.autopilot_sv_cbf_rate_node]: goal_waypoint received: [0.000, 5.500, 0.500] (overrides waypoint_x/y/z params)
[autopilot_sv_cbf_rate_node-3] [INFO] [1788181186.654107816] [uav_0.autopilot_sv_cbf_rate_node]: goal_waypoint received: [0.000, 5.500, 0.500] (overrides waypoint_x/y/z params)
[autopilot_sv_cbf_rate_node-3] [INFO] [1788181186.754064622] [uav_0.autopilot_sv_cbf_rate_node]: goal_waypoint received: [0.000, 5.500, 0.500] (overrides waypoint_x/y/z params)
[autopilot_sv_cbf_rate_node-3] [INFO] [1788181186.854176227] [uav_0.autopilot_sv_cbf_rate_node]: goal_waypoint received: [0.000, 5.500, 0.500] (overrides waypoint_x/y/z params)
[autopilot_sv_cbf_rate_node-3] [INFO] [1788181186.954165833] [uav_0.autopilot_sv_cbf_rate_node]: goal_waypoint received: [0.000, 5.500, 0.500] (overrides waypoint_x/y/z params)
[autopilot_sv_cbf_rate_node-3] [INFO] [1788181187.054250042] [uav_0.autopilot_sv_cbf_rate_node]: goal_waypoint received: [0.000, 5.500, 0.500] (overrides waypoint_x/y/z params)
[autopilot_sv_cbf_rate_node-3] [INFO] [1788181187.154568352] [uav_0.autopilot_sv_cbf_rate_node]: goal_waypoint received: [0.000, 5.500, 0.500] (overrides waypoint_x/y/z params)
[autopilot_sv_cbf_rate_node-3] [INFO] [1788181187.254218371] [uav_0.autopilot_sv_cbf_rate_node]: goal_waypoint received: [0.000, 5.500, 0.500] (overrides waypoint_x/y/z params)
[autopilot_sv_cbf_rate_node-3] [INFO] [1788181187.354163186] [uav_0.autopilot_sv_cbf_rate_node]: goal_waypoint received: [0.000, 5.500, 0.500] (overrides waypoint_x/y/z params)
[autopilot_sv_cbf_rate_node-3] [INFO] [1788181187.454200200] [uav_0.autopilot_sv_cbf_rate_node]: goal_waypoint received: [0.000, 5.500, 0.500] (overrides waypoint_x/y/z params)
[autopilot_sv_cbf_rate_node-3] [INFO] [1788181187.510758517] [uav_0.autopilot_sv_cbf_rate_node]: pos=[-7.99 9.86 -0.28]  T=27.901N  omega=[-2.277 -1.823 0.000]  certified=0 uncertified=0  delta=0.0000  gamma=5.000(fixed)  feasible=1
[autopilot_sv_cbf_rate_node-3] [INFO] [1788181187.554197215] [uav_0.autopilot_sv_cbf_rate_node]: goal_waypoint received: [0.000, 5.500, 0.500] (overrides waypoint_x/y/z params)
[autopilot_sv_cbf_rate_node-3] [INFO] [1788181187.654221329] [uav_0.autopilot_sv_cbf_rate_node]: goal_waypoint received: [0.000, 5.500, 0.500] (overrides waypoint_x/y/z params)
[autopilot_sv_cbf_rate_node-3] [INFO] [1788181187.754124545] [uav_0.autopilot_sv_cbf_rate_node]: goal_waypoint received: [0.000, 5.500, 0.500] (overrides waypoint_x/y/z params)
[autopilot_sv_cbf_rate_node-3] [INFO] [1788181187.854101159] [uav_0.autopilot_sv_cbf_rate_node]: goal_waypoint received: [0.000, 5.500, 0.500] (overrides waypoint_x/y/z params)
[autopilot_sv_cbf_rate_node-3] [INFO] [1788181187.954124673] [uav_0.autopilot_sv_cbf_rate_node]: goal_waypoint received: [0.000, 5.500, 0.500] (overrides waypoint_x/y/z params)
[autopilot_sv_cbf_rate_node-3] [INFO] [1788181188.054143692] [uav_0.autopilot_sv_cbf_rate_node]: goal_waypoint received: [0.000, 5.500, 0.500] (overrides waypoint_x/y/z params)
[autopilot_sv_cbf_rate_node-3] [INFO] [1788181188.154215714] [uav_0.autopilot_sv_cbf_rate_node]: goal_waypoint received: [0.000, 5.500, 0.500] (overrides waypoint_x/y/z params)
[autopilot_sv_cbf_rate_node-3] [INFO] [1788181188.254186737] [uav_0.autopilot_sv_cbf_rate_node]: goal_waypoint received: [0.000, 5.500, 0.500] (overrides waypoint_x/y/z params)
[autopilot_sv_cbf_rate_node-3] [INFO] [1788181188.354324258] [uav_0.autopilot_sv_cbf_rate_node]: goal_waypoint received: [0.000, 5.500, 0.500] (overrides waypoint_x/y/z params)
[autopilot_sv_cbf_rate_node-3] [INFO] [1788181188.454092584] [uav_0.autopilot_sv_cbf_rate_node]: goal_waypoint received: [0.000, 5.500, 0.500] (overrides waypoint_x/y/z params)
[autopilot_sv_cbf_rate_node-3] [INFO] [1788181188.510665205] [uav_0.autopilot_sv_cbf_rate_node]: pos=[-8.65 10.30 -0.28]  T=27.566N  omega=[0.026 -0.016 0.000]  certified=0 uncertified=0  delta=0.0000  gamma=5.000(fixed)  feasible=1
[autopilot_sv_cbf_rate_node-3] [INFO] [1788181188.554190605] [uav_0.autopilot_sv_cbf_rate_node]: goal_waypoint received: [0.000, 5.500, 0.500] (overrides waypoint_x/y/z params)
[autopilot_sv_cbf_rate_node-3] [INFO] [1788181188.654165591] [uav_0.autopilot_sv_cbf_rate_node]: goal_waypoint received: [0.000, 5.500, 0.500] (overrides waypoint_x/y/z params)
[autopilot_sv_cbf_rate_node-3] [INFO] [1788181188.754205031] [uav_0.autopilot_sv_cbf_rate_node]: goal_waypoint received: [0.000, 5.500, 0.500] (overrides waypoint_x/y/z params)
[autopilot_sv_cbf_rate_node-3] [INFO] [1788181188.854144571] [uav_0.autopilot_sv_cbf_rate_node]: goal_waypoint received: [0.000, 5.500, 0.500] (overrides waypoint_x/y/z params)
[autopilot_sv_cbf_rate_node-3] [INFO] [1788181188.954146911] [uav_0.autopilot_sv_cbf_rate_node]: goal_waypoint received: [0.000, 5.500, 0.500] (overrides waypoint_x/y/z params)
[autopilot_sv_cbf_rate_node-3] [INFO] [1788181189.054075156] [uav_0.autopilot_sv_cbf_rate_node]: goal_waypoint received: [0.000, 5.500, 0.500] (overrides waypoint_x/y/z params)
[autopilot_sv_cbf_rate_node-3] [INFO] [1788181189.154167003] [uav_0.autopilot_sv_cbf_rate_node]: goal_waypoint received: [0.000, 5.500, 0.500] (overrides waypoint_x/y/z params)
[autopilot_sv_cbf_rate_node-3] [INFO] [1788181189.254139652] [uav_0.autopilot_sv_cbf_rate_node]: goal_waypoint received: [0.000, 5.500, 0.500] (overrides waypoint_x/y/z params)
[autopilot_sv_cbf_rate_node-3] [INFO] [1788181189.354151800] [uav_0.autopilot_sv_cbf_rate_node]: goal_waypoint received: [0.000, 5.500, 0.500] (overrides waypoint_x/y/z params)
[autopilot_sv_cbf_rate_node-3] [INFO] [1788181189.454149548] [uav_0.autopilot_sv_cbf_rate_node]: goal_waypoint received: [0.000, 5.500, 0.500] (overrides waypoint_x/y/z params)
[autopilot_sv_cbf_rate_node-3] [INFO] [1788181189.510725153] [uav_0.autopilot_sv_cbf_rate_node]: pos=[-8.97 10.77 -0.27]  T=27.541N  omega=[-2.426 -0.674 0.000]  certified=0 uncertified=0  delta=0.0000  gamma=5.000(fixed)  feasible=1
[autopilot_sv_cbf_rate_node-3] [INFO] [1788181189.554071397] [uav_0.autopilot_sv_cbf_rate_node]: goal_waypoint received: [0.000, 5.500, 0.500] (overrides waypoint_x/y/z params)
[autopilot_sv_cbf_rate_node-3] [INFO] [1788181189.654070646] [uav_0.autopilot_sv_cbf_rate_node]: goal_waypoint received: [0.000, 5.500, 0.500] (overrides waypoint_x/y/z params)
[autopilot_sv_cbf_rate_node-3] [INFO] [1788181189.754008995] [uav_0.autopilot_sv_cbf_rate_node]: goal_waypoint received: [0.000, 5.500, 0.500] (overrides waypoint_x/y/z params)
[autopilot_sv_cbf_rate_node-3] [INFO] [1788181189.854087242] [uav_0.autopilot_sv_cbf_rate_node]: goal_waypoint received: [0.000, 5.500, 0.500] (overrides waypoint_x/y/z params)
[autopilot_sv_cbf_rate_node-3] [INFO] [1788181189.954108290] [uav_0.autopilot_sv_cbf_rate_node]: goal_waypoint received: [0.000, 5.500, 0.500] (overrides waypoint_x/y/z params)
[autopilot_sv_cbf_rate_node-3] [INFO] [1788181190.054128942] [uav_0.autopilot_sv_cbf_rate_node]: goal_waypoint received: [0.000, 5.500, 0.500] (overrides waypoint_x/y/z params)
[autopilot_sv_cbf_rate_node-3] [INFO] [1788181190.154143699] [uav_0.autopilot_sv_cbf_rate_node]: goal_waypoint received: [0.000, 5.500, 0.500] (overrides waypoint_x/y/z params)
[autopilot_sv_cbf_rate_node-3] [INFO] [1788181190.254271854] [uav_0.autopilot_sv_cbf_rate_node]: goal_waypoint received: [0.000, 5.500, 0.500] (overrides waypoint_x/y/z params)
[autopilot_sv_cbf_rate_node-3] [INFO] [1788181190.354283411] [uav_0.autopilot_sv_cbf_rate_node]: goal_waypoint received: [0.000, 5.500, 0.500] (overrides waypoint_x/y/z params)
[autopilot_sv_cbf_rate_node-3] [INFO] [1788181190.454607464] [uav_0.autopilot_sv_cbf_rate_node]: goal_waypoint received: [0.000, 5.500, 0.500] (overrides waypoint_x/y/z params)
[autopilot_sv_cbf_rate_node-3] [INFO] [1788181190.510680679] [uav_0.autopilot_sv_cbf_rate_node]: pos=[-7.73 10.42 -0.27]  T=27.833N  omega=[-1.934 -2.193 0.000]  certified=0 uncertified=0  delta=0.0000  gamma=5.000(fixed)  feasible=1
[autopilot_sv_cbf_rate_node-3] [INFO] [1788181190.554250424] [uav_0.autopilot_sv_cbf_rate_node]: goal_waypoint received: [0.000, 5.500, 0.500] (overrides waypoint_x/y/z params)
[autopilot_sv_cbf_rate_node-3] [INFO] [1788181190.654272281] [uav_0.autopilot_sv_cbf_rate_node]: goal_waypoint received: [0.000, 5.500, 0.500] (overrides waypoint_x/y/z params)
[autopilot_sv_cbf_rate_node-3] [INFO] [1788181190.754168838] [uav_0.autopilot_sv_cbf_rate_node]: goal_waypoint received: [0.000, 5.500, 0.500] (overrides waypoint_x/y/z params)
[autopilot_sv_cbf_rate_node-3] [INFO] [1788181190.854210295] [uav_0.autopilot_sv_cbf_rate_node]: goal_waypoint received: [0.000, 5.500, 0.500] (overrides waypoint_x/y/z params)
[autopilot_sv_cbf_rate_node-3] [INFO] [1788181190.954212851] [uav_0.autopilot_sv_cbf_rate_node]: goal_waypoint received: [0.000, 5.500, 0.500] (overrides waypoint_x/y/z params)
[autopilot_sv_cbf_rate_node-3] [INFO] [1788181191.054268111] [uav_0.autopilot_sv_cbf_rate_node]: goal_waypoint received: [0.000, 5.500, 0.500] (overrides waypoint_x/y/z params)
[autopilot_sv_cbf_rate_node-3] [INFO] [1788181191.154116178] [uav_0.autopilot_sv_cbf_rate_node]: goal_waypoint received: [0.000, 5.500, 0.500] (overrides waypoint_x/y/z params)
[autopilot_sv_cbf_rate_node-3] [INFO] [1788181191.254123543] [uav_0.autopilot_sv_cbf_rate_node]: goal_waypoint received: [0.000, 5.500, 0.500] (overrides waypoint_x/y/z params)
[autopilot_sv_cbf_rate_node-3] [INFO] [1788181191.354174607] [uav_0.autopilot_sv_cbf_rate_node]: goal_waypoint received: [0.000, 5.500, 0.500] (overrides waypoint_x/y/z params)
[autopilot_sv_cbf_rate_node-3] [INFO] [1788181191.454083573] [uav_0.autopilot_sv_cbf_rate_node]: goal_waypoint received: [0.000, 5.500, 0.500] (overrides waypoint_x/y/z params)
[autopilot_sv_cbf_rate_node-3] [INFO] [1788181191.510666388] [uav_0.autopilot_sv_cbf_rate_node]: pos=[-8.26 10.36 -0.28]  T=27.702N  omega=[0.248 -0.271 0.000]  certified=0 uncertified=0  delta=0.0000  gamma=5.000(fixed)  feasible=1
[autopilot_sv_cbf_rate_node-3] [INFO] [1788181191.554091438] [uav_0.autopilot_sv_cbf_rate_node]: goal_waypoint received: [0.000, 5.500, 0.500] (overrides waypoint_x/y/z params)
[autopilot_sv_cbf_rate_node-3] [INFO] [1788181191.654061603] [uav_0.autopilot_sv_cbf_rate_node]: goal_waypoint received: [0.000, 5.500, 0.500] (overrides waypoint_x/y/z params)
[autopilot_sv_cbf_rate_node-3] [INFO] [1788181191.754116368] [uav_0.autopilot_sv_cbf_rate_node]: goal_waypoint received: [0.000, 5.500, 0.500] (overrides waypoint_x/y/z params)
[autopilot_sv_cbf_rate_node-3] [INFO] [1788181191.854030934] [uav_0.autopilot_sv_cbf_rate_node]: goal_waypoint received: [0.000, 5.500, 0.500] (overrides waypoint_x/y/z params)
[autopilot_sv_cbf_rate_node-3] [INFO] [1788181191.954098698] [uav_0.autopilot_sv_cbf_rate_node]: goal_waypoint received: [0.000, 5.500, 0.500] (overrides waypoint_x/y/z params)
[autopilot_sv_cbf_rate_node-3] [INFO] [1788181192.054219466] [uav_0.autopilot_sv_cbf_rate_node]: goal_waypoint received: [0.000, 5.500, 0.500] (overrides waypoint_x/y/z params)
[autopilot_sv_cbf_rate_node-3] [INFO] [1788181192.154082340] [uav_0.autopilot_sv_cbf_rate_node]: goal_waypoint received: [0.000, 5.500, 0.500] (overrides waypoint_x/y/z params)
[autopilot_sv_cbf_rate_node-3] [INFO] [1788181192.254140613] [uav_0.autopilot_sv_cbf_rate_node]: goal_waypoint received: [0.000, 5.500, 0.500] (overrides waypoint_x/y/z params)
[autopilot_sv_cbf_rate_node-3] [INFO] [1788181192.354212786] [uav_0.autopilot_sv_cbf_rate_node]: goal_waypoint received: [0.000, 5.500, 0.500] (overrides waypoint_x/y/z params)
[autopilot_sv_cbf_rate_node-3] [INFO] [1788181192.454196859] [uav_0.autopilot_sv_cbf_rate_node]: goal_waypoint received: [0.000, 5.500, 0.500] (overrides waypoint_x/y/z params)
[autopilot_sv_cbf_rate_node-3] [INFO] [1788181192.510685979] [uav_0.autopilot_sv_cbf_rate_node]: pos=[-5.92 9.60 -0.30]  T=28.980N  omega=[-0.985 0.545 0.000]  certified=1 uncertified=0  delta=0.0000  gamma=5.000(fixed)  feasible=1
[autopilot_sv_cbf_rate_node-3] [INFO] [1788181192.554048234] [uav_0.autopilot_sv_cbf_rate_node]: goal_waypoint received: [0.000, 5.500, 0.500] (overrides waypoint_x/y/z params)
[autopilot_sv_cbf_rate_node-3] [INFO] [1788181192.654069607] [uav_0.autopilot_sv_cbf_rate_node]: goal_waypoint received: [0.000, 5.500, 0.500] (overrides waypoint_x/y/z params)
[autopilot_sv_cbf_rate_node-3] [INFO] [1788181192.754069580] [uav_0.autopilot_sv_cbf_rate_node]: goal_waypoint received: [0.000, 5.500, 0.500] (overrides waypoint_x/y/z params)
[autopilot_sv_cbf_rate_node-3] [INFO] [1788181192.854103253] [uav_0.autopilot_sv_cbf_rate_node]: goal_waypoint received: [0.000, 5.500, 0.500] (overrides waypoint_x/y/z params)
[autopilot_sv_cbf_rate_node-3] [INFO] [1788181192.954084504] [uav_0.autopilot_sv_cbf_rate_node]: goal_waypoint received: [0.000, 5.500, 0.500] (overrides waypoint_x/y/z params)
[autopilot_sv_cbf_rate_node-3] [INFO] [1788181193.054121695] [uav_0.autopilot_sv_cbf_rate_node]: goal_waypoint received: [0.000, 5.500, 0.500] (overrides waypoint_x/y/z params)
[autopilot_sv_cbf_rate_node-3] [INFO] [1788181193.154164189] [uav_0.autopilot_sv_cbf_rate_node]: goal_waypoint received: [0.000, 5.500, 0.500] (overrides waypoint_x/y/z params)
[autopilot_sv_cbf_rate_node-3] [INFO] [1788181193.254055486] [uav_0.autopilot_sv_cbf_rate_node]: goal_waypoint received: [0.000, 5.500, 0.500] (overrides waypoint_x/y/z params)
[autopilot_sv_cbf_rate_node-3] [INFO] [1788181193.354187079] [uav_0.autopilot_sv_cbf_rate_node]: goal_waypoint received: [0.000, 5.500, 0.500] (overrides waypoint_x/y/z params)
[autopilot_sv_cbf_rate_node-3] [INFO] [1788181193.454140675] [uav_0.autopilot_sv_cbf_rate_node]: goal_waypoint received: [0.000, 5.500, 0.500] (overrides waypoint_x/y/z params)
[autopilot_sv_cbf_rate_node-3] [INFO] [1788181193.510691755] [uav_0.autopilot_sv_cbf_rate_node]: pos=[-4.25 8.14 -0.29]  T=30.010N  omega=[-0.886 0.286 0.000]  certified=4 uncertified=0  delta=0.0000  gamma=5.000(fixed)  feasible=1
[autopilot_sv_cbf_rate_node-3] [INFO] [1788181193.554277568] [uav_0.autopilot_sv_cbf_rate_node]: goal_waypoint received: [0.000, 5.500, 0.500] (overrides waypoint_x/y/z params)
[autopilot_sv_cbf_rate_node-3] [INFO] [1788181193.654316463] [uav_0.autopilot_sv_cbf_rate_node]: goal_waypoint received: [0.000, 5.500, 0.500] (overrides waypoint_x/y/z params)
[autopilot_sv_cbf_rate_node-3] [INFO] [1788181193.754167761] [uav_0.autopilot_sv_cbf_rate_node]: goal_waypoint received: [0.000, 5.500, 0.500] (overrides waypoint_x/y/z params)
[autopilot_sv_cbf_rate_node-3] [INFO] [1788181193.854179356] [uav_0.autopilot_sv_cbf_rate_node]: goal_waypoint received: [0.000, 5.500, 0.500] (overrides waypoint_x/y/z params)
[autopilot_sv_cbf_rate_node-3] [INFO] [1788181193.954217651] [uav_0.autopilot_sv_cbf_rate_node]: goal_waypoint received: [0.000, 5.500, 0.500] (overrides waypoint_x/y/z params)
[autopilot_sv_cbf_rate_node-3] [INFO] [1788181194.054239950] [uav_0.autopilot_sv_cbf_rate_node]: goal_waypoint received: [0.000, 5.500, 0.500] (overrides waypoint_x/y/z params)
[autopilot_sv_cbf_rate_node-3] [INFO] [1788181194.154235053] [uav_0.autopilot_sv_cbf_rate_node]: goal_waypoint received: [0.000, 5.500, 0.500] (overrides waypoint_x/y/z params)
[autopilot_sv_cbf_rate_node-3] [INFO] [1788181194.254150858] [uav_0.autopilot_sv_cbf_rate_node]: goal_waypoint received: [0.000, 5.500, 0.500] (overrides waypoint_x/y/z params)
[autopilot_sv_cbf_rate_node-3] [INFO] [1788181194.354090863] [uav_0.autopilot_sv_cbf_rate_node]: goal_waypoint received: [0.000, 5.500, 0.500] (overrides waypoint_x/y/z params)
[autopilot_sv_cbf_rate_node-3] [INFO] [1788181194.454162865] [uav_0.autopilot_sv_cbf_rate_node]: goal_waypoint received: [0.000, 5.500, 0.500] (overrides waypoint_x/y/z params)
[autopilot_sv_cbf_rate_node-3] [INFO] [1788181194.510700450] [uav_0.autopilot_sv_cbf_rate_node]: pos=[-3.90 10.16 -0.30]  T=27.971N  omega=[-2.240 0.573 0.000]  certified=2 uncertified=0  delta=0.0000  gamma=5.000(fixed)  feasible=1
[autopilot_sv_cbf_rate_node-3] [INFO] [1788181194.554144069] [uav_0.autopilot_sv_cbf_rate_node]: goal_waypoint received: [0.000, 5.500, 0.500] (overrides waypoint_x/y/z params)
[autopilot_sv_cbf_rate_node-3] [INFO] [1788181194.654097274] [uav_0.autopilot_sv_cbf_rate_node]: goal_waypoint received: [0.000, 5.500, 0.500] (overrides waypoint_x/y/z params)
[autopilot_sv_cbf_rate_node-3] [INFO] [1788181194.754074778] [uav_0.autopilot_sv_cbf_rate_node]: goal_waypoint received: [0.000, 5.500, 0.500] (overrides waypoint_x/y/z params)
[autopilot_sv_cbf_rate_node-3] [INFO] [1788181194.854075781] [uav_0.autopilot_sv_cbf_rate_node]: goal_waypoint received: [0.000, 5.500, 0.500] (overrides waypoint_x/y/z params)
[autopilot_sv_cbf_rate_node-3] [INFO] [1788181194.954151283] [uav_0.autopilot_sv_cbf_rate_node]: goal_waypoint received: [0.000, 5.500, 0.500] (overrides waypoint_x/y/z params)
[autopilot_sv_cbf_rate_node-3] [INFO] [1788181195.054258789] [uav_0.autopilot_sv_cbf_rate_node]: goal_waypoint received: [0.000, 5.500, 0.500] (overrides waypoint_x/y/z params)
[autopilot_sv_cbf_rate_node-3] [INFO] [1788181195.154102504] [uav_0.autopilot_sv_cbf_rate_node]: goal_waypoint received: [0.000, 5.500, 0.500] (overrides waypoint_x/y/z params)
[autopilot_sv_cbf_rate_node-3] [INFO] [1788181195.254136015] [uav_0.autopilot_sv_cbf_rate_node]: goal_waypoint received: [0.000, 5.500, 0.500] (overrides waypoint_x/y/z params)
[autopilot_sv_cbf_rate_node-3] [INFO] [1788181195.354139727] [uav_0.autopilot_sv_cbf_rate_node]: goal_waypoint received: [0.000, 5.500, 0.500] (overrides waypoint_x/y/z params)
[autopilot_sv_cbf_rate_node-3] [INFO] [1788181195.454076240] [uav_0.autopilot_sv_cbf_rate_node]: goal_waypoint received: [0.000, 5.500, 0.500] (overrides waypoint_x/y/z params)
[autopilot_sv_cbf_rate_node-3] [INFO] [1788181195.510652828] [uav_0.autopilot_sv_cbf_rate_node]: pos=[-4.57 10.66 -0.29]  T=28.313N  omega=[-1.282 0.397 0.000]  certified=1 uncertified=0  delta=0.0000  gamma=5.000(fixed)  feasible=1
[autopilot_sv_cbf_rate_node-3] [INFO] [1788181195.554179050] [uav_0.autopilot_sv_cbf_rate_node]: goal_waypoint received: [0.000, 5.500, 0.500] (overrides waypoint_x/y/z params)
[autopilot_sv_cbf_rate_node-3] [INFO] [1788181195.654116363] [uav_0.autopilot_sv_cbf_rate_node]: goal_waypoint received: [0.000, 5.500, 0.500] (overrides waypoint_x/y/z params)
[autopilot_sv_cbf_rate_node-3] [INFO] [1788181195.754175874] [uav_0.autopilot_sv_cbf_rate_node]: goal_waypoint received: [0.000, 5.500, 0.500] (overrides waypoint_x/y/z params)
[autopilot_sv_cbf_rate_node-3] [INFO] [1788181195.854386882] [uav_0.autopilot_sv_cbf_rate_node]: goal_waypoint received: [0.000, 5.500, 0.500] (overrides waypoint_x/y/z params)
[autopilot_sv_cbf_rate_node-3] [INFO] [1788181195.954226296] [uav_0.autopilot_sv_cbf_rate_node]: goal_waypoint received: [0.000, 5.500, 0.500] (overrides waypoint_x/y/z params)
[autopilot_sv_cbf_rate_node-3] [INFO] [1788181196.054288911] [uav_0.autopilot_sv_cbf_rate_node]: goal_waypoint received: [0.000, 5.500, 0.500] (overrides waypoint_x/y/z params)
[autopilot_sv_cbf_rate_node-3] [INFO] [1788181196.154143234] [uav_0.autopilot_sv_cbf_rate_node]: goal_waypoint received: [0.000, 5.500, 0.500] (overrides waypoint_x/y/z params)
[autopilot_sv_cbf_rate_node-3] [INFO] [1788181196.254294851] [uav_0.autopilot_sv_cbf_rate_node]: goal_waypoint received: [0.000, 5.500, 0.500] (overrides waypoint_x/y/z params)
[autopilot_sv_cbf_rate_node-3] [INFO] [1788181196.354344772] [uav_0.autopilot_sv_cbf_rate_node]: goal_waypoint received: [0.000, 5.500, 0.500] (overrides waypoint_x/y/z params)
[autopilot_sv_cbf_rate_node-3] [INFO] [1788181196.454158629] [uav_0.autopilot_sv_cbf_rate_node]: goal_waypoint received: [0.000, 5.500, 0.500] (overrides waypoint_x/y/z params)
[autopilot_sv_cbf_rate_node-3] [INFO] [1788181196.510602339] [uav_0.autopilot_sv_cbf_rate_node]: pos=[-5.92 11.03 -0.29]  T=27.636N  omega=[-1.112 0.408 0.000]  certified=0 uncertified=0  delta=0.0000  gamma=5.000(fixed)  feasible=1
[autopilot_sv_cbf_rate_node-3] [INFO] [1788181196.554220584] [uav_0.autopilot_sv_cbf_rate_node]: goal_waypoint received: [0.000, 5.500, 0.500] (overrides waypoint_x/y/z params)
[autopilot_sv_cbf_rate_node-3] [INFO] [1788181196.654088040] [uav_0.autopilot_sv_cbf_rate_node]: goal_waypoint received: [0.000, 5.500, 0.500] (overrides waypoint_x/y/z params)
[autopilot_sv_cbf_rate_node-3] [INFO] [1788181196.754075995] [uav_0.autopilot_sv_cbf_rate_node]: goal_waypoint received: [0.000, 5.500, 0.500] (overrides waypoint_x/y/z params)
[autopilot_sv_cbf_rate_node-3] [INFO] [1788181196.854173649] [uav_0.autopilot_sv_cbf_rate_node]: goal_waypoint received: [0.000, 5.500, 0.500] (overrides waypoint_x/y/z params)
[autopilot_sv_cbf_rate_node-3] [INFO] [1788181196.954248003] [uav_0.autopilot_sv_cbf_rate_node]: goal_waypoint received: [0.000, 5.500, 0.500] (overrides waypoint_x/y/z params)
[autopilot_sv_cbf_rate_node-3] [INFO] [1788181197.054124064] [uav_0.autopilot_sv_cbf_rate_node]: goal_waypoint received: [0.000, 5.500, 0.500] (overrides waypoint_x/y/z params)
[autopilot_sv_cbf_rate_node-3] [INFO] [1788181197.154127527] [uav_0.autopilot_sv_cbf_rate_node]: goal_waypoint received: [0.000, 5.500, 0.500] (overrides waypoint_x/y/z params)
[autopilot_sv_cbf_rate_node-3] [INFO] [1788181197.254238089] [uav_0.autopilot_sv_cbf_rate_node]: goal_waypoint received: [0.000, 5.500, 0.500] (overrides waypoint_x/y/z params)
[autopilot_sv_cbf_rate_node-3] [INFO] [1788181197.354163653] [uav_0.autopilot_sv_cbf_rate_node]: goal_waypoint received: [0.000, 5.500, 0.500] (overrides waypoint_x/y/z params)
[autopilot_sv_cbf_rate_node-3] [INFO] [1788181197.454158217] [uav_0.autopilot_sv_cbf_rate_node]: goal_waypoint received: [0.000, 5.500, 0.500] (overrides waypoint_x/y/z params)
[autopilot_sv_cbf_rate_node-3] [INFO] [1788181197.510615231] [uav_0.autopilot_sv_cbf_rate_node]: pos=[-7.05 10.83 -0.29]  T=27.797N  omega=[-2.079 -0.299 0.000]  certified=0 uncertified=0  delta=0.0000  gamma=5.000(fixed)  feasible=1
[autopilot_sv_cbf_rate_node-3] [INFO] [1788181197.554097580] [uav_0.autopilot_sv_cbf_rate_node]: goal_waypoint received: [0.000, 5.500, 0.500] (overrides waypoint_x/y/z params)
[autopilot_sv_cbf_rate_node-3] [INFO] [1788181197.654221942] [uav_0.autopilot_sv_cbf_rate_node]: goal_waypoint received: [0.000, 5.500, 0.500] (overrides waypoint_x/y/z params)
[autopilot_sv_cbf_rate_node-3] [INFO] [1788181197.754074707] [uav_0.autopilot_sv_cbf_rate_node]: goal_waypoint received: [0.000, 5.500, 0.500] (overrides waypoint_x/y/z params)
[autopilot_sv_cbf_rate_node-3] [INFO] [1788181197.854108970] [uav_0.autopilot_sv_cbf_rate_node]: goal_waypoint received: [0.000, 5.500, 0.500] (overrides waypoint_x/y/z params)
[autopilot_sv_cbf_rate_node-3] [INFO] [1788181197.954069334] [uav_0.autopilot_sv_cbf_rate_node]: goal_waypoint received: [0.000, 5.500, 0.500] (overrides waypoint_x/y/z params)
[autopilot_sv_cbf_rate_node-3] [INFO] [1788181198.054104201] [uav_0.autopilot_sv_cbf_rate_node]: goal_waypoint received: [0.000, 5.500, 0.500] (overrides waypoint_x/y/z params)
[autopilot_sv_cbf_rate_node-3] [INFO] [1788181198.154180671] [uav_0.autopilot_sv_cbf_rate_node]: goal_waypoint received: [0.000, 5.500, 0.500] (overrides waypoint_x/y/z params)
[autopilot_sv_cbf_rate_node-3] [INFO] [1788181198.254062244] [uav_0.autopilot_sv_cbf_rate_node]: goal_waypoint received: [0.000, 5.500, 0.500] (overrides waypoint_x/y/z params)
[autopilot_sv_cbf_rate_node-3] [INFO] [1788181198.354327813] [uav_0.autopilot_sv_cbf_rate_node]: goal_waypoint received: [0.000, 5.500, 0.500] (overrides waypoint_x/y/z params)
[autopilot_sv_cbf_rate_node-3] [INFO] [1788181198.454139186] [uav_0.autopilot_sv_cbf_rate_node]: goal_waypoint received: [0.000, 5.500, 0.500] (overrides waypoint_x/y/z params)
[autopilot_sv_cbf_rate_node-3] [INFO] [1788181198.510658705] [uav_0.autopilot_sv_cbf_rate_node]: pos=[-5.81 8.03 -0.30]  T=29.420N  omega=[-1.071 -2.336 0.000]  certified=2 uncertified=0  delta=0.0000  gamma=5.000(fixed)  feasible=1
[autopilot_sv_cbf_rate_node-3] [INFO] [1788181198.554192857] [uav_0.autopilot_sv_cbf_rate_node]: goal_waypoint received: [0.000, 5.500, 0.500] (overrides waypoint_x/y/z params)
[autopilot_sv_cbf_rate_node-3] [INFO] [1788181198.654414026] [uav_0.autopilot_sv_cbf_rate_node]: goal_waypoint received: [0.000, 5.500, 0.500] (overrides waypoint_x/y/z params)
[autopilot_sv_cbf_rate_node-3] [INFO] [1788181198.754202100] [uav_0.autopilot_sv_cbf_rate_node]: goal_waypoint received: [0.000, 5.500, 0.500] (overrides waypoint_x/y/z params)
[autopilot_sv_cbf_rate_node-3] [INFO] [1788181198.854267571] [uav_0.autopilot_sv_cbf_rate_node]: goal_waypoint received: [0.000, 5.500, 0.500] (overrides waypoint_x/y/z params)
[autopilot_sv_cbf_rate_node-3] [INFO] [1788181198.954276442] [uav_0.autopilot_sv_cbf_rate_node]: goal_waypoint received: [0.000, 5.500, 0.500] (overrides waypoint_x/y/z params)
[autopilot_sv_cbf_rate_node-3] [INFO] [1788181199.054357917] [uav_0.autopilot_sv_cbf_rate_node]: goal_waypoint received: [0.000, 5.500, 0.500] (overrides waypoint_x/y/z params)
[autopilot_sv_cbf_rate_node-3] [INFO] [1788181199.154222898] [uav_0.autopilot_sv_cbf_rate_node]: goal_waypoint received: [0.000, 5.500, 0.500] (overrides waypoint_x/y/z params)
[autopilot_sv_cbf_rate_node-3] [INFO] [1788181199.254133379] [uav_0.autopilot_sv_cbf_rate_node]: goal_waypoint received: [0.000, 5.500, 0.500] (overrides waypoint_x/y/z params)
[autopilot_sv_cbf_rate_node-3] [INFO] [1788181199.354115559] [uav_0.autopilot_sv_cbf_rate_node]: goal_waypoint received: [0.000, 5.500, 0.500] (overrides waypoint_x/y/z params)
[autopilot_sv_cbf_rate_node-3] [INFO] [1788181199.454090939] [uav_0.autopilot_sv_cbf_rate_node]: goal_waypoint received: [0.000, 5.500, 0.500] (overrides waypoint_x/y/z params)
[autopilot_sv_cbf_rate_node-3] [INFO] [1788181199.510580762] [uav_0.autopilot_sv_cbf_rate_node]: pos=[-4.38 8.36 -0.29]  T=29.448N  omega=[-1.503 0.197 0.000]  certified=4 uncertified=0  delta=0.0000  gamma=5.000(fixed)  feasible=1
[autopilot_sv_cbf_rate_node-3] [INFO] [1788181199.554118518] [uav_0.autopilot_sv_cbf_rate_node]: goal_waypoint received: [0.000, 5.500, 0.500] (overrides waypoint_x/y/z params)
[autopilot_sv_cbf_rate_node-3] [INFO] [1788181199.654141097] [uav_0.autopilot_sv_cbf_rate_node]: goal_waypoint received: [0.000, 5.500, 0.500] (overrides waypoint_x/y/z params)
[autopilot_sv_cbf_rate_node-3] [INFO] [1788181199.754136677] [uav_0.autopilot_sv_cbf_rate_node]: goal_waypoint received: [0.000, 5.500, 0.500] (overrides waypoint_x/y/z params)
[autopilot_sv_cbf_rate_node-3] [INFO] [1788181199.854171056] [uav_0.autopilot_sv_cbf_rate_node]: goal_waypoint received: [0.000, 5.500, 0.500] (overrides waypoint_x/y/z params)
[autopilot_sv_cbf_rate_node-3] [INFO] [1788181199.954127137] [uav_0.autopilot_sv_cbf_rate_node]: goal_waypoint received: [0.000, 5.500, 0.500] (overrides waypoint_x/y/z params)
[autopilot_sv_cbf_rate_node-3] [INFO] [1788181200.054061621] [uav_0.autopilot_sv_cbf_rate_node]: goal_waypoint received: [0.000, 5.500, 0.500] (overrides waypoint_x/y/z params)
[autopilot_sv_cbf_rate_node-3] [INFO] [1788181200.154069209] [uav_0.autopilot_sv_cbf_rate_node]: goal_waypoint received: [0.000, 5.500, 0.500] (overrides waypoint_x/y/z params)
[autopilot_sv_cbf_rate_node-3] [INFO] [1788181200.254114196] [uav_0.autopilot_sv_cbf_rate_node]: goal_waypoint received: [0.000, 5.500, 0.500] (overrides waypoint_x/y/z params)
[autopilot_sv_cbf_rate_node-3] [INFO] [1788181200.354244083] [uav_0.autopilot_sv_cbf_rate_node]: goal_waypoint received: [0.000, 5.500, 0.500] (overrides waypoint_x/y/z params)
[autopilot_sv_cbf_rate_node-3] [INFO] [1788181200.454125172] [uav_0.autopilot_sv_cbf_rate_node]: goal_waypoint received: [0.000, 5.500, 0.500] (overrides waypoint_x/y/z params)
[autopilot_sv_cbf_rate_node-3] [INFO] [1788181200.510638400] [uav_0.autopilot_sv_cbf_rate_node]: pos=[-3.93 7.27 -0.30]  T=30.172N  omega=[1.350 -1.464 0.000]  certified=5 uncertified=0  delta=0.0000  gamma=5.000(fixed)  feasible=1
[autopilot_sv_cbf_rate_node-3] [INFO] [1788181200.554165159] [uav_0.autopilot_sv_cbf_rate_node]: goal_waypoint received: [0.000, 5.500, 0.500] (overrides waypoint_x/y/z params)
[autopilot_sv_cbf_rate_node-3] [INFO] [1788181200.654060548] [uav_0.autopilot_sv_cbf_rate_node]: goal_waypoint received: [0.000, 5.500, 0.500] (overrides waypoint_x/y/z params)
[autopilot_sv_cbf_rate_node-3] [INFO] [1788181200.754135935] [uav_0.autopilot_sv_cbf_rate_node]: goal_waypoint received: [0.000, 5.500, 0.500] (overrides waypoint_x/y/z params)
[autopilot_sv_cbf_rate_node-3] [INFO] [1788181200.854055424] [uav_0.autopilot_sv_cbf_rate_node]: goal_waypoint received: [0.000, 5.500, 0.500] (overrides waypoint_x/y/z params)
[autopilot_sv_cbf_rate_node-3] [INFO] [1788181200.954246510] [uav_0.autopilot_sv_cbf_rate_node]: goal_waypoint received: [0.000, 5.500, 0.500] (overrides waypoint_x/y/z params)
[autopilot_sv_cbf_rate_node-3] [INFO] [1788181201.054146192] [uav_0.autopilot_sv_cbf_rate_node]: goal_waypoint received: [0.000, 5.500, 0.500] (overrides waypoint_x/y/z params)
[autopilot_sv_cbf_rate_node-3] [INFO] [1788181201.154334235] [uav_0.autopilot_sv_cbf_rate_node]: goal_waypoint received: [0.000, 5.500, 0.500] (overrides waypoint_x/y/z params)
[autopilot_sv_cbf_rate_node-3] [INFO] [1788181201.254114385] [uav_0.autopilot_sv_cbf_rate_node]: goal_waypoint received: [0.000, 5.500, 0.500] (overrides waypoint_x/y/z params)
[autopilot_sv_cbf_rate_node-3] [INFO] [1788181201.354111831] [uav_0.autopilot_sv_cbf_rate_node]: goal_waypoint received: [0.000, 5.500, 0.500] (overrides waypoint_x/y/z params)
[autopilot_sv_cbf_rate_node-3] [INFO] [1788181201.454418773] [uav_0.autopilot_sv_cbf_rate_node]: goal_waypoint received: [0.000, 5.500, 0.500] (overrides waypoint_x/y/z params)
[autopilot_sv_cbf_rate_node-3] [INFO] [1788181201.510602000] [uav_0.autopilot_sv_cbf_rate_node]: pos=[-2.54 5.06 -0.30]  T=33.029N  omega=[0.857 -0.409 0.000]  certified=5 uncertified=0  delta=0.0000  gamma=5.000(fixed)  feasible=1
[autopilot_sv_cbf_rate_node-3] [INFO] [1788181201.554174823] [uav_0.autopilot_sv_cbf_rate_node]: goal_waypoint received: [0.000, 5.500, 0.500] (overrides waypoint_x/y/z params)
[autopilot_sv_cbf_rate_node-3] [INFO] [1788181201.654220669] [uav_0.autopilot_sv_cbf_rate_node]: goal_waypoint received: [0.000, 5.500, 0.500] (overrides waypoint_x/y/z params)
[autopilot_sv_cbf_rate_node-3] [INFO] [1788181201.754151317] [uav_0.autopilot_sv_cbf_rate_node]: goal_waypoint received: [0.000, 5.500, 0.500] (overrides waypoint_x/y/z params)
[autopilot_sv_cbf_rate_node-3] [INFO] [1788181201.854162863] [uav_0.autopilot_sv_cbf_rate_node]: goal_waypoint received: [0.000, 5.500, 0.500] (overrides waypoint_x/y/z params)
[autopilot_sv_cbf_rate_node-3] [INFO] [1788181201.954229708] [uav_0.autopilot_sv_cbf_rate_node]: goal_waypoint received: [0.000, 5.500, 0.500] (overrides waypoint_x/y/z params)
[autopilot_sv_cbf_rate_node-3] [INFO] [1788181202.054195960] [uav_0.autopilot_sv_cbf_rate_node]: goal_waypoint received: [0.000, 5.500, 0.500] (overrides waypoint_x/y/z params)
[autopilot_sv_cbf_rate_node-3] [INFO] [1788181202.154131215] [uav_0.autopilot_sv_cbf_rate_node]: goal_waypoint received: [0.000, 5.500, 0.500] (overrides waypoint_x/y/z params)
[autopilot_sv_cbf_rate_node-3] [INFO] [1788181202.254103570] [uav_0.autopilot_sv_cbf_rate_node]: goal_waypoint received: [0.000, 5.500, 0.500] (overrides waypoint_x/y/z params)
[autopilot_sv_cbf_rate_node-3] [INFO] [1788181202.354077425] [uav_0.autopilot_sv_cbf_rate_node]: goal_waypoint received: [0.000, 5.500, 0.500] (overrides waypoint_x/y/z params)
[autopilot_sv_cbf_rate_node-3] [INFO] [1788181202.454136779] [uav_0.autopilot_sv_cbf_rate_node]: goal_waypoint received: [0.000, 5.500, 0.500] (overrides waypoint_x/y/z params)
[autopilot_sv_cbf_rate_node-3] [INFO] [1788181202.510537707] [uav_0.autopilot_sv_cbf_rate_node]: pos=[-2.66 6.92 -0.28]  T=29.429N  omega=[-0.573 -2.229 0.000]  certified=5 uncertified=0  delta=0.0000  gamma=5.000(fixed)  feasible=1
[autopilot_sv_cbf_rate_node-3] [INFO] [1788181202.554124034] [uav_0.autopilot_sv_cbf_rate_node]: goal_waypoint received: [0.000, 5.500, 0.500] (overrides waypoint_x/y/z params)
[autopilot_sv_cbf_rate_node-3] [INFO] [1788181202.654128088] [uav_0.autopilot_sv_cbf_rate_node]: goal_waypoint received: [0.000, 5.500, 0.500] (overrides waypoint_x/y/z params)
[autopilot_sv_cbf_rate_node-3] [INFO] [1788181202.754095044] [uav_0.autopilot_sv_cbf_rate_node]: goal_waypoint received: [0.000, 5.500, 0.500] (overrides waypoint_x/y/z params)
[autopilot_sv_cbf_rate_node-3] [INFO] [1788181202.854110498] [uav_0.autopilot_sv_cbf_rate_node]: goal_waypoint received: [0.000, 5.500, 0.500] (overrides waypoint_x/y/z params)
[autopilot_sv_cbf_rate_node-3] [INFO] [1788181202.954087553] [uav_0.autopilot_sv_cbf_rate_node]: goal_waypoint received: [0.000, 5.500, 0.500] (overrides waypoint_x/y/z params)
[autopilot_sv_cbf_rate_node-3] [INFO] [1788181203.054237009] [uav_0.autopilot_sv_cbf_rate_node]: goal_waypoint received: [0.000, 5.500, 0.500] (overrides waypoint_x/y/z params)
[autopilot_sv_cbf_rate_node-3] [INFO] [1788181203.154148674] [uav_0.autopilot_sv_cbf_rate_node]: goal_waypoint received: [0.000, 5.500, 0.500] (overrides waypoint_x/y/z params)
[autopilot_sv_cbf_rate_node-3] [INFO] [1788181203.254111237] [uav_0.autopilot_sv_cbf_rate_node]: goal_waypoint received: [0.000, 5.500, 0.500] (overrides waypoint_x/y/z params)
[autopilot_sv_cbf_rate_node-3] [INFO] [1788181203.354047101] [uav_0.autopilot_sv_cbf_rate_node]: goal_waypoint received: [0.000, 5.500, 0.500] (overrides waypoint_x/y/z params)
[autopilot_sv_cbf_rate_node-3] [INFO] [1788181203.454202661] [uav_0.autopilot_sv_cbf_rate_node]: goal_waypoint received: [0.000, 5.500, 0.500] (overrides waypoint_x/y/z params)
[autopilot_sv_cbf_rate_node-3] [INFO] [1788181203.510584994] [uav_0.autopilot_sv_cbf_rate_node]: pos=[-3.62 7.37 -0.26]  T=28.735N  omega=[0.294 -1.987 0.000]  certified=5 uncertified=0  delta=0.0000  gamma=5.000(fixed)  feasible=1
[autopilot_sv_cbf_rate_node-3] [INFO] [1788181203.554074326] [uav_0.autopilot_sv_cbf_rate_node]: goal_waypoint received: [0.000, 5.500, 0.500] (overrides waypoint_x/y/z params)
[autopilot_sv_cbf_rate_node-3] [INFO] [1788181203.654100488] [uav_0.autopilot_sv_cbf_rate_node]: goal_waypoint received: [0.000, 5.500, 0.500] (overrides waypoint_x/y/z params)
[autopilot_sv_cbf_rate_node-3] [INFO] [1788181203.754099651] [uav_0.autopilot_sv_cbf_rate_node]: goal_waypoint received: [0.000, 5.500, 0.500] (overrides waypoint_x/y/z params)
[autopilot_sv_cbf_rate_node-3] [INFO] [1788181203.854109013] [uav_0.autopilot_sv_cbf_rate_node]: goal_waypoint received: [0.000, 5.500, 0.500] (overrides waypoint_x/y/z params)
[autopilot_sv_cbf_rate_node-3] [INFO] [1788181203.954067077] [uav_0.autopilot_sv_cbf_rate_node]: goal_waypoint received: [0.000, 5.500, 0.500] (overrides waypoint_x/y/z params)
[autopilot_sv_cbf_rate_node-3] [INFO] [1788181204.054131243] [uav_0.autopilot_sv_cbf_rate_node]: goal_waypoint received: [0.000, 5.500, 0.500] (overrides waypoint_x/y/z params)
[autopilot_sv_cbf_rate_node-3] [INFO] [1788181204.154335611] [uav_0.autopilot_sv_cbf_rate_node]: goal_waypoint received: [0.000, 5.500, 0.500] (overrides waypoint_x/y/z params)
[autopilot_sv_cbf_rate_node-3] [INFO] [1788181204.254227483] [uav_0.autopilot_sv_cbf_rate_node]: goal_waypoint received: [0.000, 5.500, 0.500] (overrides waypoint_x/y/z params)
[autopilot_sv_cbf_rate_node-3] [INFO] [1788181204.354268553] [uav_0.autopilot_sv_cbf_rate_node]: goal_waypoint received: [0.000, 5.500, 0.500] (overrides waypoint_x/y/z params)
[autopilot_sv_cbf_rate_node-3] [INFO] [1788181204.454278624] [uav_0.autopilot_sv_cbf_rate_node]: goal_waypoint received: [0.000, 5.500, 0.500] (overrides waypoint_x/y/z params)
[autopilot_sv_cbf_rate_node-3] [INFO] [1788181204.510520664] [uav_0.autopilot_sv_cbf_rate_node]: pos=[-3.66 6.75 -0.26]  T=29.921N  omega=[1.051 -0.508 0.000]  certified=5 uncertified=0  delta=0.0000  gamma=5.000(fixed)  feasible=1
[autopilot_sv_cbf_rate_node-3] [INFO] [1788181204.554256495] [uav_0.autopilot_sv_cbf_rate_node]: goal_waypoint received: [0.000, 5.500, 0.500] (overrides waypoint_x/y/z params)
[autopilot_sv_cbf_rate_node-3] [INFO] [1788181204.654148868] [uav_0.autopilot_sv_cbf_rate_node]: goal_waypoint received: [0.000, 5.500, 0.500] (overrides waypoint_x/y/z params)
[autopilot_sv_cbf_rate_node-3] [INFO] [1788181204.754217823] [uav_0.autopilot_sv_cbf_rate_node]: goal_waypoint received: [0.000, 5.500, 0.500] (overrides waypoint_x/y/z params)
[autopilot_sv_cbf_rate_node-3] [INFO] [1788181204.854197363] [uav_0.autopilot_sv_cbf_rate_node]: goal_waypoint received: [0.000, 5.500, 0.500] (overrides waypoint_x/y/z params)
[autopilot_sv_cbf_rate_node-3] [INFO] [1788181204.954128003] [uav_0.autopilot_sv_cbf_rate_node]: goal_waypoint received: [0.000, 5.500, 0.500] (overrides waypoint_x/y/z params)
[autopilot_sv_cbf_rate_node-3] [INFO] [1788181205.054256846] [uav_0.autopilot_sv_cbf_rate_node]: goal_waypoint received: [0.000, 5.500, 0.500] (overrides waypoint_x/y/z params)
[autopilot_sv_cbf_rate_node-3] [INFO] [1788181205.154158694] [uav_0.autopilot_sv_cbf_rate_node]: goal_waypoint received: [0.000, 5.500, 0.500] (overrides waypoint_x/y/z params)
[autopilot_sv_cbf_rate_node-3] [INFO] [1788181205.254207642] [uav_0.autopilot_sv_cbf_rate_node]: goal_waypoint received: [0.000, 5.500, 0.500] (overrides waypoint_x/y/z params)
[autopilot_sv_cbf_rate_node-3] [INFO] [1788181205.354368788] [uav_0.autopilot_sv_cbf_rate_node]: goal_waypoint received: [0.000, 5.500, 0.500] (overrides waypoint_x/y/z params)
[autopilot_sv_cbf_rate_node-3] [INFO] [1788181205.454126238] [uav_0.autopilot_sv_cbf_rate_node]: goal_waypoint received: [0.000, 5.500, 0.500] (overrides waypoint_x/y/z params)
[autopilot_sv_cbf_rate_node-3] [INFO] [1788181205.510499145] [uav_0.autopilot_sv_cbf_rate_node]: pos=[-3.02 8.80 -0.26]  T=28.729N  omega=[-0.175 0.280 0.000]  certified=4 uncertified=0  delta=0.0000  gamma=5.000(fixed)  feasible=1
[autopilot_sv_cbf_rate_node-3] [INFO] [1788181205.554083586] [uav_0.autopilot_sv_cbf_rate_node]: goal_waypoint received: [0.000, 5.500, 0.500] (overrides waypoint_x/y/z params)
[autopilot_sv_cbf_rate_node-3] [INFO] [1788181205.654068234] [uav_0.autopilot_sv_cbf_rate_node]: goal_waypoint received: [0.000, 5.500, 0.500] (overrides waypoint_x/y/z params)
[autopilot_sv_cbf_rate_node-3] [INFO] [1788181205.754093982] [uav_0.autopilot_sv_cbf_rate_node]: goal_waypoint received: [0.000, 5.500, 0.500] (overrides waypoint_x/y/z params)
[autopilot_sv_cbf_rate_node-3] [INFO] [1788181205.853955631] [uav_0.autopilot_sv_cbf_rate_node]: goal_waypoint received: [0.000, 5.500, 0.500] (overrides waypoint_x/y/z params)
[autopilot_sv_cbf_rate_node-3] [INFO] [1788181205.954104877] [uav_0.autopilot_sv_cbf_rate_node]: goal_waypoint received: [0.000, 5.500, 0.500] (overrides waypoint_x/y/z params)
[autopilot_sv_cbf_rate_node-3] [INFO] [1788181206.054116929] [uav_0.autopilot_sv_cbf_rate_node]: goal_waypoint received: [0.000, 5.500, 0.500] (overrides waypoint_x/y/z params)
[autopilot_sv_cbf_rate_node-3] [INFO] [1788181206.154064885] [uav_0.autopilot_sv_cbf_rate_node]: goal_waypoint received: [0.000, 5.500, 0.500] (overrides waypoint_x/y/z params)
[autopilot_sv_cbf_rate_node-3] [INFO] [1788181206.254055641] [uav_0.autopilot_sv_cbf_rate_node]: goal_waypoint received: [0.000, 5.500, 0.500] (overrides waypoint_x/y/z params)
[autopilot_sv_cbf_rate_node-3] [INFO] [1788181206.354179596] [uav_0.autopilot_sv_cbf_rate_node]: goal_waypoint received: [0.000, 5.500, 0.500] (overrides waypoint_x/y/z params)
[autopilot_sv_cbf_rate_node-3] [INFO] [1788181206.454068053] [uav_0.autopilot_sv_cbf_rate_node]: goal_waypoint received: [0.000, 5.500, 0.500] (overrides waypoint_x/y/z params)
[autopilot_sv_cbf_rate_node-3] [INFO] [1788181206.510501564] [uav_0.autopilot_sv_cbf_rate_node]: pos=[-3.71 9.40 -0.24]  T=28.134N  omega=[-0.563 -2.299 0.000]  certified=2 uncertified=0  delta=0.0000  gamma=5.000(fixed)  feasible=1
[autopilot_sv_cbf_rate_node-3] [INFO] [1788181206.554128108] [uav_0.autopilot_sv_cbf_rate_node]: goal_waypoint received: [0.000, 5.500, 0.500] (overrides waypoint_x/y/z params)
[autopilot_sv_cbf_rate_node-3] [INFO] [1788181206.654105064] [uav_0.autopilot_sv_cbf_rate_node]: goal_waypoint received: [0.000, 5.500, 0.500] (overrides waypoint_x/y/z params)
[autopilot_sv_cbf_rate_node-3] [INFO] [1788181206.754149820] [uav_0.autopilot_sv_cbf_rate_node]: goal_waypoint received: [0.000, 5.500, 0.500] (overrides waypoint_x/y/z params)
[autopilot_sv_cbf_rate_node-3] [INFO] [1788181206.854122976] [uav_0.autopilot_sv_cbf_rate_node]: goal_waypoint received: [0.000, 5.500, 0.500] (overrides waypoint_x/y/z params)
[autopilot_sv_cbf_rate_node-3] [INFO] [1788181206.954090132] [uav_0.autopilot_sv_cbf_rate_node]: goal_waypoint received: [0.000, 5.500, 0.500] (overrides waypoint_x/y/z params)
[autopilot_sv_cbf_rate_node-3] [INFO] [1788181207.054408189] [uav_0.autopilot_sv_cbf_rate_node]: goal_waypoint received: [0.000, 5.500, 0.500] (overrides waypoint_x/y/z params)
[autopilot_sv_cbf_rate_node-3] [INFO] [1788181207.154182055] [uav_0.autopilot_sv_cbf_rate_node]: goal_waypoint received: [0.000, 5.500, 0.500] (overrides waypoint_x/y/z params)
[autopilot_sv_cbf_rate_node-3] [INFO] [1788181207.254145119] [uav_0.autopilot_sv_cbf_rate_node]: goal_waypoint received: [0.000, 5.500, 0.500] (overrides waypoint_x/y/z params)
[autopilot_sv_cbf_rate_node-3] [INFO] [1788181207.354215482] [uav_0.autopilot_sv_cbf_rate_node]: goal_waypoint received: [0.000, 5.500, 0.500] (overrides waypoint_x/y/z params)
[autopilot_sv_cbf_rate_node-3] [INFO] [1788181207.454211446] [uav_0.autopilot_sv_cbf_rate_node]: goal_waypoint received: [0.000, 5.500, 0.500] (overrides waypoint_x/y/z params)
[autopilot_sv_cbf_rate_node-3] [INFO] [1788181207.510533063] [uav_0.autopilot_sv_cbf_rate_node]: pos=[-5.31 8.19 -0.25]  T=28.287N  omega=[-0.585 -0.041 0.000]  certified=3 uncertified=0  delta=0.0000  gamma=5.000(fixed)  feasible=1
[autopilot_sv_cbf_rate_node-3] [INFO] [1788181207.554122011] [uav_0.autopilot_sv_cbf_rate_node]: goal_waypoint received: [0.000, 5.500, 0.500] (overrides waypoint_x/y/z params)
[autopilot_sv_cbf_rate_node-3] [INFO] [1788181207.654144075] [uav_0.autopilot_sv_cbf_rate_node]: goal_waypoint received: [0.000, 5.500, 0.500] (overrides waypoint_x/y/z params)
[autopilot_sv_cbf_rate_node-3] [INFO] [1788181207.754100939] [uav_0.autopilot_sv_cbf_rate_node]: goal_waypoint received: [0.000, 5.500, 0.500] (overrides waypoint_x/y/z params)
